position,hand,open,limp,actions
UTG RFI,22,6.4985331104e-05,0,"{""fold"": 0.9999351, ""raise 4"": 8.9906464e-08, ""raise 5"": 6.397583e-05, ""allin"": 9.1959464e-07}"
UTG RFI,33,8.8279870682e-05,0,"{""fold"": 0.99991167, ""raise 4"": 8.798919e-05, ""raise 5"": 2.7767763e-07, ""allin"": 1.3003052e-08}"
UTG RFI,44,0.001348077654,0,"{""fold"": 0.99865186, ""raise 4"": 7.9565034e-05, ""raise 5"": 0.0008120101, ""allin"": 0.00045650252}"
UTG RFI,55,0.7033576597,0,"{""fold"": 0.29664242, ""raise 4"": 0.5203677, ""raise 5"": 0.17663203, ""allin"": 0.0063579297}"
UTG RFI,66,0.9999998090000001,0,"{""fold"": 1.4340826e-07, ""raise 4"": 0.36707494, ""raise 5"": 0.6304317, ""allin"": 0.002493169}"
UTG RFI,77,1.000000028901,0,"{""fold"": 2.1050231e-10, ""raise 4"": 3.2771717e-05, ""raise 5"": 0.99992585, ""allin"": 4.1407184e-05}"
UTG RFI,88,0.99999994946,0,"{""fold"": 1.2001806e-08, ""raise 4"": 0.9989436, ""raise 5"": 0.00088194356, ""allin"": 0.0001744059}"
UTG RFI,99,0.999999929177,0,"{""fold"": 1.9599401e-10, ""raise 4"": 0.05520378, ""raise 5"": 0.9447901, ""allin"": 6.049177e-06}"
UTG RFI,TT,1.0000000500000001,0,"{""fold"": 2.1413733e-10, ""raise 4"": 0.6416393, ""raise 5"": 0.28337926, ""allin"": 0.07498149}"
UTG RFI,JJ,1.00000001,0,"{""fold"": 2.2536055e-09, ""raise 4"": 0.22026499, ""raise 5"": 0.6130997, ""allin"": 0.16663532}"
UTG RFI,QQ,0.9999999740000001,0,"{""fold"": 9.071027e-09, ""raise 4"": 0.39252985, ""raise 5"": 0.48337838, ""allin"": 0.124091744}"
UTG RFI,KK,1.000000008742,0,"{""fold"": 5.797449e-10, ""raise 4"": 0.076150194, ""raise 5"": 0.9238186, ""allin"": 3.1214742e-05}"
UTG RFI,AA,1.0000000126170001,0,"{""fold"": 6.205137e-11, ""raise 4"": 0.9951111, ""raise 5"": 0.0048541683, ""allin"": 3.4744317e-05}"
UTG RFI,32s,2.3442033199999997e-06,0,"{""fold"": 0.9999976, ""raise 4"": 1.9667248e-06, ""raise 5"": 2.5415426e-07, ""allin"": 1.2332426e-07}"
UTG RFI,42s,2.483558e-07,0,"{""fold"": 0.9999997, ""raise 4"": 5.496291e-08, ""raise 5"": 4.986621e-08, ""allin"": 1.4352668e-07}"
UTG RFI,43s,1.022915444e-05,0,"{""fold"": 0.9999898, ""raise 4"": 6.3113725e-06, ""raise 5"": 3.5662794e-07, ""allin"": 3.561154e-06}"
UTG RFI,52s,3.68989264e-09,0,"{""fold"": 1.0, ""raise 4"": 1.9664323e-10, ""raise 5"": 5.955251e-11, ""allin"": 3.4336969e-09}"
UTG RFI,53s,1.19620614e-08,0,"{""fold"": 1.0, ""raise 4"": 1.0976152e-09, ""raise 5"": 1.0976152e-09, ""allin"": 9.766831e-09}"
UTG RFI,54s,8.9655266853e-06,0,"{""fold"": 0.99999106, ""raise 4"": 1.0713376e-07, ""raise 5"": 3.6379253e-09, ""allin"": 8.854755e-06}"
UTG RFI,62s,1.65162379e-07,0,"{""fold"": 0.9999998, ""raise 4"": 8.576842e-08, ""raise 5"": 6.319513e-08, ""allin"": 1.6198829e-08}"
UTG RFI,63s,2.4650264133e-05,0,"{""fold"": 0.9999754, ""raise 4"": 9.421978e-09, ""raise 5"": 8.906155e-09, ""allin"": 2.4631936e-05}"
UTG RFI,64s,6.798091864999999e-05,0,"{""fold"": 0.99993193, ""raise 4"": 6.355159e-07, ""raise 5"": 6.712833e-05, ""allin"": 2.1707275e-07}"
UTG RFI,65s,2.606362508e-06,0,"{""fold"": 0.9999974, ""raise 4"": 7.608085e-10, ""raise 5"": 8.490995e-10, ""allin"": 2.6047526e-06}"
UTG RFI,72s,4.642427097e-08,0,"{""fold"": 1.0, ""raise 4"": 3.768802e-08, ""raise 5"": 8.290886e-09, ""allin"": 4.4536497e-10}"
UTG RFI,73s,5.1030033000000003e-11,0,"{""fold"": 1.0, ""raise 4"": 1.7010011e-11, ""raise 5"": 1.7010011e-11, ""allin"": 1.7010011e-11}"
UTG RFI,74s,1.348869679e-06,0,"{""fold"": 0.9999987, ""raise 4"": 9.3656115e-07, ""raise 5"": 4.0542386e-07, ""allin"": 6.884669e-09}"
UTG RFI,75s,1.47192172183e-07,0,"{""fold"": 0.9999998, ""raise 4"": 1.9760225e-08, ""raise 5"": 1.2741327e-07, ""allin"": 1.8677183e-11}"
UTG RFI,76s,7.2784557500000005e-06,0,"{""fold"": 0.9999928, ""raise 4"": 7.6319685e-07, ""raise 5"": 1.0116759e-06, ""allin"": 5.503583e-06}"
UTG RFI,82s,3.4902545499999997e-07,0,"{""fold"": 0.9999997, ""raise 4"": 3.0275896e-07, ""raise 5"": 3.768134e-08, ""allin"": 8.585155e-09}"
UTG RFI,83s,2.5584786937999998e-05,0,"{""fold"": 0.9999744, ""raise 4"": 1.204146e-08, ""raise 5"": 7.844478e-09, ""allin"": 2.5564901e-05}"
UTG RFI,84s,2.1958050336899998e-05,0,"{""fold"": 0.99997807, ""raise 4"": 2.084369e-10, ""raise 5"": 1.989114e-05, ""allin"": 2.0667019e-06}"
UTG RFI,85s,8.915664100000001e-07,0,"{""fold"": 0.9999991, ""raise 4"": 4.9113225e-07, ""raise 5"": 7.960169e-08, ""allin"": 3.2083247e-07}"
UTG RFI,86s,0.000131387883,0,"{""fold"": 0.99986863, ""raise 4"": 0.00011063057, ""raise 5"": 8.797029e-06, ""allin"": 1.1960284e-05}"
UTG RFI,87s,0.0004128638178,0,"{""fold"": 0.9995871, ""raise 4"": 0.0003575401, ""raise 5"": 5.4240612e-05, ""allin"": 1.0831058e-06}"
UTG RFI,92s,2.01374084e-07,0,"{""fold"": 0.9999998, ""raise 4"": 9.020656e-08, ""raise 5"": 1.0525205e-07, ""allin"": 5.915474e-09}"
UTG RFI,93s,1.328513748e-07,0,"{""fold"": 0.9999998, ""raise 4"": 1.1333332e-09, ""raise 5"": 1.3007214e-07, ""allin"": 1.6459016e-09}"
UTG RFI,94s,7.86593923e-09,0,"{""fold"": 1.0, ""raise 4"": 2.415221e-09, ""raise 5"": 5.0390434e-09, ""allin"": 4.1167483e-10}"
UTG RFI,95s,1.030515282e-05,0,"{""fold"": 0.9999897, ""raise 4"": 2.354129e-07, ""raise 5"": 2.4933192e-07, ""allin"": 9.820408e-06}"
UTG RFI,96s,6.31733017207e-05,0,"{""fold"": 0.9999369, ""raise 4"": 5.365523e-05, ""raise 5"": 2.2177207e-09, ""allin"": 9.515854e-06}"
UTG RFI,97s,0.000106240937,0,"{""fold"": 0.99989384, ""raise 4"": 7.733316e-05, ""raise 5"": 7.101483e-06, ""allin"": 2.1806294e-05}"
UTG RFI,98s,4.1169105e-06,0,"{""fold"": 0.99999595, ""raise 4"": 9.142925e-07, ""raise 5"": 2.3760995e-06, ""allin"": 8.265185e-07}"
UTG RFI,T2s,2.3108458543e-07,0,"{""fold"": 0.99999976, ""raise 4"": 2.3041247e-07, ""raise 5"": 4.5984427e-10, ""allin"": 2.1227116e-10}"
UTG RFI,T3s,4.80381093e-08,0,"{""fold"": 1.0, ""raise 4"": 3.3550954e-08, ""raise 5"": 8.547233e-09, ""allin"": 5.9399223e-09}"
UTG RFI,T4s,3.2349098e-05,0,"{""fold"": 0.99996763, ""raise 4"": 2.1701804e-05, ""raise 5"": 3.08844e-07, ""allin"": 1.033845e-05}"
UTG RFI,T5s,4.9836985436e-07,0,"{""fold"": 0.9999995, ""raise 4"": 3.4620376e-10, ""raise 5"": 4.934714e-07, ""allin"": 4.5522506e-09}"
UTG RFI,T6s,2.0928961e-05,0,"{""fold"": 0.9999791, ""raise 4"": 1.0215587e-06, ""raise 5"": 1.8578934e-05, ""allin"": 1.3284683e-06}"
UTG RFI,T7s,2.22802685e-06,0,"{""fold"": 0.9999978, ""raise 4"": 8.209563e-07, ""raise 5"": 3.7870535e-07, ""allin"": 1.0283652e-06}"
UTG RFI,T8s,0.00031842979653,0,"{""fold"": 0.9996816, ""raise 4"": 3.3438653e-07, ""raise 5"": 0.000304288, ""allin"": 1.380741e-05}"
UTG RFI,T9s,0.00184249196,0,"{""fold"": 0.9981575, ""raise 4"": 0.00033231033, ""raise 5"": 0.00039283113, ""allin"": 0.0011173505}"
UTG RFI,J2s,7.49976181e-05,0,"{""fold"": 0.99992496, ""raise 4"": 3.018438e-05, ""raise 5"": 1.7531181e-06, ""allin"": 4.306012e-05}"
UTG RFI,J3s,1.685756854e-05,0,"{""fold"": 0.99998313, ""raise 4"": 3.0551892e-06, ""raise 5"": 1.3124011e-05, ""allin"": 6.7836834e-07}"
UTG RFI,J4s,5.9678904e-10,0,"{""fold"": 1.0, ""raise 4"": 1.9892968e-10, ""raise 5"": 1.9892968e-10, ""allin"": 1.9892968e-10}"
UTG RFI,J5s,4.4865642920000005e-05,0,"{""fold"": 0.9999551, ""raise 4"": 2.5625236e-06, ""raise 5"": 4.2221593e-05, ""allin"": 8.152632e-08}"
UTG RFI,J6s,4.4313945e-05,0,"{""fold"": 0.99995565, ""raise 4"": 2.67146e-05, ""raise 5"": 1.527364e-06, ""allin"": 1.6071981e-05}"
UTG RFI,J7s,2.60523460507e-05,0,"{""fold"": 0.999974, ""raise 4"": 2.6046291e-05, ""raise 5"": 4.689891e-09, ""allin"": 1.3651597e-09}"
UTG RFI,J8s,0.00028875079,0,"{""fold"": 0.9997113, ""raise 4"": 4.1939755e-05, ""raise 5"": 0.00018719102, ""allin"": 5.9620015e-05}"
UTG RFI,J9s,0.0038971922,0,"{""fold"": 0.9961028, ""raise 4"": 0.0025375471, ""raise 5"": 0.0007846936, ""allin"": 0.0005749515}"
UTG RFI,JTs,0.053641394926,0,"{""fold"": 0.9463587, ""raise 4"": 7.8051926e-05, ""raise 5"": 0.0512495, ""allin"": 0.002313843}"
UTG RFI,Q2s,2.302715463e-06,0,"{""fold"": 0.9999977, ""raise 4"": 8.5001e-07, ""raise 5"": 4.2250463e-08, ""allin"": 1.410455e-06}"
UTG RFI,Q3s,1.72955904992e-07,0,"{""fold"": 0.9999998, ""raise 4"": 1.11127496e-10, ""raise 5"": 1.7273365e-07, ""allin"": 1.11127496e-10}"
UTG RFI,Q4s,7.987654834e-05,0,"{""fold"": 0.99992007, ""raise 4"": 1.3021534e-07, ""raise 5"": 2.8637163e-05, ""allin"": 5.110917e-05}"
UTG RFI,Q5s,0.000925407215,0,"{""fold"": 0.99907464, ""raise 4"": 0.0008238626, ""raise 5"": 8.426958e-05, ""allin"": 1.7275035e-05}"
UTG RFI,Q6s,0.00057351675,0,"{""fold"": 0.9994265, ""raise 4"": 0.00016970132, ""raise 5"": 0.0003908217, ""allin"": 1.299373e-05}"
UTG RFI,Q7s,0.00021551516206,0,"{""fold"": 0.99978447, ""raise 4"": 8.151841e-07, ""raise 5"": 0.00021463535, ""allin"": 6.462796e-08}"
UTG RFI,Q8s,0.000834803974,0,"{""fold"": 0.9991652, ""raise 4"": 0.000315604, ""raise 5"": 0.00044548887, ""allin"": 7.3711104e-05}"
UTG RFI,Q9s,0.002374736598,0,"{""fold"": 0.9976253, ""raise 4"": 0.0017533863, ""raise 5"": 0.0006184239, ""allin"": 2.926398e-06}"
UTG RFI,QTs,0.9999995970000001,0,"{""fold"": 3.9224847e-07, ""raise 4"": 0.99844635, ""raise 5"": 0.0015110156, ""allin"": 4.22314e-05}"
UTG RFI,QJs,0.967578393,0,"{""fold"": 0.032421645, ""raise 4"": 0.14332877, ""raise 5"": 0.81785786, ""allin"": 0.006391763}"
UTG RFI,K2s,0.000590369524,0,"{""fold"": 0.9994096, ""raise 4"": 7.3178664e-05, ""raise 5"": 0.00047177408, ""allin"": 4.541678e-05}"
UTG RFI,K3s,0.000394038367096,0,"{""fold"": 0.9996059, ""raise 4"": 4.1697096e-08, ""raise 5"": 0.00018608544, ""allin"": 0.00020791123}"
UTG RFI,K4s,0.0009240152040000001,0,"{""fold"": 0.99907595, ""raise 4"": 6.755224e-06, ""raise 5"": 0.00078710023, ""allin"": 0.00013015975}"
UTG RFI,K5s,0.000384172754,0,"{""fold"": 0.9996159, ""raise 4"": 1.6178124e-05, ""raise 5"": 6.872675e-05, ""allin"": 0.00029926788}"
UTG RFI,K6s,0.00072708060639,0,"{""fold"": 0.99927294, ""raise 4"": 5.9787914e-07, ""raise 5"": 1.2148725e-07, ""allin"": 0.00072636124}"
UTG RFI,K7s,0.0008188525490000001,0,"{""fold"": 0.9991811, ""raise 4"": 2.6901509e-05, ""raise 5"": 0.00049535674, ""allin"": 0.0002965943}"
UTG RFI,K8s,0.0034522499669999997,0,"{""fold"": 0.9965477, ""raise 4"": 0.00048755706, ""raise 5"": 0.0029073597, ""allin"": 5.7333207e-05}"
UTG RFI,K9s,0.4055951904175,0,"{""fold"": 0.5944048, ""raise 4"": 0.0022296729, ""raise 5"": 0.4033613, ""allin"": 4.2175175e-06}"
UTG RFI,KTs,1.000000015921,0,"{""fold"": 8.9536395e-10, ""raise 4"": 0.75564325, ""raise 5"": 0.24433899, ""allin"": 1.7775921e-05}"
UTG RFI,KJs,0.99999974892289,0,"{""fold"": 2.801805e-07, ""raise 4"": 0.979512, ""raise 5"": 0.020487653, ""allin"": 9.592289e-08}"
UTG RFI,KQs,0.9999999507539999,0,"{""fold"": 1.0541047e-08, ""raise 4"": 0.9405087, ""raise 5"": 1.8950754e-05, ""allin"": 0.0594723}"
UTG RFI,A2s,0.026328933500000002,0,"{""fold"": 0.973671, ""raise 4"": 0.020777024, ""raise 5"": 0.0048416667, ""allin"": 0.0007102428}"
UTG RFI,A3s,0.4660454641,0,"{""fold"": 0.53395456, ""raise 4"": 0.45388466, ""raise 5"": 0.0119999, ""allin"": 0.0001609041}"
UTG RFI,A4s,0.4809447168,0,"{""fold"": 0.5190553, ""raise 4"": 0.47719476, ""raise 5"": 0.003374926, ""allin"": 0.0003750308}"
UTG RFI,A5s,0.99999998442,0,"{""fold"": 1.3266885e-08, ""raise 4"": 0.99772835, ""raise 5"": 0.0019681042, ""allin"": 0.00030353022}"
UTG RFI,A6s,0.045103797,0,"{""fold"": 0.95489615, ""raise 4"": 0.024317447, ""raise 5"": 0.014783439, ""allin"": 0.006002911}"
UTG RFI,A7s,0.48844172820000004,0,"{""fold"": 0.5115582, ""raise 4"": 0.4539673, ""raise 5"": 0.034438454, ""allin"": 3.59742e-05}"
UTG RFI,A8s,0.99999997274,0,"{""fold"": 2.047311e-09, ""raise 4"": 5.831274e-05, ""raise 5"": 0.9629358, ""allin"": 0.03700586}"
UTG RFI,A9s,1.0000000285000001,0,"{""fold"": 3.6193089e-09, ""raise 4"": 0.6362442, ""raise 5"": 0.36190897, ""allin"": 0.0018468585}"
UTG RFI,ATs,1.0000000304198184,0,"{""fold"": 1.00695875e-10, ""raise 4"": 0.83303255, ""raise 5"": 4.1981846e-10, ""allin"": 0.16696748}"
UTG RFI,AJs,1.0000000170506145,0,"{""fold"": 6.168085e-10, ""raise 4"": 0.9999767, ""raise 5"": 8.9161434e-10, ""allin"": 2.3316159e-05}"
UTG RFI,AQs,0.9999999340000001,0,"{""fold"": 4.692474e-08, ""raise 4"": 0.55087733, ""raise 5"": 0.37780818, ""allin"": 0.071314424}"
UTG RFI,AKs,1.0000000073297,0,"{""fold"": 1.6749802e-08, ""raise 4"": 0.0017590737, ""raise 5"": 2.836297e-07, ""allin"": 0.99824065}"
UTG RFI,32o,8.243625252e-09,0,"{""fold"": 1.0, ""raise 4"": 7.577461e-09, ""raise 5"": 6.3565736e-10, ""allin"": 3.0506892e-11}"
UTG RFI,42o,2.1479013e-11,0,"{""fold"": 1.0, ""raise 4"": 7.159671e-12, ""raise 5"": 7.159671e-12, ""allin"": 7.159671e-12}"
UTG RFI,43o,6.06691621e-09,0,"{""fold"": 1.0, ""raise 4"": 4.6792725e-09, ""raise 5"": 1.1749539e-09, ""allin"": 2.1268981e-10}"
UTG RFI,52o,2.62876696e-08,0,"{""fold"": 1.0, ""raise 4"": 5.374728e-10, ""raise 5"": 7.1031168e-09, ""allin"": 1.864708e-08}"
UTG RFI,53o,3.10659668e-09,0,"{""fold"": 1.0, ""raise 4"": 1.9957485e-09, ""raise 5"": 2.3311628e-10, ""allin"": 8.777319e-10}"
UTG RFI,54o,3.83719097e-08,0,"{""fold"": 1.0, ""raise 4"": 2.7941812e-08, ""raise 5"": 6.140275e-09, ""allin"": 4.2898227e-09}"
UTG RFI,62o,2.100393156e-09,0,"{""fold"": 1.0, ""raise 4"": 1.8322328e-11, ""raise 5"": 2.0637485e-09, ""allin"": 1.8322328e-11}"
UTG RFI,63o,2.94665255e-07,0,"{""fold"": 0.9999997, ""raise 4"": 1.2451665e-07, ""raise 5"": 1.425865e-09, ""allin"": 1.6872274e-07}"
UTG RFI,64o,1.05527661e-06,0,"{""fold"": 0.9999988, ""raise 4"": 7.681756e-08, ""raise 5"": 2.7219085e-07, ""allin"": 7.062682e-07}"
UTG RFI,65o,1.140494516e-06,0,"{""fold"": 0.9999989, ""raise 4"": 8.3998907e-07, ""raise 5"": 2.5128247e-07, ""allin"": 4.9222976e-08}"
UTG RFI,72o,3.8809388999999996e-12,0,"{""fold"": 1.0, ""raise 4"": 1.2936463e-12, ""raise 5"": 1.2936463e-12, ""allin"": 1.2936463e-12}"
UTG RFI,73o,2.18996565e-08,0,"{""fold"": 1.0, ""raise 4"": 9.4929735e-09, ""raise 5"": 5.119899e-09, ""allin"": 7.286784e-09}"
UTG RFI,74o,4.22715776e-07,0,"{""fold"": 0.9999996, ""raise 4"": 4.584616e-09, ""raise 5"": 3.1848066e-07, ""allin"": 9.96505e-08}"
UTG RFI,75o,1.41387073e-07,0,"{""fold"": 0.99999976, ""raise 4"": 6.463423e-09, ""raise 5"": 6.042609e-08, ""allin"": 7.449756e-08}"
UTG RFI,76o,2.32411102e-06,0,"{""fold"": 0.99999774, ""raise 4"": 1.1282512e-07, ""raise 5"": 1.6494159e-06, ""allin"": 5.6187e-07}"
UTG RFI,82o,1.275216766e-08,0,"{""fold"": 1.0, ""raise 4"": 3.3043193e-09, ""raise 5"": 8.988284e-09, ""allin"": 4.5956436e-10}"
UTG RFI,83o,8.4326285e-08,0,"{""fold"": 1.0, ""raise 4"": 1.0405281e-08, ""raise 5"": 3.2629274e-08, ""allin"": 4.129173e-08}"
UTG RFI,84o,3.227636115e-07,0,"{""fold"": 0.99999964, ""raise 4"": 5.9816445e-09, ""raise 5"": 3.0152177e-07, ""allin"": 1.5260197e-08}"
UTG RFI,85o,1.518797445e-06,0,"{""fold"": 0.9999985, ""raise 4"": 1.0184517e-06, ""raise 5"": 4.0787685e-07, ""allin"": 9.2468895e-08}"
UTG RFI,86o,1.1831142320000001e-07,0,"{""fold"": 0.9999999, ""raise 4"": 3.0400557e-08, ""raise 5"": 8.506472e-08, ""allin"": 2.8461462e-09}"
UTG RFI,87o,2.50299052e-08,0,"{""fold"": 1.0, ""raise 4"": 1.29085835e-08, ""raise 5"": 7.2720945e-09, ""allin"": 4.8492272e-09}"
UTG RFI,92o,9.74250631e-07,0,"{""fold"": 0.99999905, ""raise 4"": 8.916757e-07, ""raise 5"": 7.228225e-08, ""allin"": 1.0292681e-08}"
UTG RFI,93o,2.4619929058e-07,0,"{""fold"": 0.99999976, ""raise 4"": 1.9417208e-10, ""raise 5"": 6.047485e-10, ""allin"": 2.4540037e-07}"
UTG RFI,94o,5.4932995200000005e-08,0,"{""fold"": 1.0, ""raise 4"": 1.987747e-10, ""raise 5"": 4.934775e-10, ""allin"": 5.4240743e-08}"
UTG RFI,95o,1.58302709e-06,0,"{""fold"": 0.9999984, ""raise 4"": 6.1325795e-07, ""raise 5"": 6.4294517e-07, ""allin"": 3.2682397e-07}"
UTG RFI,96o,8.86803348e-07,0,"{""fold"": 0.9999991, ""raise 4"": 1.10164244e-07, ""raise 5"": 7.5421504e-08, ""allin"": 7.012176e-07}"
UTG RFI,97o,3.60356004114e-06,0,"{""fold"": 0.9999964, ""raise 4"": 3.355141e-06, ""raise 5"": 2.483972e-07, ""allin"": 2.184114e-11}"
UTG RFI,98o,5.0262070700000005e-08,0,"{""fold"": 1.0, ""raise 4"": 2.086703e-08, ""raise 5"": 4.6427107e-09, ""allin"": 2.475233e-08}"
UTG RFI,T2o,3.3799796000000003e-10,0,"{""fold"": 1.0, ""raise 4"": 1.779897e-10, ""raise 5"": 1.4007323e-10, ""allin"": 1.993503e-11}"
UTG RFI,T3o,4.84841342e-10,0,"{""fold"": 1.0, ""raise 4"": 1.2456886e-11, ""raise 5"": 4.5992757e-10, ""allin"": 1.2456886e-11}"
UTG RFI,T4o,4.1259453755999996e-07,0,"{""fold"": 0.9999996, ""raise 4"": 3.3997318e-07, ""raise 5"": 7.245411e-08, ""allin"": 1.6724756e-10}"
UTG RFI,T5o,1.65388248e-08,0,"{""fold"": 1.0, ""raise 4"": 1.3713828e-09, ""raise 5"": 3.1618934e-09, ""allin"": 1.20055486e-08}"
UTG RFI,T6o,7.17250845e-07,0,"{""fold"": 0.9999992, ""raise 4"": 2.142938e-09, ""raise 5"": 3.833657e-09, ""allin"": 7.1127425e-07}"
UTG RFI,T7o,2.694561868e-06,0,"{""fold"": 0.99999726, ""raise 4"": 5.5958168e-08, ""raise 5"": 1.7968603e-06, ""allin"": 8.417434e-07}"
UTG RFI,T8o,1.98068011e-05,0,"{""fold"": 0.9999802, ""raise 4"": 3.6077531e-06, ""raise 5"": 9.954136e-06, ""allin"": 6.244912e-06}"
UTG RFI,T9o,0.000105632862,0,"{""fold"": 0.99989426, ""raise 4"": 3.4228127e-05, ""raise 5"": 4.6081077e-05, ""allin"": 2.5323658e-05}"
UTG RFI,J2o,2.23403102e-07,0,"{""fold"": 0.99999976, ""raise 4"": 8.094716e-08, ""raise 5"": 1.01906906e-07, ""allin"": 4.0549036e-08}"
UTG RFI,J3o,1.9470072799999998e-07,0,"{""fold"": 0.99999976, ""raise 4"": 8.551091e-08, ""raise 5"": 8.079455e-08, ""allin"": 2.8395268e-08}"
UTG RFI,J4o,3.8279163000000004e-08,0,"{""fold"": 1.0, ""raise 4"": 1.542328e-09, ""raise 5"": 5.932399e-09, ""allin"": 3.0804436e-08}"
UTG RFI,J5o,2.6700121e-08,0,"{""fold"": 1.0, ""raise 4"": 1.0255732e-08, ""raise 5"": 1.3285853e-08, ""allin"": 3.158536e-09}"
UTG RFI,J6o,1.79964404e-06,0,"{""fold"": 0.99999815, ""raise 4"": 1.0901063e-06, ""raise 5"": 7.987374e-08, ""allin"": 6.29664e-07}"
UTG RFI,J7o,3.0950688990700004e-07,0,"{""fold"": 0.99999976, ""raise 4"": 3.701232e-08, ""raise 5"": 4.0909907e-11, ""allin"": 2.7245366e-07}"
UTG RFI,J8o,2.58682006e-06,0,"{""fold"": 0.9999974, ""raise 4"": 2.249326e-07, ""raise 5"": 2.156985e-06, ""allin"": 2.0490246e-07}"
UTG RFI,J9o,2.6498534542270002e-05,0,"{""fold"": 0.99997354, ""raise 4"": 2.6920227e-10, ""raise 5"": 2.6469004e-05, ""allin"": 2.926134e-08}"
UTG RFI,JTo,0.001230627818,0,"{""fold"": 0.9987694, ""raise 4"": 0.001196934, ""raise 5"": 2.9786603e-05, ""allin"": 3.907215e-06}"
UTG RFI,Q2o,9.8502902e-07,0,"{""fold"": 0.9999991, ""raise 4"": 3.6766963e-07, ""raise 5"": 3.182499e-08, ""allin"": 5.855344e-07}"
UTG RFI,Q3o,1.7196217726e-08,0,"{""fold"": 1.0, ""raise 4"": 1.568965e-08, ""raise 5"": 1.4928501e-09, ""allin"": 1.3717626e-11}"
UTG RFI,Q4o,1.016815469e-06,0,"{""fold"": 0.9999989, ""raise 4"": 1.0996599e-08, ""raise 5"": 1.7955267e-07, ""allin"": 8.262662e-07}"
UTG RFI,Q5o,7.75426993e-06,0,"{""fold"": 0.9999922, ""raise 4"": 7.120689e-06, ""raise 5"": 5.720673e-07, ""allin"": 6.151363e-08}"
UTG RFI,Q6o,4.2164631414000003e-07,0,"{""fold"": 0.9999996, ""raise 4"": 1.4825334e-10, ""raise 5"": 4.175608e-10, ""allin"": 4.210805e-07}"
UTG RFI,Q7o,5.752556954688e-06,0,"{""fold"": 0.9999943, ""raise 4"": 9.977344e-12, ""raise 5"": 9.977344e-12, ""allin"": 5.752537e-06}"
UTG RFI,Q8o,9.0328379e-06,0,"{""fold"": 0.99999094, ""raise 4"": 2.4942576e-06, ""raise 5"": 5.0893727e-06, ""allin"": 1.4492076e-06}"
UTG RFI,Q9o,0.000166633858207,0,"{""fold"": 0.99983335, ""raise 4"": 0.00014984021, ""raise 5"": 3.5338207e-08, ""allin"": 1.675831e-05}"
UTG RFI,QTo,0.0018047230310000001,0,"{""fold"": 0.9981953, ""raise 4"": 0.0015967259, ""raise 5"": 0.000109833396, ""allin"": 9.8163735e-05}"
UTG RFI,QJo,0.007870060204,0,"{""fold"": 0.9921299, ""raise 4"": 0.007772018, ""raise 5"": 8.942533e-05, ""allin"": 8.616874e-06}"
UTG RFI,K2o,2.4657117515e-05,0,"{""fold"": 0.99997544, ""raise 4"": 8.070471e-06, ""raise 5"": 1.6556718e-05, ""allin"": 2.9928515e-08}"
UTG RFI,K3o,2.2808572660000003e-05,0,"{""fold"": 0.9999773, ""raise 4"": 5.4795373e-06, ""raise 5"": 1.7275064e-05, ""allin"": 5.397136e-08}"
UTG RFI,K4o,6.0623326e-06,0,"{""fold"": 0.9999939, ""raise 4"": 5.449086e-07, ""raise 5"": 2.853493e-06, ""allin"": 2.663931e-06}"
UTG RFI,K5o,5.6518221e-06,0,"{""fold"": 0.99999434, ""raise 4"": 2.954847e-06, ""raise 5"": 2.285737e-06, ""allin"": 4.112381e-07}"
UTG RFI,K6o,5.92551995e-06,0,"{""fold"": 0.99999404, ""raise 4"": 3.4633e-06, ""raise 5"": 1.7206656e-06, ""allin"": 7.4155435e-07}"
UTG RFI,K7o,1.21321221e-05,0,"{""fold"": 0.99998784, ""raise 4"": 3.448385e-06, ""raise 5"": 1.6394564e-06, ""allin"": 7.0442807e-06}"
UTG RFI,K8o,0.0002506017194,0,"{""fold"": 0.9997493, ""raise 4"": 0.00018115927, ""raise 5"": 6.860959e-05, ""allin"": 8.328594e-07}"
UTG RFI,K9o,0.00125500589252,0,"{""fold"": 0.99874514, ""raise 4"": 0.0011810899, ""raise 5"": 7.35395e-05, ""allin"": 3.7649252e-07}"
UTG RFI,KTo,0.0099826754798,0,"{""fold"": 0.9900173, ""raise 4"": 0.004545907, ""raise 5"": 0.0054314923, ""allin"": 5.2761798e-06}"
UTG RFI,KJo,0.9999999751080001,0,"{""fold"": 1.3882433e-09, ""raise 4"": 0.5833032, ""raise 5"": 0.41667542, ""allin"": 2.1355108e-05}"
UTG RFI,KQo,1.000000010535,0,"{""fold"": 1.0738254e-09, ""raise 4"": 0.06041012, ""raise 5"": 0.9395238, ""allin"": 6.6090535e-05}"
UTG RFI,A2o,1.3041329759e-05,0,"{""fold"": 0.9999869, ""raise 4"": 9.0521435e-06, ""raise 5"": 2.7468259e-08, ""allin"": 3.961718e-06}"
UTG RFI,A3o,0.00021121044439999999,0,"{""fold"": 0.9997887, ""raise 4"": 0.00019035622, ""raise 5"": 7.1280374e-06, ""allin"": 1.3726187e-05}"
UTG RFI,A4o,0.00035634388,0,"{""fold"": 0.9996436, ""raise 4"": 0.00011328319, ""raise 5"": 0.00010698161, ""allin"": 0.00013607908}"
UTG RFI,A5o,0.0043232146141,0,"{""fold"": 0.99567676, ""raise 4"": 0.00048504764, ""raise 5"": 0.0038367773, ""allin"": 1.3896741e-06}"
UTG RFI,A6o,0.0014819001435,0,"{""fold"": 0.99851805, ""raise 4"": 0.0013867547, ""raise 5"": 9.092961e-05, ""allin"": 4.2158335e-06}"
UTG RFI,A7o,0.025504968278,0,"{""fold"": 0.97449505, ""raise 4"": 0.025418526, ""raise 5"": 6.220404e-05, ""allin"": 2.4238238e-05}"
UTG RFI,A8o,0.025871380396000003,0,"{""fold"": 0.97412866, ""raise 4"": 0.019153023, ""raise 5"": 0.006636331, ""allin"": 8.2026396e-05}"
UTG RFI,A9o,0.7536086309700001,0,"{""fold"": 0.24639131, ""raise 4"": 0.24821573, ""raise 5"": 0.50531316, ""allin"": 7.974097e-05}"
UTG RFI,ATo,0.99999963563,0,"{""fold"": 3.2711978e-07, ""raise 4"": 0.9781088, ""raise 5"": 0.021769525, ""allin"": 0.00012131063}"
UTG RFI,AJo,0.99999985156,0,"{""fold"": 4.2098e-08, ""raise 4"": 0.6233509, ""raise 5"": 0.3761389, ""allin"": 0.00051005156}"
UTG RFI,AQo,0.9999999429900001,0,"{""fold"": 2.3712321e-08, ""raise 4"": 0.41745713, ""raise 5"": 0.5824726, ""allin"": 7.021299e-05}"
UTG RFI,AKo,0.9999999461,0,"{""fold"": 4.0752773e-10, ""raise 4"": 0.19500539, ""raise 5"": 0.8048458, ""allin"": 0.0001487561}"
HJ RFI,22,1.126148696e-05,0,"{""fold"": 0.99998873, ""raise 4"": 1.6757096e-07, ""raise 5"": 5.90115e-07, ""allin"": 1.0503801e-05}"
HJ RFI,33,6.73924016e-05,0,"{""fold"": 0.99993265, ""raise 4"": 1.3055781e-05, ""raise 5"": 1.0745606e-06, ""allin"": 5.326206e-05}"
HJ RFI,44,0.41017904200000005,0,"{""fold"": 0.58982104, ""raise 4"": 0.035939265, ""raise 5"": 0.3726631, ""allin"": 0.001576677}"
HJ RFI,55,0.980591173,0,"{""fold"": 0.019408893, ""raise 4"": 0.79019094, ""raise 5"": 0.17978406, ""allin"": 0.010616173}"
HJ RFI,66,0.9999947755999999,0,"{""fold"": 5.2837204e-06, ""raise 4"": 0.5720788, ""raise 5"": 0.42544866, ""allin"": 0.0024673156}"
HJ RFI,77,1.00000005,0,"{""fold"": 2.4105317e-08, ""raise 4"": 0.8788834, ""raise 5"": 0.10253917, ""allin"": 0.01857748}"
HJ RFI,88,0.999999874,0,"{""fold"": 6.099693e-08, ""raise 4"": 0.26135054, ""raise 5"": 0.6995541, ""allin"": 0.039095234}"
HJ RFI,99,0.9999999134190001,0,"{""fold"": 6.53413e-08, ""raise 4"": 0.5671401, ""raise 5"": 0.43283305, ""allin"": 2.6763419e-05}"
HJ RFI,TT,0.9999999578959999,0,"{""fold"": 1.0360252e-08, ""raise 4"": 0.3927325, ""raise 5"": 0.6072209, ""allin"": 4.6557896e-05}"
HJ RFI,JJ,0.9999998654000001,0,"{""fold"": 1.3014194e-07, ""raise 4"": 0.89766604, ""raise 5"": 0.09718164, ""allin"": 0.0051521854}"
HJ RFI,QQ,0.99999998,0,"{""fold"": 9.763317e-09, ""raise 4"": 0.75400585, ""raise 5"": 0.11374287, ""allin"": 0.13225126}"
HJ RFI,KK,0.999999867124,0,"{""fold"": 9.5766616e-08, ""raise 4"": 0.45131364, ""raise 5"": 0.54867244, ""allin"": 1.3787124e-05}"
HJ RFI,AA,1.00000005196,0,"{""fold"": 6.706745e-10, ""raise 4"": 0.4147152, ""raise 5"": 0.58522177, ""allin"": 6.308196e-05}"
HJ RFI,32s,6.5194630286e-06,0,"{""fold"": 0.99999344, ""raise 4"": 4.874234e-08, ""raise 5"": 6.4673072e-06, ""allin"": 3.4134886e-09}"
HJ RFI,42s,9.785791357e-06,0,"{""fold"": 0.9999903, ""raise 4"": 1.658672e-06, ""raise 5"": 1.0939357e-08, ""allin"": 8.11618e-06}"
HJ RFI,43s,8.66711254e-06,0,"{""fold"": 0.99999136, ""raise 4"": 3.6019596e-06, ""raise 5"": 4.6158307e-06, ""allin"": 4.4932224e-07}"
HJ RFI,52s,1.13499239e-07,0,"{""fold"": 0.9999998, ""raise 4"": 1.4239968e-08, ""raise 5"": 4.2581917e-08, ""allin"": 5.6677354e-08}"
HJ RFI,53s,2.2720112e-06,0,"{""fold"": 0.9999978, ""raise 4"": 5.989858e-07, ""raise 5"": 4.737296e-07, ""allin"": 1.1992958e-06}"
HJ RFI,54s,4.18122366e-05,0,"{""fold"": 0.9999582, ""raise 4"": 1.901928e-05, ""raise 5"": 1.6304028e-05, ""allin"": 6.4889286e-06}"
HJ RFI,62s,2.41995262e-06,0,"{""fold"": 0.9999976, ""raise 4"": 1.1393485e-06, ""raise 5"": 8.819892e-08, ""allin"": 1.1924052e-06}"
HJ RFI,63s,2.23044051e-06,0,"{""fold"": 0.99999774, ""raise 4"": 1.2215538e-06, ""raise 5"": 1.2836931e-07, ""allin"": 8.805174e-07}"
HJ RFI,64s,9.7042446e-06,0,"{""fold"": 0.9999903, ""raise 4"": 1.5941107e-06, ""raise 5"": 6.7769565e-06, ""allin"": 1.3331774e-06}"
HJ RFI,65s,2.18337776e-05,0,"{""fold"": 0.99997824, ""raise 4"": 5.7335146e-06, ""raise 5"": 3.778983e-06, ""allin"": 1.232128e-05}"
HJ RFI,72s,4.70429193e-06,0,"{""fold"": 0.9999953, ""raise 4"": 1.2985817e-06, ""raise 5"": 2.0497983e-07, ""allin"": 3.2007304e-06}"
HJ RFI,73s,2.53533398e-05,0,"{""fold"": 0.99997467, ""raise 4"": 2.3028899e-05, ""raise 5"": 6.633816e-07, ""allin"": 1.6610592e-06}"
HJ RFI,74s,6.98366884e-05,0,"{""fold"": 0.99993014, ""raise 4"": 2.7132166e-05, ""raise 5"": 3.7477374e-05, ""allin"": 5.2271484e-06}"
HJ RFI,75s,1.7066028800000002e-05,0,"{""fold"": 0.999983, ""raise 4"": 6.7147694e-06, ""raise 5"": 9.938084e-07, ""allin"": 9.357451e-06}"
HJ RFI,76s,0.0001622545521,0,"{""fold"": 0.9998377, ""raise 4"": 0.00015494543, ""raise 5"": 1.9090396e-06, ""allin"": 5.4000825e-06}"
HJ RFI,82s,3.6477130999999995e-05,0,"{""fold"": 0.99996346, ""raise 4"": 2.0171062e-06, ""raise 5"": 1.5276148e-06, ""allin"": 3.293241e-05}"
HJ RFI,83s,8.89040896e-05,0,"{""fold"": 0.99991107, ""raise 4"": 5.5524208e-05, ""raise 5"": 3.257747e-05, ""allin"": 8.024116e-07}"
HJ RFI,84s,1.72052412e-06,0,"{""fold"": 0.99999833, ""raise 4"": 2.541093e-07, ""raise 5"": 1.2764906e-06, ""allin"": 1.8992422e-07}"
HJ RFI,85s,7.7268041e-08,0,"{""fold"": 1.0, ""raise 4"": 2.9950442e-08, ""raise 5"": 1.7636312e-08, ""allin"": 2.9681287e-08}"
HJ RFI,86s,6.897167e-06,0,"{""fold"": 0.9999931, ""raise 4"": 5.916535e-06, ""raise 5"": 5.717125e-07, ""allin"": 4.089195e-07}"
HJ RFI,87s,1.16871647e-05,0,"{""fold"": 0.9999884, ""raise 4"": 5.931779e-06, ""raise 5"": 5.0081057e-06, ""allin"": 7.4728e-07}"
HJ RFI,92s,4.379787348e-05,0,"{""fold"": 0.9999563, ""raise 4"": 1.45481035e-05, ""raise 5"": 2.905084e-05, ""allin"": 1.9892998e-07}"
HJ RFI,93s,6.674610399999999e-05,0,"{""fold"": 0.99993324, ""raise 4"": 1.5450347e-05, ""raise 5"": 3.562373e-05, ""allin"": 1.5672027e-05}"
HJ RFI,94s,1.2594945e-09,0,"{""fold"": 1.0, ""raise 4"": 4.198315e-10, ""raise 5"": 4.198315e-10, ""allin"": 4.198315e-10}"
HJ RFI,95s,5.826752618e-07,0,"{""fold"": 0.9999994, ""raise 4"": 5.7796585e-09, ""raise 5"": 2.8256033e-09, ""allin"": 5.7407e-07}"
HJ RFI,96s,0.00027493678600000004,0,"{""fold"": 0.9997251, ""raise 4"": 1.476633e-06, ""raise 5"": 0.00026658957, ""allin"": 6.870583e-06}"
HJ RFI,97s,0.0001429319726,0,"{""fold"": 0.99985707, ""raise 4"": 9.031192e-05, ""raise 5"": 2.7496746e-06, ""allin"": 4.9870378e-05}"
HJ RFI,98s,0.0002368414473439,0,"{""fold"": 0.99976313, ""raise 4"": 2.2973439e-09, ""raise 5"": 0.00014111005, ""allin"": 9.57291e-05}"
HJ RFI,T2s,3.42223514e-06,0,"{""fold"": 0.99999654, ""raise 4"": 3.8581314e-07, ""raise 5"": 2.0551486e-06, ""allin"": 9.812734e-07}"
HJ RFI,T3s,9.2673930927e-06,0,"{""fold"": 0.99999076, ""raise 4"": 7.003408e-06, ""raise 5"": 2.2625356e-06, ""allin"": 1.4494927e-09}"
HJ RFI,T4s,1.3820852099999999e-09,0,"{""fold"": 1.0, ""raise 4"": 4.6069507e-10, ""raise 5"": 4.6069507e-10, ""allin"": 4.6069507e-10}"
HJ RFI,T5s,3.11831327e-06,0,"{""fold"": 0.9999969, ""raise 4"": 5.669129e-07, ""raise 5"": 2.5267125e-06, ""allin"": 2.468787e-08}"
HJ RFI,T6s,1.93305097e-05,0,"{""fold"": 0.99998075, ""raise 4"": 1.8263315e-06, ""raise 5"": 1.5541666e-05, ""allin"": 1.9625122e-06}"
HJ RFI,T7s,5.4051444300000004e-05,0,"{""fold"": 0.99994594, ""raise 4"": 3.4012858e-06, ""raise 5"": 7.2864045e-06, ""allin"": 4.3363754e-05}"
HJ RFI,T8s,0.00022487943599999998,0,"{""fold"": 0.9997752, ""raise 4"": 3.656806e-05, ""raise 5"": 0.0001816306, ""allin"": 6.680776e-06}"
HJ RFI,T9s,0.0001964170285,0,"{""fold"": 0.9998036, ""raise 4"": 1.05460485e-05, ""raise 5"": 8.880808e-05, ""allin"": 9.70629e-05}"
HJ RFI,J2s,1.4994579375e-05,0,"{""fold"": 0.999985, ""raise 4"": 1.9780173e-06, ""raise 5"": 1.2983603e-05, ""allin"": 3.2959075e-08}"
HJ RFI,J3s,2.963476043e-05,0,"{""fold"": 0.9999704, ""raise 4"": 5.7721627e-07, ""raise 5"": 1.2669216e-07, ""allin"": 2.8930852e-05}"
HJ RFI,J4s,3.8255273543e-06,0,"{""fold"": 0.99999624, ""raise 4"": 1.016801e-06, ""raise 5"": 1.8249543e-09, ""allin"": 2.8069014e-06}"
HJ RFI,J5s,1.307125612e-05,0,"{""fold"": 0.9999869, ""raise 4"": 4.376244e-06, ""raise 5"": 2.3156312e-07, ""allin"": 8.463449e-06}"
HJ RFI,J6s,1.4040547699999999e-05,0,"{""fold"": 0.99998593, ""raise 4"": 3.1008865e-06, ""raise 5"": 9.725563e-06, ""allin"": 1.2140982e-06}"
HJ RFI,J7s,3.42966805e-06,0,"{""fold"": 0.9999966, ""raise 4"": 2.7579512e-07, ""raise 5"": 3.1224627e-06, ""allin"": 3.141023e-08}"
HJ RFI,J8s,2.4636592999999998e-05,0,"{""fold"": 0.9999754, ""raise 4"": 1.7738485e-05, ""raise 5"": 4.1483413e-06, ""allin"": 2.7497667e-06}"
HJ RFI,J9s,0.00150892585,0,"{""fold"": 0.99849105, ""raise 4"": 3.77622e-05, ""raise 5"": 0.0007328486, ""allin"": 0.00073831505}"
HJ RFI,JTs,0.8261191565,0,"{""fold"": 0.17388079, ""raise 4"": 0.48099378, ""raise 5"": 0.33164397, ""allin"": 0.0134814065}"
HJ RFI,Q2s,1.95312064e-05,0,"{""fold"": 0.99998045, ""raise 4"": 5.798388e-06, ""raise 5"": 1.3116921e-05, ""allin"": 6.158974e-07}"
HJ RFI,Q3s,5.63999511e-06,0,"{""fold"": 0.99999434, ""raise 4"": 6.791873e-08, ""raise 5"": 5.2547252e-06, ""allin"": 3.1735118e-07}"
HJ RFI,Q4s,0.00010742964049999999,0,"{""fold"": 0.9998926, ""raise 4"": 9.692444e-05, ""raise 5"": 5.2736095e-06, ""allin"": 5.231591e-06}"
HJ RFI,Q5s,0.000713589546,0,"{""fold"": 0.9992865, ""raise 4"": 0.0004961055, ""raise 5"": 3.6083016e-05, ""allin"": 0.00018140103}"
HJ RFI,Q6s,7.41808681e-07,0,"{""fold"": 0.9999993, ""raise 4"": 7.099555e-10, ""raise 5"": 7.099555e-10, ""allin"": 7.4038877e-07}"
HJ RFI,Q7s,0.001885519906,0,"{""fold"": 0.99811447, ""raise 4"": 0.0015891994, ""raise 5"": 0.00028805193, ""allin"": 8.268576e-06}"
HJ RFI,Q8s,0.00021209921899999998,0,"{""fold"": 0.9997878, ""raise 4"": 7.9928635e-05, ""raise 5"": 7.349425e-05, ""allin"": 5.8676334e-05}"
HJ RFI,Q9s,0.00295335272947,0,"{""fold"": 0.9970467, ""raise 4"": 0.0020698202, ""raise 5"": 0.0008830924, ""allin"": 4.4012947e-07}"
HJ RFI,QTs,0.99958185646,0,"{""fold"": 0.0004182586, ""raise 4"": 0.9789367, ""raise 5"": 0.020604586, ""allin"": 4.057046e-05}"
HJ RFI,QJs,0.999999218,0,"{""fold"": 7.720827e-07, ""raise 4"": 0.9791019, ""raise 5"": 0.008157607, ""allin"": 0.012739711}"
HJ RFI,K2s,0.000149938967,0,"{""fold"": 0.99985003, ""raise 4"": 0.00014316378, ""raise 5"": 2.609071e-06, ""allin"": 4.166116e-06}"
HJ RFI,K3s,7.10619055e-05,0,"{""fold"": 0.99992883, ""raise 4"": 4.4333647e-05, ""raise 5"": 2.1499282e-05, ""allin"": 5.2289765e-06}"
HJ RFI,K4s,0.000190150271,0,"{""fold"": 0.9998098, ""raise 4"": 0.00010692151, ""raise 5"": 7.777869e-05, ""allin"": 5.450071e-06}"
HJ RFI,K5s,0.00023304285,0,"{""fold"": 0.99976707, ""raise 4"": 5.1967054e-05, ""raise 5"": 3.9829596e-05, ""allin"": 0.0001412462}"
HJ RFI,K6s,0.0022166812124949998,0,"{""fold"": 0.99778336, ""raise 4"": 0.0008885408, ""raise 5"": 0.0013281143, ""allin"": 2.6112495e-08}"
HJ RFI,K7s,0.00130439723911,0,"{""fold"": 0.99869555, ""raise 4"": 2.3039911e-07, ""raise 5"": 0.00053719204, ""allin"": 0.0007669748}"
HJ RFI,K8s,0.0053572552978600006,0,"{""fold"": 0.99464273, ""raise 4"": 0.005337851, ""raise 5"": 2.7428786e-07, ""allin"": 1.913001e-05}"
HJ RFI,K9s,0.995759195086,0,"{""fold"": 0.0042408183, ""raise 4"": 0.9956358, ""raise 5"": 5.9275142e-05, ""allin"": 6.4119944e-05}"
HJ RFI,KTs,0.87144544,0,"{""fold"": 0.12855452, ""raise 4"": 0.29635403, ""raise 5"": 0.20874195, ""allin"": 0.36634946}"
HJ RFI,KJs,0.9999991827,0,"{""fold"": 8.1127956e-07, ""raise 4"": 0.9983505, ""raise 5"": 0.0013132347, ""allin"": 0.000335448}"
HJ RFI,KQs,0.99999997,0,"{""fold"": 2.9274398e-08, ""raise 4"": 0.20260094, ""raise 5"": 0.42216983, ""allin"": 0.3752292}"
HJ RFI,A2s,0.349328514,0,"{""fold"": 0.6506715, ""raise 4"": 0.11916998, ""raise 5"": 0.21991722, ""allin"": 0.010241314}"
HJ RFI,A3s,0.19871163500570002,0,"{""fold"": 0.8012883, ""raise 4"": 2.7729557e-06, ""raise 5"": 0.19854435, ""allin"": 0.00016451205}"
HJ RFI,A4s,0.92306158049,0,"{""fold"": 0.076938435, ""raise 4"": 0.0066396026, ""raise 5"": 0.9161233, ""allin"": 0.00029867789}"
HJ RFI,A5s,0.7302741549999999,0,"{""fold"": 0.26972577, ""raise 4"": 0.2951734, ""raise 5"": 0.4200411, ""allin"": 0.015059655}"
HJ RFI,A6s,0.729031251,0,"{""fold"": 0.27096874, ""raise 4"": 0.32153276, ""raise 5"": 0.39824396, ""allin"": 0.009254531}"
HJ RFI,A7s,0.9999999319999999,0,"{""fold"": 5.5603227e-08, ""raise 4"": 0.47788566, ""raise 5"": 0.50729644, ""allin"": 0.014817832}"
HJ RFI,A8s,0.99999999,0,"{""fold"": 9.79242e-10, ""raise 4"": 0.20904996, ""raise 5"": 0.7816177, ""allin"": 0.00933233}"
HJ RFI,A9s,0.9999999959999999,0,"{""fold"": 1.5981364e-08, ""raise 4"": 0.6664524, ""raise 5"": 0.3054669, ""allin"": 0.028080696}"
HJ RFI,ATs,0.9999999422,0,"{""fold"": 1.6336944e-08, ""raise 4"": 0.39936042, ""raise 5"": 0.5984734, ""allin"": 0.0021661222}"
HJ RFI,AJs,1.0,0,"{""fold"": 6.513391e-09, ""raise 4"": 0.6990377, ""raise 5"": 0.2625422, ""allin"": 0.0384201}"
HJ RFI,AQs,0.99999904,0,"{""fold"": 9.835414e-07, ""raise 4"": 0.41740027, ""raise 5"": 0.4105231, ""allin"": 0.17207567}"
HJ RFI,AKs,1.00000005,0,"{""fold"": 9.137169e-10, ""raise 4"": 0.3044655, ""raise 5"": 0.11868205, ""allin"": 0.5768525}"
HJ RFI,32o,2.81735594e-06,0,"{""fold"": 0.99999726, ""raise 4"": 1.446932e-06, ""raise 5"": 4.7791224e-07, ""allin"": 8.925117e-07}"
HJ RFI,42o,3.8993554e-09,0,"{""fold"": 1.0, ""raise 4"": 1.1985751e-09, ""raise 5"": 1.5022052e-09, ""allin"": 1.1985751e-09}"
HJ RFI,43o,4.2666659670000003e-07,0,"{""fold"": 0.9999996, ""raise 4"": 3.1197962e-07, ""raise 5"": 1.1362051e-07, ""allin"": 1.0664667e-09}"
HJ RFI,52o,2.9596417772999998e-08,0,"{""fold"": 1.0, ""raise 4"": 1.474633e-09, ""raise 5"": 3.7431773e-11, ""allin"": 2.8084353e-08}"
HJ RFI,53o,1.5760374e-10,0,"{""fold"": 1.0, ""raise 4"": 5.253458e-11, ""raise 5"": 5.253458e-11, ""allin"": 5.253458e-11}"
HJ RFI,54o,9.19413421e-09,0,"{""fold"": 1.0, ""raise 4"": 3.5623893e-10, ""raise 5"": 2.4304128e-10, ""allin"": 8.594854e-09}"
HJ RFI,62o,1.1212649e-09,0,"{""fold"": 1.0, ""raise 4"": 3.357765e-11, ""raise 5"": 1.0541096e-09, ""allin"": 3.357765e-11}"
HJ RFI,63o,4.830871413500001e-07,0,"{""fold"": 0.9999996, ""raise 4"": 4.730391e-07, ""raise 5"": 9.619784e-09, ""allin"": 4.2825735e-10}"
HJ RFI,64o,1.27309977e-09,0,"{""fold"": 1.0, ""raise 4"": 4.4306117e-10, ""raise 5"": 4.150193e-10, ""allin"": 4.150193e-10}"
HJ RFI,65o,3.89256792e-06,0,"{""fold"": 0.9999961, ""raise 4"": 1.0170342e-07, ""raise 5"": 9.477577e-07, ""allin"": 2.8431068e-06}"
HJ RFI,72o,7.871184e-11,0,"{""fold"": 1.0, ""raise 4"": 1.509714e-11, ""raise 5"": 1.509714e-11, ""allin"": 4.851756e-11}"
HJ RFI,73o,1.800991098e-08,0,"{""fold"": 1.0, ""raise 4"": 2.4130198e-10, ""raise 5"": 5.077282e-09, ""allin"": 1.2691327e-08}"
HJ RFI,74o,2.0889356e-10,0,"{""fold"": 1.0, ""raise 4"": 7.332059e-11, ""raise 5"": 6.7786485e-11, ""allin"": 6.7786485e-11}"
HJ RFI,75o,1.2783959071e-07,0,"{""fold"": 0.9999999, ""raise 4"": 2.5569507e-09, ""raise 5"": 1.2516139e-07, ""allin"": 1.2125001e-10}"
HJ RFI,76o,2.8606409e-06,0,"{""fold"": 0.99999714, ""raise 4"": 1.6298509e-06, ""raise 5"": 5.59027e-07, ""allin"": 6.71763e-07}"
HJ RFI,82o,6.175771772e-08,0,"{""fold"": 1.0, ""raise 4"": 4.5408836e-08, ""raise 5"": 1.604305e-08, ""allin"": 3.0583172e-10}"
HJ RFI,83o,4.37230586e-07,0,"{""fold"": 0.9999996, ""raise 4"": 8.71401e-08, ""raise 5"": 3.0287886e-08, ""allin"": 3.198026e-07}"
HJ RFI,84o,2.3383906e-09,0,"{""fold"": 1.0, ""raise 4"": 1.1810755e-10, ""raise 5"": 1.1810755e-10, ""allin"": 2.1021755e-09}"
HJ RFI,85o,5.7195253500000003e-08,0,"{""fold"": 1.0, ""raise 4"": 1.9442535e-08, ""raise 5"": 7.0522845e-09, ""allin"": 3.0700434e-08}"
HJ RFI,86o,2.812690776e-05,0,"{""fold"": 0.999972, ""raise 4"": 2.5877742e-05, ""raise 5"": 1.2802356e-07, ""allin"": 2.1211422e-06}"
HJ RFI,87o,1.0970649e-10,0,"{""fold"": 1.0, ""raise 4"": 3.656883e-11, ""raise 5"": 3.656883e-11, ""allin"": 3.656883e-11}"
HJ RFI,92o,1.4735370959999998e-07,0,"{""fold"": 0.9999999, ""raise 4"": 1.5521563e-08, ""raise 5"": 1.3155568e-07, ""allin"": 2.764666e-10}"
HJ RFI,93o,9.177142284000001e-08,0,"{""fold"": 0.9999999, ""raise 4"": 5.6578703e-08, ""raise 5"": 1.0119184e-10, ""allin"": 3.5091528e-08}"
HJ RFI,94o,4.04770367e-06,0,"{""fold"": 0.99999595, ""raise 4"": 2.6923867e-06, ""raise 5"": 8.6732297e-07, ""allin"": 4.87994e-07}"
HJ RFI,95o,3.611007094e-06,0,"{""fold"": 0.9999964, ""raise 4"": 3.3425779e-06, ""raise 5"": 2.4648114e-07, ""allin"": 2.1948054e-08}"
HJ RFI,96o,1.3928531909e-06,0,"{""fold"": 0.9999987, ""raise 4"": 3.7500152e-07, ""raise 5"": 1.0162753e-06, ""allin"": 1.5763709e-09}"
HJ RFI,97o,9.3996477134e-07,0,"{""fold"": 0.99999905, ""raise 4"": 9.3969834e-07, ""raise 5"": 1.3321567e-10, ""allin"": 1.3321567e-10}"
HJ RFI,98o,1.42621250174e-06,0,"{""fold"": 0.9999986, ""raise 4"": 4.33794e-07, ""raise 5"": 9.9237e-07, ""allin"": 4.850174e-11}"
HJ RFI,T2o,2.30959606e-06,0,"{""fold"": 0.9999977, ""raise 4"": 1.3582303e-07, ""raise 5"": 1.9197407e-06, ""allin"": 2.5403233e-07}"
HJ RFI,T3o,1.0092807098e-06,0,"{""fold"": 0.99999905, ""raise 4"": 2.4924098e-09, ""raise 5"": 4.69235e-07, ""allin"": 5.375533e-07}"
HJ RFI,T4o,1.26934113e-07,0,"{""fold"": 0.9999999, ""raise 4"": 1.9130372e-08, ""raise 5"": 8.096092e-08, ""allin"": 2.6842821e-08}"
HJ RFI,T5o,6.1763937999e-07,0,"{""fold"": 0.99999934, ""raise 4"": 5.25512e-07, ""raise 5"": 9.208082e-08, ""allin"": 4.655999e-11}"
HJ RFI,T6o,4.2519000743e-06,0,"{""fold"": 0.9999957, ""raise 4"": 1.8731084e-06, ""raise 5"": 2.3749953e-06, ""allin"": 3.7963743e-09}"
HJ RFI,T7o,2.07931005314e-07,0,"{""fold"": 0.99999976, ""raise 4"": 2.3009664e-08, ""raise 5"": 8.7741314e-11, ""allin"": 1.848336e-07}"
HJ RFI,T8o,1.04401226e-05,0,"{""fold"": 0.9999895, ""raise 4"": 3.7112188e-06, ""raise 5"": 1.1474594e-06, ""allin"": 5.5814444e-06}"
HJ RFI,T9o,3.27624029e-06,0,"{""fold"": 0.99999666, ""raise 4"": 1.0946588e-06, ""raise 5"": 6.190149e-08, ""allin"": 2.11968e-06}"
HJ RFI,J2o,1.12892502e-06,0,"{""fold"": 0.9999989, ""raise 4"": 6.876403e-07, ""raise 5"": 3.4355912e-07, ""allin"": 9.77256e-08}"
HJ RFI,J3o,1.1040248661e-06,0,"{""fold"": 0.9999989, ""raise 4"": 1.103751e-06, ""raise 5"": 1.3693305e-10, ""allin"": 1.3693305e-10}"
HJ RFI,J4o,3.116091935e-08,0,"{""fold"": 1.0, ""raise 4"": 3.0720315e-08, ""raise 5"": 2.427921e-10, ""allin"": 1.9781225e-10}"
HJ RFI,J5o,2.74518387485e-07,0,"{""fold"": 0.9999997, ""raise 4"": 8.318241e-08, ""raise 5"": 1.9129885e-07, ""allin"": 3.7127485e-11}"
HJ RFI,J6o,5.8598742e-08,0,"{""fold"": 1.0, ""raise 4"": 4.0979053e-08, ""raise 5"": 5.447401e-09, ""allin"": 1.2172288e-08}"
HJ RFI,J7o,0.0001585779063,0,"{""fold"": 0.99984145, ""raise 4"": 0.00013312597, ""raise 5"": 2.3759238e-05, ""allin"": 1.6926983e-06}"
HJ RFI,J8o,9.3906568e-06,0,"{""fold"": 0.9999907, ""raise 4"": 5.385617e-06, ""raise 5"": 1.7929548e-06, ""allin"": 2.212085e-06}"
HJ RFI,J9o,0.00013077259197,0,"{""fold"": 0.9998692, ""raise 4"": 1.0186797e-07, ""raise 5"": 0.00010843067, ""allin"": 2.2240054e-05}"
HJ RFI,JTo,0.000610472224,0,"{""fold"": 0.99938947, ""raise 4"": 1.1817684e-05, ""raise 5"": 0.000479177, ""allin"": 0.00011947754}"
HJ RFI,Q2o,4.734284425e-06,0,"{""fold"": 0.9999953, ""raise 4"": 3.9265465e-06, ""raise 5"": 7.5601974e-07, ""allin"": 5.1718185e-08}"
HJ RFI,Q3o,6.64266406e-08,0,"{""fold"": 1.0, ""raise 4"": 4.556357e-08, ""raise 5"": 1.8223135e-08, ""allin"": 2.6399356e-09}"
HJ RFI,Q4o,1.46109538e-06,0,"{""fold"": 0.99999857, ""raise 4"": 1.0639603e-07, ""raise 5"": 1.0188719e-06, ""allin"": 3.3582745e-07}"
HJ RFI,Q5o,8.88226446e-06,0,"{""fold"": 0.99999106, ""raise 4"": 5.3233357e-06, ""raise 5"": 1.1979826e-07, ""allin"": 3.4391305e-06}"
HJ RFI,Q6o,5.6042276e-05,0,"{""fold"": 0.999944, ""raise 4"": 1.4983657e-05, ""raise 5"": 3.7993366e-05, ""allin"": 3.065253e-06}"
HJ RFI,Q7o,6.524200166e-05,0,"{""fold"": 0.99993473, ""raise 4"": 6.2476414e-05, ""raise 5"": 1.8168818e-06, ""allin"": 9.4870586e-07}"
HJ RFI,Q8o,0.0001568029407,0,"{""fold"": 0.99984324, ""raise 4"": 5.1713872e-05, ""raise 5"": 9.857453e-05, ""allin"": 6.5145387e-06}"
HJ RFI,Q9o,0.0001384270524,0,"{""fold"": 0.9998616, ""raise 4"": 6.859213e-05, ""raise 5"": 6.896822e-05, ""allin"": 8.667024e-07}"
HJ RFI,QTo,0.0061346773810000005,0,"{""fold"": 0.99386525, ""raise 4"": 0.0027548564, ""raise 5"": 0.0033677423, ""allin"": 1.2078681e-05}"
HJ RFI,QJo,0.7518999766259999,0,"{""fold"": 0.24810001, ""raise 4"": 0.42042533, ""raise 5"": 0.33144027, ""allin"": 3.4376626e-05}"
HJ RFI,K2o,4.31999759883e-07,0,"{""fold"": 0.9999996, ""raise 4"": 3.2317004e-07, ""raise 5"": 1.0879806e-07, ""allin"": 3.1659883e-11}"
HJ RFI,K3o,4.8344502699999994e-06,0,"{""fold"": 0.9999952, ""raise 4"": 4.1055628e-06, ""raise 5"": 5.8181803e-07, ""allin"": 1.4706944e-07}"
HJ RFI,K4o,3.21415447514e-05,0,"{""fold"": 0.9999679, ""raise 4"": 8.2376514e-09, ""raise 5"": 2.843973e-05, ""allin"": 3.6935771e-06}"
HJ RFI,K5o,0.0001352989136,0,"{""fold"": 0.9998647, ""raise 4"": 5.6941128e-05, ""raise 5"": 7.57375e-05, ""allin"": 2.6202856e-06}"
HJ RFI,K6o,8.9771444e-05,0,"{""fold"": 0.9999102, ""raise 4"": 6.36043e-05, ""raise 5"": 1.2499356e-05, ""allin"": 1.3667788e-05}"
HJ RFI,K7o,2.526511523e-07,0,"{""fold"": 0.99999976, ""raise 4"": 7.894329e-09, ""raise 5"": 2.4216646e-07, ""allin"": 2.5903633e-09}"
HJ RFI,K8o,0.000639459988,0,"{""fold"": 0.99936056, ""raise 4"": 0.00031938864, ""raise 5"": 0.00030757417, ""allin"": 1.2497178e-05}"
HJ RFI,K9o,0.001226228107,0,"{""fold"": 0.99877375, ""raise 4"": 1.0845569e-05, ""raise 5"": 0.0012057972, ""allin"": 9.585338e-06}"
HJ RFI,KTo,0.500208627838,0,"{""fold"": 0.4997913, ""raise 4"": 0.2652645, ""raise 5"": 0.23492558, ""allin"": 1.8547838e-05}"
HJ RFI,KJo,0.999998857482,0,"{""fold"": 1.075684e-06, ""raise 4"": 0.16516955, ""raise 5"": 0.8348032, ""allin"": 2.6107482e-05}"
HJ RFI,KQo,1.00000007018,0,"{""fold"": 1.3462472e-08, ""raise 4"": 0.92746115, ""raise 5"": 0.072425656, ""allin"": 0.00011326418}"
HJ RFI,A2o,0.000354349848,0,"{""fold"": 0.9996456, ""raise 4"": 0.00020332327, ""raise 5"": 0.00013860982, ""allin"": 1.2416758e-05}"
HJ RFI,A3o,0.000745128654,0,"{""fold"": 0.9992548, ""raise 4"": 0.0005842238, ""raise 5"": 0.00011695508, ""allin"": 4.3949774e-05}"
HJ RFI,A4o,0.0017327517555,0,"{""fold"": 0.99826735, ""raise 4"": 0.0017138366, ""raise 5"": 6.2519975e-06, ""allin"": 1.2663158e-05}"
HJ RFI,A5o,0.210107085759,0,"{""fold"": 0.78989285, ""raise 4"": 0.00014576963, ""raise 5"": 0.20995395, ""allin"": 7.366129e-06}"
HJ RFI,A6o,0.0024221222603,0,"{""fold"": 0.9975779, ""raise 4"": 6.005411e-05, ""raise 5"": 0.0023596247, ""allin"": 2.4434503e-06}"
HJ RFI,A7o,0.50311066256,0,"{""fold"": 0.49688944, ""raise 4"": 0.48036632, ""raise 5"": 0.022509957, ""allin"": 0.00023438556}"
HJ RFI,A8o,1.00000001469,0,"{""fold"": 2.3849006e-08, ""raise 4"": 0.85891867, ""raise 5"": 0.14103982, ""allin"": 4.152469e-05}"
HJ RFI,A9o,0.999999992576,0,"{""fold"": 8.122518e-08, ""raise 4"": 0.6183874, ""raise 5"": 0.3815941, ""allin"": 1.8492576e-05}"
HJ RFI,ATo,1.00000005481,0,"{""fold"": 7.6974614e-11, ""raise 4"": 0.90536976, ""raise 5"": 0.0944571, ""allin"": 0.00017319481}"
HJ RFI,AJo,1.000000003,0,"{""fold"": 2.4074178e-11, ""raise 4"": 0.88999075, ""raise 5"": 0.09218115, ""allin"": 0.017828103}"
HJ RFI,AQo,0.99999977723,0,"{""fold"": 1.8194035e-07, ""raise 4"": 0.49700558, ""raise 5"": 0.5027081, ""allin"": 0.00028609723}"
HJ RFI,AKo,1.0000000814849999,0,"{""fold"": 1.5307631e-09, ""raise 4"": 0.43771157, ""raise 5"": 0.5622537, ""allin"": 3.4811485e-05}"
CO RFI,22,0.504967249904,0,"{""fold"": 0.49503285, ""raise 4"": 0.5045638, ""raise 5"": 9.3426264e-05, ""allin"": 0.00031002364}"
CO RFI,33,0.649461075789,0,"{""fold"": 0.35053894, ""raise 4"": 0.37727386, ""raise 5"": 0.27217335, ""allin"": 1.3865789e-05}"
CO RFI,44,0.933631367,0,"{""fold"": 0.06636868, ""raise 4"": 0.43618968, ""raise 5"": 0.48112482, ""allin"": 0.016316867}"
CO RFI,55,0.9999981776208,0,"{""fold"": 1.7310176e-06, ""raise 4"": 0.8403588, ""raise 5"": 0.15963599, ""allin"": 3.3876208e-06}"
CO RFI,66,0.999999951,0,"{""fold"": 2.551206e-09, ""raise 4"": 0.8983476, ""raise 5"": 0.09022454, ""allin"": 0.011427811}"
CO RFI,77,0.999999457,0,"{""fold"": 4.6134966e-07, ""raise 4"": 0.1872731, ""raise 5"": 0.7909482, ""allin"": 0.021778157}"
CO RFI,88,1.00000001867,0,"{""fold"": 1.7642958e-09, ""raise 4"": 0.46693352, ""raise 5"": 0.53302985, ""allin"": 3.664867e-05}"
CO RFI,99,0.99999827622,0,"{""fold"": 1.7080524e-06, ""raise 4"": 0.9567329, ""raise 5"": 0.043151453, ""allin"": 0.00011392322}"
CO RFI,TT,0.9999999817,0,"{""fold"": 3.1572853e-09, ""raise 4"": 0.85909784, ""raise 5"": 0.13897213, ""allin"": 0.0019300117}"
CO RFI,JJ,1.00000001,0,"{""fold"": 8.0452833e-10, ""raise 4"": 0.1611272, ""raise 5"": 0.8056062, ""allin"": 0.03326661}"
CO RFI,QQ,0.9999999553,0,"{""fold"": 1.7648048e-08, ""raise 4"": 0.3079575, ""raise 5"": 0.6878825, ""allin"": 0.0041599553}"
CO RFI,KK,0.9999999045857,0,"{""fold"": 7.512066e-08, ""raise 4"": 0.40747684, ""raise 5"": 0.59251803, ""allin"": 5.0345857e-06}"
CO RFI,AA,0.99999992753,0,"{""fold"": 1.6991464e-07, ""raise 4"": 0.7521102, ""raise 5"": 0.24696341, ""allin"": 0.00092631753}"
CO RFI,32s,0.0001519891099,0,"{""fold"": 0.99984807, ""raise 4"": 1.0300759e-06, ""raise 5"": 5.520594e-05, ""allin"": 9.5753094e-05}"
CO RFI,42s,9.6196882e-08,0,"{""fold"": 0.99999994, ""raise 4"": 7.8704446e-08, ""raise 5"": 8.747391e-09, ""allin"": 8.745045e-09}"
CO RFI,43s,2.63056659e-09,0,"{""fold"": 1.0, ""raise 4"": 8.7685553e-10, ""raise 5"": 8.7685553e-10, ""allin"": 8.7685553e-10}"
CO RFI,52s,1.0303203600000001e-05,0,"{""fold"": 0.9999897, ""raise 4"": 7.534345e-08, ""raise 5"": 1.0059462e-05, ""allin"": 1.6839815e-07}"
CO RFI,53s,5.039515035e-05,0,"{""fold"": 0.9999497, ""raise 4"": 6.2524435e-07, ""raise 5"": 4.0298797e-05, ""allin"": 9.471109e-06}"
CO RFI,54s,3.453462232e-06,0,"{""fold"": 0.9999966, ""raise 4"": 3.311318e-06, ""raise 5"": 1.2229928e-07, ""allin"": 1.9844952e-08}"
CO RFI,62s,7.39546893e-06,0,"{""fold"": 0.9999926, ""raise 4"": 6.6420002e-06, ""raise 5"": 6.2919304e-07, ""allin"": 1.2427569e-07}"
CO RFI,63s,5.943420092e-08,0,"{""fold"": 0.99999994, ""raise 4"": 1.7220746e-10, ""raise 5"": 5.9089786e-08, ""allin"": 1.7220746e-10}"
CO RFI,64s,1.6524879e-05,0,"{""fold"": 0.9999835, ""raise 4"": 5.884414e-06, ""raise 5"": 2.815668e-06, ""allin"": 7.824797e-06}"
CO RFI,65s,0.000121665382,0,"{""fold"": 0.9998783, ""raise 4"": 1.089381e-05, ""raise 5"": 4.0152652e-05, ""allin"": 7.061892e-05}"
CO RFI,72s,3.90975742142e-05,0,"{""fold"": 0.99996084, ""raise 4"": 2.0625886e-05, ""raise 5"": 1.8466291e-05, ""allin"": 5.3972142e-09}"
CO RFI,73s,1.8178133440000001e-06,0,"{""fold"": 0.99999815, ""raise 4"": 2.9255418e-07, ""raise 5"": 1.5136992e-06, ""allin"": 1.1559964e-08}"
CO RFI,74s,6.68389533598e-05,0,"{""fold"": 0.9999331, ""raise 4"": 6.6754576e-05, ""raise 5"": 8.273542e-08, ""allin"": 1.6419398e-09}"
CO RFI,75s,2.20981613e-05,0,"{""fold"": 0.9999779, ""raise 4"": 9.0286285e-06, ""raise 5"": 9.638484e-06, ""allin"": 3.4310488e-06}"
CO RFI,76s,8.5238763377e-05,0,"{""fold"": 0.99991477, ""raise 4"": 7.110644e-05, ""raise 5"": 1.4105059e-05, ""allin"": 2.7264377e-08}"
CO RFI,82s,2.5101246e-07,0,"{""fold"": 0.9999998, ""raise 4"": 2.5824539e-08, ""raise 5"": 2.2241063e-07, ""allin"": 2.777291e-09}"
CO RFI,83s,2.3362046430000003e-05,0,"{""fold"": 0.99997663, ""raise 4"": 1.9957704e-05, ""raise 5"": 3.3917117e-06, ""allin"": 1.263073e-08}"
CO RFI,84s,5.44180237e-06,0,"{""fold"": 0.9999946, ""raise 4"": 2.6741125e-06, ""raise 5"": 2.7285678e-06, ""allin"": 3.912207e-08}"
CO RFI,85s,2.4053277000000003e-08,0,"{""fold"": 1.0, ""raise 4"": 8.017759e-09, ""raise 5"": 8.017759e-09, ""allin"": 8.017759e-09}"
CO RFI,86s,4.9091654e-05,0,"{""fold"": 0.9999509, ""raise 4"": 1.758281e-06, ""raise 5"": 3.835227e-05, ""allin"": 8.981103e-06}"
CO RFI,87s,6.10934716e-06,0,"{""fold"": 0.9999939, ""raise 4"": 5.012823e-07, ""raise 5"": 7.7281686e-07, ""allin"": 4.835248e-06}"
CO RFI,92s,1.240247955e-05,0,"{""fold"": 0.9999876, ""raise 4"": 8.214846e-06, ""raise 5"": 3.724273e-06, ""allin"": 4.6336055e-07}"
CO RFI,93s,4.610240725e-06,0,"{""fold"": 0.99999547, ""raise 4"": 2.9074472e-06, ""raise 5"": 2.6486525e-08, ""allin"": 1.676307e-06}"
CO RFI,94s,1.91587038e-05,0,"{""fold"": 0.99998087, ""raise 4"": 1.1981966e-05, ""raise 5"": 5.2866976e-06, ""allin"": 1.8900402e-06}"
CO RFI,95s,0.000309206353225,0,"{""fold"": 0.9996908, ""raise 4"": 3.9654587e-05, ""raise 5"": 0.00026948465, ""allin"": 6.7116225e-08}"
CO RFI,96s,4.3697420105e-05,0,"{""fold"": 0.9999563, ""raise 4"": 2.4330525e-08, ""raise 5"": 4.3356486e-05, ""allin"": 3.1660358e-07}"
CO RFI,97s,7.0634387e-05,0,"{""fold"": 0.99992937, ""raise 4"": 5.0298913e-05, ""raise 5"": 1.75874e-05, ""allin"": 2.748074e-06}"
CO RFI,98s,0.001129942314,0,"{""fold"": 0.99887, ""raise 4"": 0.0006282076, ""raise 5"": 0.00047763385, ""allin"": 2.4100864e-05}"
CO RFI,T2s,7.2241754e-05,0,"{""fold"": 0.99992776, ""raise 4"": 3.432917e-06, ""raise 5"": 6.423217e-05, ""allin"": 4.576667e-06}"
CO RFI,T3s,5.98265013e-05,0,"{""fold"": 0.99994016, ""raise 4"": 4.827082e-05, ""raise 5"": 4.279304e-06, ""allin"": 7.2763773e-06}"
CO RFI,T4s,1.67302094e-05,0,"{""fold"": 0.9999833, ""raise 4"": 3.8206576e-06, ""raise 5"": 9.769269e-06, ""allin"": 3.1402828e-06}"
CO RFI,T5s,9.3476022e-05,0,"{""fold"": 0.9999065, ""raise 4"": 2.3475275e-05, ""raise 5"": 4.9189464e-05, ""allin"": 2.0811283e-05}"
CO RFI,T6s,0.000166513217,0,"{""fold"": 0.99983346, ""raise 4"": 5.191317e-05, ""raise 5"": 0.00010336, ""allin"": 1.1240047e-05}"
CO RFI,T7s,0.0006456062555,0,"{""fold"": 0.9993544, ""raise 4"": 0.0006424601, ""raise 5"": 1.1909743e-06, ""allin"": 1.9551812e-06}"
CO RFI,T8s,4.8237634254440004e-05,0,"{""fold"": 0.9999517, ""raise 4"": 6.4625444e-10, ""raise 5"": 4.7930884e-05, ""allin"": 3.06104e-07}"
CO RFI,T9s,0.123474578944,0,"{""fold"": 0.87652546, ""raise 4"": 0.12308252, ""raise 5"": 0.00036879827, ""allin"": 2.3260674e-05}"
CO RFI,J2s,5.401710272e-05,0,"{""fold"": 0.999946, ""raise 4"": 2.6016497e-07, ""raise 5"": 5.320466e-05, ""allin"": 5.5227775e-07}"
CO RFI,J3s,0.000920721056,0,"{""fold"": 0.9990793, ""raise 4"": 9.2080896e-05, ""raise 5"": 0.00052318146, ""allin"": 0.0003054587}"
CO RFI,J4s,0.000291621981026,0,"{""fold"": 0.9997084, ""raise 4"": 1.4475687e-07, ""raise 5"": 0.00029146654, ""allin"": 1.0684156e-08}"
CO RFI,J5s,0.00010062305973,0,"{""fold"": 0.9998994, ""raise 4"": 7.348676e-05, ""raise 5"": 2.631414e-05, ""allin"": 8.2215973e-07}"
CO RFI,J6s,1.9271380931e-05,0,"{""fold"": 0.99998075, ""raise 4"": 1.9103038e-05, ""raise 5"": 1.6445571e-07, ""allin"": 3.887221e-09}"
CO RFI,J7s,0.00581037167506,0,"{""fold"": 0.9941896, ""raise 4"": 3.2709866e-07, ""raise 5"": 0.005804092, ""allin"": 5.9525764e-06}"
CO RFI,J8s,0.00056756670367,0,"{""fold"": 0.99943244, ""raise 4"": 0.00029570935, ""raise 5"": 2.545367e-08, ""allin"": 0.0002718319}"
CO RFI,J9s,0.0032155943336,0,"{""fold"": 0.9967843, ""raise 4"": 0.0023152137, ""raise 5"": 0.0008968742, ""allin"": 3.5064336e-06}"
CO RFI,JTs,0.67966459517,0,"{""fold"": 0.32033545, ""raise 4"": 0.2256685, ""raise 5"": 0.45347983, ""allin"": 0.00051626517}"
CO RFI,Q2s,4.5437736182e-06,0,"{""fold"": 0.9999955, ""raise 4"": 2.3129512e-09, ""raise 5"": 4.52339e-06, ""allin"": 1.8070667e-08}"
CO RFI,Q3s,2.60846141e-05,0,"{""fold"": 0.9999739, ""raise 4"": 5.480009e-06, ""raise 5"": 1.914058e-05, ""allin"": 1.4640251e-06}"
CO RFI,Q4s,0.00038841517300000004,0,"{""fold"": 0.99961156, ""raise 4"": 0.00016226289, ""raise 5"": 1.0954293e-05, ""allin"": 0.00021519799}"
CO RFI,Q5s,0.000485720522,0,"{""fold"": 0.9995143, ""raise 4"": 0.0004583748, ""raise 5"": 1.6397573e-05, ""allin"": 1.0948149e-05}"
CO RFI,Q6s,7.908915180000001e-05,0,"{""fold"": 0.99992085, ""raise 4"": 6.366032e-05, ""raise 5"": 4.3188793e-06, ""allin"": 1.11099525e-05}"
CO RFI,Q7s,0.0016798928229999999,0,"{""fold"": 0.9983201, ""raise 4"": 3.2653123e-05, ""raise 5"": 0.0014717767, ""allin"": 0.000175463}"
CO RFI,Q8s,0.0003237357894,0,"{""fold"": 0.9996763, ""raise 4"": 0.00025688697, ""raise 5"": 6.367026e-05, ""allin"": 3.1785594e-06}"
CO RFI,Q9s,0.0012242730520000001,0,"{""fold"": 0.9987758, ""raise 4"": 0.00070164155, ""raise 5"": 0.00050636625, ""allin"": 1.6265252e-05}"
CO RFI,QTs,0.8320452943000001,0,"{""fold"": 0.16795473, ""raise 4"": 0.61316276, ""raise 5"": 0.21177211, ""allin"": 0.0071104243}"
CO RFI,QJs,0.9999950255,0,"{""fold"": 4.9715663e-06, ""raise 4"": 0.5841142, ""raise 5"": 0.41113752, ""allin"": 0.0047433055}"
CO RFI,K2s,8.81594103e-05,0,"{""fold"": 0.99991184, ""raise 4"": 7.476371e-05, ""raise 5"": 1.7935563e-06, ""allin"": 1.1602144e-05}"
CO RFI,K3s,0.00064637699,0,"{""fold"": 0.9993536, ""raise 4"": 0.00016645588, ""raise 5"": 0.0003624879, ""allin"": 0.00011743321}"
CO RFI,K4s,0.00027244175,0,"{""fold"": 0.99972767, ""raise 4"": 0.00014367337, ""raise 5"": 6.342027e-05, ""allin"": 6.534811e-05}"
CO RFI,K5s,0.000963021208122,0,"{""fold"": 0.99903697, ""raise 4"": 0.00096096256, ""raise 5"": 5.6661122e-08, ""allin"": 2.001987e-06}"
CO RFI,K6s,0.006595778,0,"{""fold"": 0.9934042, ""raise 4"": 0.002869144, ""raise 5"": 0.0026981866, ""allin"": 0.0010284474}"
CO RFI,K7s,0.7723933463,0,"{""fold"": 0.22760664, ""raise 4"": 0.0024340139, ""raise 5"": 0.7692692, ""allin"": 0.0006901324}"
CO RFI,K8s,0.06131182941,0,"{""fold"": 0.9386882, ""raise 4"": 0.00025440208, ""raise 5"": 0.060920663, ""allin"": 0.00013676433}"
CO RFI,K9s,0.664276545406,0,"{""fold"": 0.3357234, ""raise 4"": 6.5352084e-05, ""raise 5"": 0.66418403, ""allin"": 2.7163322e-05}"
CO RFI,KTs,0.9999896093999999,0,"{""fold"": 1.0411602e-05, ""raise 4"": 0.9832692, ""raise 5"": 0.015453556, ""allin"": 0.0012668534}"
CO RFI,KJs,0.9999998587765999,0,"{""fold"": 1.7180484e-07, ""raise 4"": 2.9070766e-06, ""raise 5"": 0.99795485, ""allin"": 0.0020421017}"
CO RFI,KQs,0.9999971000000001,0,"{""fold"": 2.9295156e-06, ""raise 4"": 0.8206676, ""raise 5"": 0.08020801, ""allin"": 0.09912149}"
CO RFI,A2s,0.748316214,0,"{""fold"": 0.25168386, ""raise 4"": 0.484167, ""raise 5"": 0.25345168, ""allin"": 0.010697534}"
CO RFI,A3s,0.5968942594,0,"{""fold"": 0.40310577, ""raise 4"": 0.115090564, ""raise 5"": 0.47566643, ""allin"": 0.0061372654}"
CO RFI,A4s,0.5044444079,0,"{""fold"": 0.49555567, ""raise 4"": 0.21916823, ""raise 5"": 0.2841397, ""allin"": 0.0011364779}"
CO RFI,A5s,0.998303314,0,"{""fold"": 0.0016967119, ""raise 4"": 0.7947332, ""raise 5"": 0.17175381, ""allin"": 0.031816304}"
CO RFI,A6s,0.99914296161,0,"{""fold"": 0.00085709686, ""raise 4"": 0.7236011, ""raise 5"": 0.27541733, ""allin"": 0.00012453161}"
CO RFI,A7s,0.99999877316,0,"{""fold"": 1.1825935e-06, ""raise 4"": 0.6145058, ""raise 5"": 0.38544604, ""allin"": 4.693316e-05}"
CO RFI,A8s,1.000000044,0,"{""fold"": 3.1363548e-08, ""raise 4"": 0.76803774, ""raise 5"": 0.18716308, ""allin"": 0.044799224}"
CO RFI,A9s,0.9999997976999999,0,"{""fold"": 1.4834717e-07, ""raise 4"": 0.9459884, ""raise 5"": 0.047421023, ""allin"": 0.0065903747}"
CO RFI,ATs,0.999999292,0,"{""fold"": 7.6545575e-07, ""raise 4"": 0.5133466, ""raise 5"": 0.44727957, ""allin"": 0.039373122}"
CO RFI,AJs,0.99999999,0,"{""fold"": 6.2015476e-11, ""raise 4"": 0.48690876, ""raise 5"": 0.43856448, ""allin"": 0.07452675}"
CO RFI,AQs,0.9999999500000001,0,"{""fold"": 9.329625e-09, ""raise 4"": 0.3896664, ""raise 5"": 0.5162913, ""allin"": 0.09404225}"
CO RFI,AKs,0.999961067,0,"{""fold"": 3.895632e-05, ""raise 4"": 0.000573117, ""raise 5"": 0.9055567, ""allin"": 0.09383125}"
CO RFI,32o,1.14187214e-08,0,"{""fold"": 1.0, ""raise 4"": 1.4492847e-09, ""raise 5"": 8.520152e-09, ""allin"": 1.4492847e-09}"
CO RFI,42o,1.09085667e-09,0,"{""fold"": 1.0, ""raise 4"": 3.6361889e-10, ""raise 5"": 3.6361889e-10, ""allin"": 3.6361889e-10}"
CO RFI,43o,5.06800967e-07,0,"{""fold"": 0.9999995, ""raise 4"": 5.060577e-08, ""raise 5"": 4.0171142e-07, ""allin"": 5.4483777e-08}"
CO RFI,52o,3.8246463e-08,0,"{""fold"": 1.0, ""raise 4"": 2.384653e-09, ""raise 5"": 2.384653e-09, ""allin"": 3.3477157e-08}"
CO RFI,53o,4.3151468e-07,0,"{""fold"": 0.9999996, ""raise 4"": 1.6876638e-07, ""raise 5"": 1.5679791e-07, ""allin"": 1.0595039e-07}"
CO RFI,54o,2.07961397e-07,0,"{""fold"": 0.99999976, ""raise 4"": 9.103784e-08, ""raise 5"": 2.5644807e-08, ""allin"": 9.127875e-08}"
CO RFI,62o,3.724044e-10,0,"{""fold"": 1.0, ""raise 4"": 5.320595e-11, ""raise 5"": 2.659925e-10, ""allin"": 5.320595e-11}"
CO RFI,63o,3.014719975e-07,0,"{""fold"": 0.99999976, ""raise 4"": 4.2074975e-09, ""raise 5"": 3.49412e-08, ""allin"": 2.623233e-07}"
CO RFI,64o,1.18993602e-05,0,"{""fold"": 0.9999881, ""raise 4"": 5.671477e-07, ""raise 5"": 3.156925e-07, ""allin"": 1.101652e-05}"
CO RFI,65o,8.402846154e-06,0,"{""fold"": 0.99999154, ""raise 4"": 3.7356472e-06, ""raise 5"": 4.5750166e-06, ""allin"": 9.2182354e-08}"
CO RFI,72o,4.9519344e-10,0,"{""fold"": 1.0, ""raise 4"": 1.6506448e-10, ""raise 5"": 1.6506448e-10, ""allin"": 1.6506448e-10}"
CO RFI,73o,3.3005258380000003e-07,0,"{""fold"": 0.99999964, ""raise 4"": 5.752118e-10, ""raise 5"": 3.868802e-09, ""allin"": 3.2560857e-07}"
CO RFI,74o,6.810904249999999e-06,0,"{""fold"": 0.99999315, ""raise 4"": 3.8349917e-06, ""raise 5"": 3.5174085e-07, ""allin"": 2.6241717e-06}"
CO RFI,75o,6.229178879999999e-09,0,"{""fold"": 1.0, ""raise 4"": 1.6840548e-10, ""raise 5"": 5.2458398e-09, ""allin"": 8.149336e-10}"
CO RFI,76o,6.95645038e-06,0,"{""fold"": 0.99999297, ""raise 4"": 3.7032788e-07, ""raise 5"": 3.842189e-06, ""allin"": 2.7439335e-06}"
CO RFI,82o,3.98165177e-07,0,"{""fold"": 0.9999996, ""raise 4"": 1.295636e-07, ""raise 5"": 3.94317e-10, ""allin"": 2.6820726e-07}"
CO RFI,83o,1.823735001e-06,0,"{""fold"": 0.9999982, ""raise 4"": 1.1234955e-06, ""raise 5"": 6.801265e-07, ""allin"": 2.0113001e-08}"
CO RFI,84o,2.125547519e-06,0,"{""fold"": 0.99999785, ""raise 4"": 5.128095e-10, ""raise 5"": 5.128095e-10, ""allin"": 2.1245219e-06}"
CO RFI,85o,1.30195243e-06,0,"{""fold"": 0.99999857, ""raise 4"": 1.988414e-07, ""raise 5"": 5.690513e-08, ""allin"": 1.0462059e-06}"
CO RFI,86o,1.7390047e-05,0,"{""fold"": 0.9999827, ""raise 4"": 2.497219e-06, ""raise 5"": 1.059939e-05, ""allin"": 4.293438e-06}"
CO RFI,87o,2.9360325e-10,0,"{""fold"": 1.0, ""raise 4"": 9.786775e-11, ""raise 5"": 9.786775e-11, ""allin"": 9.786775e-11}"
CO RFI,92o,9.5403592e-09,0,"{""fold"": 1.0, ""raise 4"": 4.0538892e-09, ""raise 5"": 3.4523673e-09, ""allin"": 2.0341027e-09}"
CO RFI,93o,3.5637107400000003e-06,0,"{""fold"": 0.9999965, ""raise 4"": 1.7568604e-07, ""raise 5"": 2.118617e-06, ""allin"": 1.2694077e-06}"
CO RFI,94o,9.2679505e-07,0,"{""fold"": 0.9999991, ""raise 4"": 6.566084e-07, ""raise 5"": 1.3389857e-07, ""allin"": 1.3628808e-07}"
CO RFI,95o,1.2724282000000001e-08,0,"{""fold"": 1.0, ""raise 4"": 6.039236e-09, ""raise 5"": 5.7048766e-09, ""allin"": 9.801694e-10}"
CO RFI,96o,7.743183757e-06,0,"{""fold"": 0.99999225, ""raise 4"": 7.401433e-06, ""raise 5"": 3.2271353e-07, ""allin"": 1.9037227e-08}"
CO RFI,97o,3.59488384e-06,0,"{""fold"": 0.9999964, ""raise 4"": 2.7447754e-06, ""raise 5"": 3.305746e-07, ""allin"": 5.1953384e-07}"
CO RFI,98o,9.3900968e-06,0,"{""fold"": 0.99999064, ""raise 4"": 3.865247e-07, ""raise 5"": 7.4199224e-06, ""allin"": 1.5836497e-06}"
CO RFI,T2o,1.037551602e-06,0,"{""fold"": 0.99999905, ""raise 4"": 2.478321e-07, ""raise 5"": 7.7853036e-07, ""allin"": 1.1189142e-08}"
CO RFI,T3o,6.040795162e-08,0,"{""fold"": 0.9999999, ""raise 4"": 1.9511281e-10, ""raise 5"": 6.0017726e-08, ""allin"": 1.9511281e-10}"
CO RFI,T4o,7.8986687e-06,0,"{""fold"": 0.99999213, ""raise 4"": 1.1442224e-06, ""raise 5"": 4.162091e-06, ""allin"": 2.5923553e-06}"
CO RFI,T5o,2.645531278e-06,0,"{""fold"": 0.9999973, ""raise 4"": 2.5531506e-06, ""raise 5"": 4.0614488e-08, ""allin"": 5.176619e-08}"
CO RFI,T6o,7.78714787e-06,0,"{""fold"": 0.9999922, ""raise 4"": 6.3597586e-06, ""raise 5"": 2.674887e-08, ""allin"": 1.4006404e-06}"
CO RFI,T7o,1.206467275e-05,0,"{""fold"": 0.999988, ""raise 4"": 2.9175515e-08, ""raise 5"": 1.2004096e-05, ""allin"": 3.1401235e-08}"
CO RFI,T8o,5.03583592e-05,0,"{""fold"": 0.99994963, ""raise 4"": 1.8628102e-06, ""raise 5"": 1.0650783e-05, ""allin"": 3.7844766e-05}"
CO RFI,T9o,2.64758646e-05,0,"{""fold"": 0.9999735, ""raise 4"": 1.8506671e-05, ""raise 5"": 2.9834619e-06, ""allin"": 4.9857317e-06}"
CO RFI,J2o,2.8882864459999997e-06,0,"{""fold"": 0.9999971, ""raise 4"": 5.3367003e-08, ""raise 5"": 2.7980639e-06, ""allin"": 3.6855543e-08}"
CO RFI,J3o,7.7968037e-06,0,"{""fold"": 0.9999922, ""raise 4"": 2.885236e-06, ""raise 5"": 1.5379431e-06, ""allin"": 3.3736246e-06}"
CO RFI,J4o,2.99090706e-07,0,"{""fold"": 0.99999964, ""raise 4"": 1.8307313e-07, ""raise 5"": 9.584063e-08, ""allin"": 2.0176946e-08}"
CO RFI,J5o,1.1646358357999999e-05,0,"{""fold"": 0.99998844, ""raise 4"": 2.8546637e-08, ""raise 5"": 2.9353721e-08, ""allin"": 1.1588458e-05}"
CO RFI,J6o,4.54520134e-05,0,"{""fold"": 0.99995446, ""raise 4"": 1.866864e-07, ""raise 5"": 3.334287e-05, ""allin"": 1.1922457e-05}"
CO RFI,J7o,4.036951124e-05,0,"{""fold"": 0.99995965, ""raise 4"": 3.9098846e-05, ""raise 5"": 2.1032174e-07, ""allin"": 1.0603435e-06}"
CO RFI,J8o,7.73158988896e-05,0,"{""fold"": 0.9999227, ""raise 4"": 7.70284e-05, ""raise 5"": 2.8244096e-09, ""allin"": 2.8467448e-07}"
CO RFI,J9o,3.77670306e-05,0,"{""fold"": 0.99996233, ""raise 4"": 2.4242559e-06, ""raise 5"": 7.324667e-07, ""allin"": 3.4610308e-05}"
CO RFI,JTo,0.15105621352,0,"{""fold"": 0.84894377, ""raise 4"": 0.0008900244, ""raise 5"": 0.15009263, ""allin"": 7.355912e-05}"
CO RFI,Q2o,0.0001304926713,0,"{""fold"": 0.99986947, ""raise 4"": 0.00012067485, ""raise 5"": 7.5605303e-06, ""allin"": 2.257291e-06}"
CO RFI,Q3o,1.3559178423e-05,0,"{""fold"": 0.99998647, ""raise 4"": 1.2831676e-05, ""raise 5"": 6.8434497e-07, ""allin"": 4.3157453e-08}"
CO RFI,Q4o,5.6429738039999994e-06,0,"{""fold"": 0.99999434, ""raise 4"": 5.159632e-06, ""raise 5"": 5.9209864e-08, ""allin"": 4.2413194e-07}"
CO RFI,Q5o,9.70252802e-07,0,"{""fold"": 0.9999991, ""raise 4"": 4.2513207e-08, ""raise 5"": 3.2656235e-08, ""allin"": 8.9508336e-07}"
CO RFI,Q6o,0.0002216274585,0,"{""fold"": 0.99977833, ""raise 4"": 0.00015550278, ""raise 5"": 6.4174936e-05, ""allin"": 1.9497425e-06}"
CO RFI,Q7o,3.43057485e-05,0,"{""fold"": 0.9999658, ""raise 4"": 3.5084365e-06, ""raise 5"": 2.5317413e-05, ""allin"": 5.479899e-06}"
CO RFI,Q8o,0.000102374435,0,"{""fold"": 0.9998976, ""raise 4"": 9.966915e-06, ""raise 5"": 3.159153e-05, ""allin"": 6.081599e-05}"
CO RFI,Q9o,0.00017856398717,0,"{""fold"": 0.9998214, ""raise 4"": 1.9947717e-07, ""raise 5"": 0.0001628664, ""allin"": 1.549811e-05}"
CO RFI,QTo,0.661571153446,0,"{""fold"": 0.33842877, ""raise 4"": 0.65931094, ""raise 5"": 0.0022471822, ""allin"": 1.3031246e-05}"
CO RFI,QJo,0.9889048599,0,"{""fold"": 0.011095103, ""raise 4"": 0.4334724, ""raise 5"": 0.5550176, ""allin"": 0.0004148599}"
CO RFI,K2o,0.0001267053127,0,"{""fold"": 0.99987334, ""raise 4"": 0.000119275785, ""raise 5"": 1.5970014e-06, ""allin"": 5.8325263e-06}"
CO RFI,K3o,5.057889806e-06,0,"{""fold"": 0.9999949, ""raise 4"": 1.4863806e-08, ""raise 5"": 1.5992132e-06, ""allin"": 3.4438128e-06}"
CO RFI,K4o,7.337311717e-05,0,"{""fold"": 0.9999266, ""raise 4"": 2.170239e-06, ""raise 5"": 7.099007e-05, ""allin"": 2.1280817e-07}"
CO RFI,K5o,6.65523764e-06,0,"{""fold"": 0.9999934, ""raise 4"": 1.0607284e-07, ""raise 5"": 4.945047e-06, ""allin"": 1.6041178e-06}"
CO RFI,K6o,5.941544719999999e-06,0,"{""fold"": 0.999994, ""raise 4"": 5.245018e-07, ""raise 5"": 5.0306794e-06, ""allin"": 3.8636352e-07}"
CO RFI,K7o,0.00015863429127,0,"{""fold"": 0.99984133, ""raise 4"": 2.4218627e-07, ""raise 5"": 3.5608955e-05, ""allin"": 0.00012278315}"
CO RFI,K8o,0.00051557775728638,0,"{""fold"": 0.9994845, ""raise 4"": 0.000497131, ""raise 5"": 1.5328638e-10, ""allin"": 1.8446604e-05}"
CO RFI,K9o,0.05969352923,0,"{""fold"": 0.94030637, ""raise 4"": 0.056288674, ""raise 5"": 0.0033300344, ""allin"": 7.482083e-05}"
CO RFI,KTo,1.00000010798,0,"{""fold"": 1.0100594e-08, ""raise 4"": 0.6789971, ""raise 5"": 0.32087302, ""allin"": 0.00012998798}"
CO RFI,KJo,0.9999995199506,0,"{""fold"": 4.2391022e-07, ""raise 4"": 0.99997693, ""raise 5"": 3.8561766e-06, ""allin"": 1.8733774e-05}"
CO RFI,KQo,0.9999995814999999,0,"{""fold"": 3.6025205e-07, ""raise 4"": 0.58489984, ""raise 5"": 0.41433585, ""allin"": 0.0007638915}"
CO RFI,A2o,0.33000698354999997,0,"{""fold"": 0.66999304, ""raise 4"": 0.32911405, ""raise 5"": 0.0003221795, ""allin"": 0.00057075405}"
CO RFI,A3o,0.13094946984199998,0,"{""fold"": 0.86905044, ""raise 4"": 0.13083877, ""raise 5"": 9.156919e-05, ""allin"": 1.9130652e-05}"
CO RFI,A4o,0.5222893238,0,"{""fold"": 0.47771072, ""raise 4"": 0.34232134, ""raise 5"": 0.17990178, ""allin"": 6.62038e-05}"
CO RFI,A5o,0.9056674407,0,"{""fold"": 0.09433252, ""raise 4"": 0.16581438, ""raise 5"": 0.7388181, ""allin"": 0.0010349607}"
CO RFI,A6o,0.30918716960000003,0,"{""fold"": 0.69081277, ""raise 4"": 0.19368903, ""raise 5"": 0.11513233, ""allin"": 0.0003658096}"
CO RFI,A7o,0.99606483401,0,"{""fold"": 0.0039351783, ""raise 4"": 0.64167833, ""raise 5"": 0.35427743, ""allin"": 0.00010907401}"
CO RFI,A8o,0.9999999596200001,0,"{""fold"": 5.092494e-10, ""raise 4"": 0.6674442, ""raise 5"": 0.33237863, ""allin"": 0.00017712962}"
CO RFI,A9o,0.99999994786,0,"{""fold"": 5.5814273e-09, ""raise 4"": 0.31410205, ""raise 5"": 0.6858755, ""allin"": 2.239786e-05}"
CO RFI,ATo,0.99999990472,0,"{""fold"": 1.2510385e-07, ""raise 4"": 0.8387941, ""raise 5"": 0.1610989, ""allin"": 0.00010690472}"
CO RFI,AJo,0.9999999469199999,0,"{""fold"": 1.9508856e-10, ""raise 4"": 0.8787029, ""raise 5"": 0.12123141, ""allin"": 6.563692e-05}"
CO RFI,AQo,1.00000005364,0,"{""fold"": 2.6717151e-08, ""raise 4"": 0.54618174, ""raise 5"": 0.45349234, ""allin"": 0.00032597364}"
CO RFI,AKo,0.999999950917,0,"{""fold"": 1.1728009e-08, ""raise 4"": 0.25827098, ""raise 5"": 0.7417176, ""allin"": 1.1370917e-05}"
BTN RFI,22,0.970548438,0,"{""fold"": 0.029451543, ""raise 4"": 0.82729876, ""raise 5"": 0.020935118, ""allin"": 0.12231456}"
BTN RFI,33,0.9996161348,0,"{""fold"": 0.00038377152, ""raise 4"": 0.9505207, ""raise 5"": 0.0036407278, ""allin"": 0.045454707}"
BTN RFI,44,0.9999326937,0,"{""fold"": 6.723462e-05, ""raise 4"": 0.91975677, ""raise 5"": 0.0006941637, ""allin"": 0.07948176}"
BTN RFI,55,0.99998316,0,"{""fold"": 1.6928569e-05, ""raise 4"": 0.413064, ""raise 5"": 0.42817733, ""allin"": 0.15874183}"
BTN RFI,66,0.999977213,0,"{""fold"": 2.283861e-05, ""raise 4"": 0.13618799, ""raise 5"": 0.847622, ""allin"": 0.016167223}"
BTN RFI,77,0.999999898,0,"{""fold"": 4.48062e-08, ""raise 4"": 0.89586246, ""raise 5"": 0.080618255, ""allin"": 0.023519183}"
BTN RFI,88,0.9999996449999999,0,"{""fold"": 2.6719363e-07, ""raise 4"": 0.2666189, ""raise 5"": 0.6895756, ""allin"": 0.043805145}"
BTN RFI,99,0.999999739346,0,"{""fold"": 2.531315e-07, ""raise 4"": 0.9635142, ""raise 5"": 3.2549346e-05, ""allin"": 0.03645299}"
BTN RFI,TT,1.0000000567140002,0,"{""fold"": 6.6236416e-09, ""raise 4"": 0.65892446, ""raise 5"": 0.3410399, ""allin"": 3.5696714e-05}"
BTN RFI,JJ,1.000000006,0,"{""fold"": 8.890295e-09, ""raise 4"": 0.72699267, ""raise 5"": 0.25582013, ""allin"": 0.017187206}"
BTN RFI,QQ,0.9999999336,0,"{""fold"": 1.2500644e-08, ""raise 4"": 0.29566568, ""raise 5"": 0.69942725, ""allin"": 0.0049070036}"
BTN RFI,KK,0.9999994535,0,"{""fold"": 5.1012654e-07, ""raise 4"": 0.322386, ""raise 5"": 0.6748948, ""allin"": 0.0027186535}"
BTN RFI,AA,0.999999922079,0,"{""fold"": 8.0099605e-10, ""raise 4"": 0.73403263, ""raise 5"": 0.2659515, ""allin"": 1.5792079e-05}"
BTN RFI,32s,9.00173283e-06,0,"{""fold"": 0.99999106, ""raise 4"": 2.7859633e-07, ""raise 5"": 7.748642e-06, ""allin"": 9.744945e-07}"
BTN RFI,42s,4.49283705e-05,0,"{""fold"": 0.99995506, ""raise 4"": 9.530272e-06, ""raise 5"": 3.055575e-05, ""allin"": 4.8423485e-06}"
BTN RFI,43s,1.8991158739999998e-05,0,"{""fold"": 0.9999811, ""raise 4"": 1.8610497e-05, ""raise 5"": 1.135226e-08, ""allin"": 3.6930948e-07}"
BTN RFI,52s,0.00012811694138,0,"{""fold"": 0.9998719, ""raise 4"": 5.2476994e-06, ""raise 5"": 3.1269198e-07, ""allin"": 0.00012255655}"
BTN RFI,53s,0.0003508908794,0,"{""fold"": 0.99964917, ""raise 4"": 1.8295724e-06, ""raise 5"": 4.3173237e-05, ""allin"": 0.00030588807}"
BTN RFI,54s,0.003435399780554,0,"{""fold"": 0.99656457, ""raise 4"": 1.5092247e-08, ""raise 5"": 4.7888307e-08, ""allin"": 0.0034353368}"
BTN RFI,62s,1.0811997950000001e-05,0,"{""fold"": 0.9999892, ""raise 4"": 8.062869e-06, ""raise 5"": 1.0832535e-07, ""allin"": 2.6408036e-06}"
BTN RFI,63s,4.38703049e-06,0,"{""fold"": 0.9999956, ""raise 4"": 6.16609e-09, ""raise 5"": 3.7591776e-06, ""allin"": 6.216868e-07}"
BTN RFI,64s,6.41319756e-07,0,"{""fold"": 0.99999934, ""raise 4"": 1.2104848e-08, ""raise 5"": 6.1711006e-07, ""allin"": 1.2104848e-08}"
BTN RFI,65s,0.000111510886,0,"{""fold"": 0.9998885, ""raise 4"": 4.049856e-05, ""raise 5"": 1.498113e-05, ""allin"": 5.6031196e-05}"
BTN RFI,72s,6.17960853e-05,0,"{""fold"": 0.99993813, ""raise 4"": 4.7262878e-05, ""raise 5"": 4.9748023e-06, ""allin"": 9.558405e-06}"
BTN RFI,73s,2.9525280199999997e-06,0,"{""fold"": 0.9999971, ""raise 4"": 1.6459545e-07, ""raise 5"": 7.8478297e-07, ""allin"": 2.0031496e-06}"
BTN RFI,74s,2.32665437e-07,0,"{""fold"": 0.9999998, ""raise 4"": 1.4424275e-07, ""raise 5"": 7.583348e-08, ""allin"": 1.2589207e-08}"
BTN RFI,75s,2.62607507521e-05,0,"{""fold"": 0.9999738, ""raise 4"": 3.0914346e-06, ""raise 5"": 2.3169034e-05, ""allin"": 2.821521e-10}"
BTN RFI,76s,0.0001159464854,0,"{""fold"": 0.99988407, ""raise 4"": 5.3889444e-06, ""raise 5"": 6.563945e-06, ""allin"": 0.000103993596}"
BTN RFI,82s,9.79340605e-06,0,"{""fold"": 0.9999902, ""raise 4"": 6.9626395e-07, ""raise 5"": 8.1787975e-06, ""allin"": 9.183446e-07}"
BTN RFI,83s,4.639533428e-05,0,"{""fold"": 0.9999537, ""raise 4"": 2.2628691e-07, ""raise 5"": 7.5936737e-07, ""allin"": 4.540968e-05}"
BTN RFI,84s,0.0003523054406,0,"{""fold"": 0.9996477, ""raise 4"": 0.00032657446, ""raise 5"": 1.908826e-05, ""allin"": 6.6427206e-06}"
BTN RFI,85s,1.35507069e-05,0,"{""fold"": 0.9999864, ""raise 4"": 5.0892645e-06, ""raise 5"": 7.057514e-07, ""allin"": 7.755691e-06}"
BTN RFI,86s,0.00032738877836,0,"{""fold"": 0.9996727, ""raise 4"": 3.8675307e-07, ""raise 5"": 3.184529e-08, ""allin"": 0.00032697018}"
BTN RFI,87s,4.7567097495999996e-05,0,"{""fold"": 0.99995244, ""raise 4"": 3.062248e-07, ""raise 5"": 4.7155772e-05, ""allin"": 1.05100696e-07}"
BTN RFI,92s,9.3896276392e-05,0,"{""fold"": 0.99990606, ""raise 4"": 5.8217392e-08, ""raise 5"": 7.952274e-05, ""allin"": 1.4315319e-05}"
BTN RFI,93s,0.000326458777,0,"{""fold"": 0.99967355, ""raise 4"": 0.00019570622, ""raise 5"": 4.2709817e-05, ""allin"": 8.804274e-05}"
BTN RFI,94s,5.6648859599999996e-05,0,"{""fold"": 0.9999434, ""raise 4"": 2.8476672e-06, ""raise 5"": 1.1147974e-06, ""allin"": 5.2686395e-05}"
BTN RFI,95s,6.94040935e-05,0,"{""fold"": 0.9999306, ""raise 4"": 5.5169885e-06, ""raise 5"": 2.2249325e-05, ""allin"": 4.163778e-05}"
BTN RFI,96s,4.5646274328999996e-05,0,"{""fold"": 0.99995434, ""raise 4"": 3.2493754e-05, ""raise 5"": 2.4758329e-08, ""allin"": 1.3127762e-05}"
BTN RFI,97s,0.00069479597239,0,"{""fold"": 0.9993052, ""raise 4"": 0.00067809864, ""raise 5"": 1.666885e-05, ""allin"": 2.848239e-08}"
BTN RFI,98s,0.0398153637686,0,"{""fold"": 0.9601847, ""raise 4"": 0.037615743, ""raise 5"": 0.0021966589, ""allin"": 2.9618686e-06}"
BTN RFI,T2s,1.2928193785e-05,0,"{""fold"": 0.9999871, ""raise 4"": 1.2819051e-05, ""raise 5"": 9.470969e-08, ""allin"": 1.4433095e-08}"
BTN RFI,T3s,2.7857035362e-05,0,"{""fold"": 0.9999722, ""raise 4"": 1.8193681e-08, ""raise 5"": 1.8193681e-08, ""allin"": 2.7820648e-05}"
BTN RFI,T4s,8.30443646e-08,0,"{""fold"": 0.99999994, ""raise 4"": 7.476046e-08, ""raise 5"": 6.013393e-09, ""allin"": 2.2705116e-09}"
BTN RFI,T5s,2.85497572e-05,0,"{""fold"": 0.9999714, ""raise 4"": 2.5784962e-05, ""raise 5"": 1.7162845e-06, ""allin"": 1.0485107e-06}"
BTN RFI,T6s,0.000293180403,0,"{""fold"": 0.99970675, ""raise 4"": 7.213266e-05, ""raise 5"": 1.4041643e-05, ""allin"": 0.0002070061}"
BTN RFI,T7s,0.00414418658,0,"{""fold"": 0.9958558, ""raise 4"": 0.0034933912, ""raise 5"": 3.182488e-05, ""allin"": 0.0006189705}"
BTN RFI,T8s,0.111793004126,0,"{""fold"": 0.88820696, ""raise 4"": 0.11101638, ""raise 5"": 1.7091976e-05, ""allin"": 0.00075953215}"
BTN RFI,T9s,0.7845036034,0,"{""fold"": 0.21549644, ""raise 4"": 0.219895, ""raise 5"": 0.55978996, ""allin"": 0.0048186434}"
BTN RFI,J2s,5.1157522000000006e-05,0,"{""fold"": 0.99994886, ""raise 4"": 4.1975163e-05, ""raise 5"": 2.0389984e-06, ""allin"": 7.1433606e-06}"
BTN RFI,J3s,2.237212406e-05,0,"{""fold"": 0.9999777, ""raise 4"": 2.043178e-05, ""raise 5"": 1.0202264e-06, ""allin"": 9.2011766e-07}"
BTN RFI,J4s,0.0002517577703,0,"{""fold"": 0.9997482, ""raise 4"": 0.00023043915, ""raise 5"": 2.016638e-05, ""allin"": 1.1522403e-06}"
BTN RFI,J5s,0.00043010693899999997,0,"{""fold"": 0.9995699, ""raise 4"": 0.00039350401, ""raise 5"": 1.2954475e-05, ""allin"": 2.3648454e-05}"
BTN RFI,J6s,0.0012669959680000002,0,"{""fold"": 0.998733, ""raise 4"": 0.0010574129, ""raise 5"": 4.1688378e-05, ""allin"": 0.00016789469}"
BTN RFI,J7s,8.275921100000001e-05,0,"{""fold"": 0.9999172, ""raise 4"": 8.331229e-06, ""raise 5"": 4.303072e-06, ""allin"": 7.012491e-05}"
BTN RFI,J8s,0.01851509675,0,"{""fold"": 0.9814849, ""raise 4"": 0.012378606, ""raise 5"": 0.0060803927, ""allin"": 5.609805e-05}"
BTN RFI,J9s,0.6941906286,0,"{""fold"": 0.30580935, ""raise 4"": 0.69134164, ""raise 5"": 0.0019794838, ""allin"": 0.0008695048}"
BTN RFI,JTs,0.99829889,0,"{""fold"": 0.001701109, ""raise 4"": 0.27536163, ""raise 5"": 0.45581904, ""allin"": 0.26711822}"
BTN RFI,Q2s,0.001955657751715,0,"{""fold"": 0.9980443, ""raise 4"": 0.0018573474, ""raise 5"": 9.8285665e-05, ""allin"": 2.4686715e-08}"
BTN RFI,Q3s,0.000313656456,0,"{""fold"": 0.9996864, ""raise 4"": 8.090727e-05, ""raise 5"": 3.9616316e-05, ""allin"": 0.00019313287}"
BTN RFI,Q4s,0.00050369563972,0,"{""fold"": 0.9994962, ""raise 4"": 0.00020071269, ""raise 5"": 3.8969972e-07, ""allin"": 0.00030259325}"
BTN RFI,Q5s,0.000189324595237,0,"{""fold"": 0.99981064, ""raise 4"": 4.3103584e-05, ""raise 5"": 0.00014616274, ""allin"": 5.8271237e-08}"
BTN RFI,Q6s,0.000215334824,0,"{""fold"": 0.99978465, ""raise 4"": 0.00015013867, ""raise 5"": 2.121876e-05, ""allin"": 4.3977394e-05}"
BTN RFI,Q7s,0.00442063071,0,"{""fold"": 0.99557936, ""raise 4"": 0.0031951775, ""raise 5"": 0.0011512887, ""allin"": 7.416451e-05}"
BTN RFI,Q8s,0.00104146881,0,"{""fold"": 0.9989585, ""raise 4"": 0.00035882046, ""raise 5"": 0.00031002655, ""allin"": 0.0003726218}"
BTN RFI,Q9s,0.68652032819187,0,"{""fold"": 0.3134797, ""raise 4"": 3.3929327e-06, ""raise 5"": 0.68651605, ""allin"": 8.8525917e-07}"
BTN RFI,QTs,0.9994221892363,0,"{""fold"": 0.0005778352, ""raise 4"": 0.968627, ""raise 5"": 1.1012363e-06, ""allin"": 0.030794088}"
BTN RFI,QJs,0.980523757839594,0,"{""fold"": 0.019476235, ""raise 4"": 0.9778604, ""raise 5"": 0.0026633234, ""allin"": 3.4439594e-08}"
BTN RFI,K2s,0.025744920346,0,"{""fold"": 0.97425514, ""raise 4"": 0.024549127, ""raise 5"": 7.3994146e-05, ""allin"": 0.0011217992}"
BTN RFI,K3s,0.000865253835,0,"{""fold"": 0.9991348, ""raise 4"": 0.00074853684, ""raise 5"": 4.155668e-05, ""allin"": 7.5160315e-05}"
BTN RFI,K4s,0.0859509986166275,0,"{""fold"": 0.91404897, ""raise 4"": 0.08595094, ""raise 5"": 4.544852e-08, ""allin"": 1.31681075e-08}"
BTN RFI,K5s,0.0010485001814231,0,"{""fold"": 0.99895155, ""raise 4"": 0.00063648046, ""raise 5"": 0.00041201635, ""allin"": 3.3714231e-09}"
BTN RFI,K6s,0.021821256292252,0,"{""fold"": 0.97817874, ""raise 4"": 0.016850727, ""raise 5"": 0.004970505, ""allin"": 2.4292252e-08}"
BTN RFI,K7s,0.0037701158200000003,0,"{""fold"": 0.9962299, ""raise 4"": 0.0015128028, ""raise 5"": 0.002167369, ""allin"": 8.994402e-05}"
BTN RFI,K8s,0.8618458631,0,"{""fold"": 0.13815412, ""raise 4"": 0.7948274, ""raise 5"": 0.06332313, ""allin"": 0.0036953331}"
BTN RFI,K9s,0.9999948056,0,"{""fold"": 5.3040585e-06, ""raise 4"": 0.46949115, ""raise 5"": 0.52516794, ""allin"": 0.0053357156}"
BTN RFI,KTs,0.9999997878700001,0,"{""fold"": 1.3849669e-07, ""raise 4"": 0.1610475, ""raise 5"": 8.088787e-05, ""allin"": 0.8388714}"
BTN RFI,KJs,0.999838747,0,"{""fold"": 0.00016127649, ""raise 4"": 0.77822685, ""raise 5"": 0.16580434, ""allin"": 0.055807557}"
BTN RFI,KQs,0.999999996,0,"{""fold"": 1.0317856e-08, ""raise 4"": 0.37641627, ""raise 5"": 0.5384688, ""allin"": 0.085114926}"
BTN RFI,A2s,0.9995343519,0,"{""fold"": 0.0004656203, ""raise 4"": 0.277889, ""raise 5"": 0.71959734, ""allin"": 0.0020480119}"
BTN RFI,A3s,0.99998998031,0,"{""fold"": 9.980173e-06, ""raise 4"": 0.08712573, ""raise 5"": 0.912791, ""allin"": 7.325031e-05}"
BTN RFI,A4s,0.999999457,0,"{""fold"": 5.3493665e-07, ""raise 4"": 0.24943261, ""raise 5"": 0.7484853, ""allin"": 0.002081547}"
BTN RFI,A5s,0.999999854,0,"{""fold"": 1.0572116e-07, ""raise 4"": 0.9384074, ""raise 5"": 0.050106537, ""allin"": 0.011485917}"
BTN RFI,A6s,0.9971761122,0,"{""fold"": 0.002823916, ""raise 4"": 0.99348015, ""raise 5"": 0.0024881738, ""allin"": 0.0012077884}"
BTN RFI,A7s,0.9999999603999999,0,"{""fold"": 3.595614e-08, ""raise 4"": 0.95215297, ""raise 5"": 0.045596506, ""allin"": 0.0022504844}"
BTN RFI,A8s,0.9999971485543401,0,"{""fold"": 2.8407474e-06, ""raise 4"": 0.16261517, ""raise 5"": 0.83738184, ""allin"": 1.3855434e-07}"
BTN RFI,A9s,1.0000000634,0,"{""fold"": 4.2511887e-09, ""raise 4"": 0.95037943, ""raise 5"": 0.043472655, ""allin"": 0.0061479784}"
BTN RFI,ATs,0.999998518,0,"{""fold"": 1.4458005e-06, ""raise 4"": 0.91572976, ""raise 5"": 0.07579109, ""allin"": 0.008477668}"
BTN RFI,AJs,0.9999967548,0,"{""fold"": 3.177414e-06, ""raise 4"": 0.9849733, ""raise 5"": 0.013014266, ""allin"": 0.0020091888}"
BTN RFI,AQs,0.999999625,0,"{""fold"": 3.7427202e-07, ""raise 4"": 0.048831455, ""raise 5"": 0.6877641, ""allin"": 0.26340407}"
BTN RFI,AKs,0.99999982,0,"{""fold"": 6.9887705e-08, ""raise 4"": 0.1601755, ""raise 5"": 0.21177995, ""allin"": 0.62804437}"
BTN RFI,32o,1.167669966e-06,0,"{""fold"": 0.9999988, ""raise 4"": 9.4757006e-08, ""raise 5"": 1.1300236e-07, ""allin"": 9.599106e-07}"
BTN RFI,42o,1.439250486e-06,0,"{""fold"": 0.9999986, ""raise 4"": 2.0779586e-08, ""raise 5"": 3.25478e-07, ""allin"": 1.0929929e-06}"
BTN RFI,43o,7.520155e-07,0,"{""fold"": 0.9999992, ""raise 4"": 6.6963037e-07, ""raise 5"": 2.017968e-08, ""allin"": 6.220545e-08}"
BTN RFI,52o,2.50316756e-06,0,"{""fold"": 0.9999975, ""raise 4"": 1.9444165e-06, ""raise 5"": 4.2815873e-07, ""allin"": 1.3059233e-07}"
BTN RFI,53o,3.259139516e-05,0,"{""fold"": 0.99996746, ""raise 4"": 8.7252016e-07, ""raise 5"": 1.8478075e-05, ""allin"": 1.32408e-05}"
BTN RFI,54o,2.45962376e-06,0,"{""fold"": 0.99999756, ""raise 4"": 1.3162135e-06, ""raise 5"": 3.7656912e-07, ""allin"": 7.6684114e-07}"
BTN RFI,62o,2.076860839e-07,0,"{""fold"": 0.9999998, ""raise 4"": 1.340505e-07, ""raise 5"": 7.151714e-08, ""allin"": 2.1184439e-09}"
BTN RFI,63o,2.27193352e-08,0,"{""fold"": 1.0, ""raise 4"": 1.3751699e-08, ""raise 5"": 5.562558e-09, ""allin"": 3.4050782e-09}"
BTN RFI,64o,8.6473020692e-06,0,"{""fold"": 0.99999136, ""raise 4"": 8.646434e-06, ""raise 5"": 4.340346e-10, ""allin"": 4.340346e-10}"
BTN RFI,65o,7.78434926e-06,0,"{""fold"": 0.9999922, ""raise 4"": 4.840846e-06, ""raise 5"": 3.8009196e-07, ""allin"": 2.5634113e-06}"
BTN RFI,72o,3.586161545e-06,0,"{""fold"": 0.9999964, ""raise 4"": 3.365051e-06, ""raise 5"": 1.1923595e-08, ""allin"": 2.0918695e-07}"
BTN RFI,73o,1.837371825e-06,0,"{""fold"": 0.99999815, ""raise 4"": 7.4103795e-08, ""raise 5"": 2.8521723e-07, ""allin"": 1.4780508e-06}"
BTN RFI,74o,3.386324245e-07,0,"{""fold"": 0.99999964, ""raise 4"": 6.5434045e-09, ""raise 5"": 2.4071227e-07, ""allin"": 9.137675e-08}"
BTN RFI,75o,7.89834411e-06,0,"{""fold"": 0.999992, ""raise 4"": 3.5894317e-07, ""raise 5"": 7.355764e-06, ""allin"": 1.8363694e-07}"
BTN RFI,76o,9.171437799999999e-06,0,"{""fold"": 0.9999907, ""raise 4"": 3.040687e-06, ""raise 5"": 3.045782e-07, ""allin"": 5.8261726e-06}"
BTN RFI,82o,4.4139585140000005e-06,0,"{""fold"": 0.9999956, ""raise 4"": 4.1681205e-06, ""raise 5"": 2.2480303e-07, ""allin"": 2.1034984e-08}"
BTN RFI,83o,2.981353415e-05,0,"{""fold"": 0.99997014, ""raise 4"": 2.8265997e-05, ""raise 5"": 1.3629164e-06, ""allin"": 1.8462075e-07}"
BTN RFI,84o,3.420466249e-06,0,"{""fold"": 0.99999666, ""raise 4"": 4.8275567e-08, ""raise 5"": 3.3257052e-06, ""allin"": 4.6485482e-08}"
BTN RFI,85o,2.4810985439999998e-05,0,"{""fold"": 0.9999752, ""raise 4"": 2.610644e-08, ""raise 5"": 1.7054452e-05, ""allin"": 7.730427e-06}"
BTN RFI,86o,2.6493878342e-06,0,"{""fold"": 0.9999973, ""raise 4"": 1.3888042e-09, ""raise 5"": 9.290263e-08, ""allin"": 2.5550964e-06}"
BTN RFI,87o,1.154909724e-06,0,"{""fold"": 0.99999887, ""raise 4"": 6.5235025e-07, ""raise 5"": 1.7817374e-08, ""allin"": 4.847421e-07}"
BTN RFI,92o,7.07588208e-07,0,"{""fold"": 0.99999934, ""raise 4"": 1.7575804e-08, ""raise 5"": 1.7575804e-08, ""allin"": 6.724366e-07}"
BTN RFI,93o,1.1508612976000002e-05,0,"{""fold"": 0.99998856, ""raise 4"": 9.889815e-06, ""raise 5"": 1.5884709e-06, ""allin"": 3.0327076e-08}"
BTN RFI,94o,3.55454267e-06,0,"{""fold"": 0.9999964, ""raise 4"": 6.5182167e-07, ""raise 5"": 1.25045e-06, ""allin"": 1.652271e-06}"
BTN RFI,95o,1.84537581e-05,0,"{""fold"": 0.99998146, ""raise 4"": 1.7938393e-05, ""raise 5"": 3.1198297e-07, ""allin"": 2.0338213e-07}"
BTN RFI,96o,5.7182614e-05,0,"{""fold"": 0.9999429, ""raise 4"": 2.300287e-05, ""raise 5"": 3.185321e-06, ""allin"": 3.0994423e-05}"
BTN RFI,97o,0.000308367934,0,"{""fold"": 0.99969167, ""raise 4"": 8.3174324e-05, ""raise 5"": 6.831622e-05, ""allin"": 0.00015687739}"
BTN RFI,98o,4.6700304819400003e-05,0,"{""fold"": 0.99995327, ""raise 4"": 3.4080756e-05, ""raise 5"": 1.0218194e-09, ""allin"": 1.2618527e-05}"
BTN RFI,T2o,5.9563792e-07,0,"{""fold"": 0.9999994, ""raise 4"": 2.010285e-07, ""raise 5"": 1.9730471e-07, ""allin"": 1.9730471e-07}"
BTN RFI,T3o,1.625236041e-06,0,"{""fold"": 0.99999833, ""raise 4"": 1.5495036e-06, ""raise 5"": 1.2232591e-08, ""allin"": 6.349985e-08}"
BTN RFI,T4o,9.542940355000001e-06,0,"{""fold"": 0.9999905, ""raise 4"": 1.0703883e-07, ""raise 5"": 1.04616525e-07, ""allin"": 9.331285e-06}"
BTN RFI,T5o,2.1923728481e-05,0,"{""fold"": 0.99997807, ""raise 4"": 4.485981e-09, ""raise 5"": 8.7662775e-06, ""allin"": 1.3152965e-05}"
BTN RFI,T6o,1.385931407e-05,0,"{""fold"": 0.9999861, ""raise 4"": 1.3312503e-05, ""raise 5"": 3.0411877e-07, ""allin"": 2.426923e-07}"
BTN RFI,T7o,1.8603470860000002e-05,0,"{""fold"": 0.9999814, ""raise 4"": 9.2129306e-07, ""raise 5"": 1.7437611e-05, ""allin"": 2.445668e-07}"
BTN RFI,T8o,2.229292988e-05,0,"{""fold"": 0.9999777, ""raise 4"": 1.0074547e-06, ""raise 5"": 4.867518e-08, ""allin"": 2.12368e-05}"
BTN RFI,T9o,0.41198933753,0,"{""fold"": 0.5880106, ""raise 4"": 0.2902246, ""raise 5"": 0.12167753, ""allin"": 8.720753e-05}"
BTN RFI,J2o,1.28505491e-06,0,"{""fold"": 0.99999875, ""raise 4"": 8.965379e-07, ""raise 5"": 3.4293026e-07, ""allin"": 4.558675e-08}"
BTN RFI,J3o,1.067135394e-07,0,"{""fold"": 0.9999999, ""raise 4"": 3.5227856e-08, ""raise 5"": 7.082192e-08, ""allin"": 6.637634e-10}"
BTN RFI,J4o,3.890576611476e-05,0,"{""fold"": 0.99996114, ""raise 4"": 3.8148704e-05, ""raise 5"": 7.5615117e-07, ""allin"": 9.1094476e-10}"
BTN RFI,J5o,6.879661e-05,0,"{""fold"": 0.99993116, ""raise 4"": 6.666377e-05, ""raise 5"": 5.725957e-07, ""allin"": 1.5602443e-06}"
BTN RFI,J6o,3.87029119e-05,0,"{""fold"": 0.9999613, ""raise 4"": 2.1325217e-05, ""raise 5"": 1.6358685e-05, ""allin"": 1.0190099e-06}"
BTN RFI,J7o,7.76990529e-05,0,"{""fold"": 0.9999223, ""raise 4"": 5.635664e-06, ""raise 5"": 7.077238e-05, ""allin"": 1.2910089e-06}"
BTN RFI,J8o,3.16698827e-05,0,"{""fold"": 0.99996835, ""raise 4"": 6.317557e-06, ""raise 5"": 2.015996e-05, ""allin"": 5.1923657e-06}"
BTN RFI,J9o,3.31341756e-05,0,"{""fold"": 0.9999669, ""raise 4"": 1.3761354e-05, ""raise 5"": 1.3610511e-05, ""allin"": 5.7623106e-06}"
BTN RFI,JTo,0.9281779034000001,0,"{""fold"": 0.071822055, ""raise 4"": 0.7588491, ""raise 5"": 0.16799016, ""allin"": 0.0013386434}"
BTN RFI,Q2o,0.000107020315,0,"{""fold"": 0.9998931, ""raise 4"": 4.351311e-05, ""raise 5"": 3.644575e-05, ""allin"": 2.7061455e-05}"
BTN RFI,Q3o,2.08402024e-05,0,"{""fold"": 0.99997914, ""raise 4"": 6.3938833e-06, ""raise 5"": 1.1300899e-05, ""allin"": 3.1454201e-06}"
BTN RFI,Q4o,2.7739594500000003e-05,0,"{""fold"": 0.99997234, ""raise 4"": 2.474292e-05, ""raise 5"": 1.9208517e-06, ""allin"": 1.0758228e-06}"
BTN RFI,Q5o,2.48006781e-05,0,"{""fold"": 0.99997514, ""raise 4"": 8.789751e-06, ""raise 5"": 1.3901047e-05, ""allin"": 2.1098801e-06}"
BTN RFI,Q6o,8.4041571e-05,0,"{""fold"": 0.999916, ""raise 4"": 6.200526e-07, ""raise 5"": 1.5131084e-06, ""allin"": 8.190841e-05}"
BTN RFI,Q7o,8.529017031919999e-05,0,"{""fold"": 0.99991477, ""raise 4"": 4.4129047e-06, ""raise 5"": 7.3856192e-09, ""allin"": 8.086988e-05}"
BTN RFI,Q8o,0.0002838056152,0,"{""fold"": 0.9997163, ""raise 4"": 0.00015819892, ""raise 5"": 0.00011994041, ""allin"": 5.6662852e-06}"
BTN RFI,Q9o,0.27228981697279997,0,"{""fold"": 0.7277101, ""raise 4"": 0.2722693, ""raise 5"": 2.3736668e-06, ""allin"": 1.8143306e-05}"
BTN RFI,QTo,0.967374697235,0,"{""fold"": 0.032625288, ""raise 4"": 0.7665204, ""raise 5"": 0.2008256, ""allin"": 2.8697235e-05}"
BTN RFI,QJo,0.9944161968967501,0,"{""fold"": 0.005583777, ""raise 4"": 0.57352895, ""raise 5"": 0.42088667, ""allin"": 5.7689675e-07}"
BTN RFI,K2o,1.61257558e-05,0,"{""fold"": 0.9999839, ""raise 4"": 1.72426e-06, ""raise 5"": 1.2486494e-05, ""allin"": 1.9150018e-06}"
BTN RFI,K3o,6.039075576e-05,0,"{""fold"": 0.99993974, ""raise 4"": 3.5668056e-06, ""raise 5"": 5.667825e-05, ""allin"": 1.4570016e-07}"
BTN RFI,K4o,9.89342475e-05,0,"{""fold"": 0.999901, ""raise 4"": 5.3248637e-05, ""raise 5"": 1.44988335e-05, ""allin"": 3.1186777e-05}"
BTN RFI,K5o,0.000237917489,0,"{""fold"": 0.99976206, ""raise 4"": 0.00021363911, ""raise 5"": 1.8619818e-05, ""allin"": 5.658561e-06}"
BTN RFI,K6o,0.00096109116,0,"{""fold"": 0.999039, ""raise 4"": 0.0001356254, ""raise 5"": 0.00072719814, ""allin"": 9.826762e-05}"
BTN RFI,K7o,0.0011470686819999999,0,"{""fold"": 0.9988529, ""raise 4"": 0.00093693606, ""raise 5"": 0.00019883193, ""allin"": 1.1300692e-05}"
BTN RFI,K8o,0.07767682433999999,0,"{""fold"": 0.9223233, ""raise 4"": 0.036730938, ""raise 5"": 0.04089765, ""allin"": 4.823634e-05}"
BTN RFI,K9o,0.3120447875,0,"{""fold"": 0.6879552, ""raise 4"": 0.0041621183, ""raise 5"": 0.30705813, ""allin"": 0.0008245392}"
BTN RFI,KTo,0.9998900333999999,0,"{""fold"": 0.000109997585, ""raise 4"": 0.44436145, ""raise 5"": 0.55032593, ""allin"": 0.0052026534}"
BTN RFI,KJo,0.9999999832,0,"{""fold"": 1.913548e-09, ""raise 4"": 0.8503313, ""raise 5"": 0.14905156, ""allin"": 0.0006171232}"
BTN RFI,KQo,0.9999999900000001,0,"{""fold"": 1.1913111e-08, ""raise 4"": 0.8592292, ""raise 5"": 0.12613443, ""allin"": 0.01463636}"
BTN RFI,A2o,0.9999236284801499,0,"{""fold"": 7.644735e-05, ""raise 4"": 4.1128015e-07, ""raise 5"": 0.9992473, ""allin"": 0.0006759172}"
BTN RFI,A3o,0.98761603862,0,"{""fold"": 0.012383845, ""raise 4"": 0.96015596, ""raise 5"": 0.027260236, ""allin"": 0.00019984262}"
BTN RFI,A4o,0.9975417099,0,"{""fold"": 0.0024583722, ""raise 4"": 0.6967443, ""raise 5"": 0.2993653, ""allin"": 0.0014321099}"
BTN RFI,A5o,0.9999999223599999,0,"{""fold"": 8.615094e-08, ""raise 4"": 0.99910355, ""raise 5"": 0.0007278569, ""allin"": 0.00016851546}"
BTN RFI,A6o,1.0000000763,0,"{""fold"": 2.327495e-09, ""raise 4"": 0.7642928, ""raise 5"": 0.23450619, ""allin"": 0.0012010863}"
BTN RFI,A7o,0.99998556643,0,"{""fold"": 1.4384743e-05, ""raise 4"": 0.8506487, ""raise 5"": 0.14926994, ""allin"": 6.692643e-05}"
BTN RFI,A8o,0.9999996982999999,0,"{""fold"": 3.3019018e-07, ""raise 4"": 0.99333113, ""raise 5"": 0.0013784713, ""allin"": 0.005290097}"
BTN RFI,A9o,0.9999909407099999,0,"{""fold"": 9.0576605e-06, ""raise 4"": 0.8851943, ""raise 5"": 0.114655785, ""allin"": 0.00014085571}"
BTN RFI,ATo,1.0000000428,0,"{""fold"": 4.0337128e-10, ""raise 4"": 0.87195534, ""raise 5"": 0.12634599, ""allin"": 0.0016987128}"
BTN RFI,AJo,0.999986029,0,"{""fold"": 1.39644835e-05, ""raise 4"": 0.43424666, ""raise 5"": 0.5611632, ""allin"": 0.004576169}"
BTN RFI,AQo,0.999999441674,0,"{""fold"": 5.132865e-07, ""raise 4"": 0.9998506, ""raise 5"": 0.00012613976, ""allin"": 2.2701914e-05}"
BTN RFI,AKo,0.9999998019999999,0,"{""fold"": 1.1924749e-07, ""raise 4"": 0.6010789, ""raise 5"": 0.3945847, ""allin"": 0.004336202}"
SB RFI,22,0.9996666999999999,0.00016787079,"{""fold"": 0.00016538533, ""call"": 0.00016787079, ""raise 6"": 0.1807399, ""allin"": 0.8189268}"
SB RFI,33,0.99984964806,0.00015022286,"{""fold"": 7.1485225e-08, ""call"": 0.00015022286, ""raise 6"": 0.99926156, ""allin"": 0.00058808806}"
SB RFI,44,0.534634402973,0.4653655,"{""fold"": 5.536609e-09, ""call"": 0.4653655, ""raise 6"": 0.53462404, ""allin"": 1.0362973e-05}"
SB RFI,55,0.4022586257,0.5977411,"{""fold"": 2.0526207e-07, ""call"": 0.5977411, ""raise 6"": 0.40160772, ""allin"": 0.0006509057}"
SB RFI,66,0.000382401677,0.9996176,"{""fold"": 1.4521248e-08, ""call"": 0.9996176, ""raise 6"": 2.4600777e-05, ""allin"": 0.0003578009}"
SB RFI,77,0.00423264696,0.99576735,"{""fold"": 2.4455202e-08, ""call"": 0.99576735, ""raise 6"": 0.0034463862, ""allin"": 0.00078626076}"
SB RFI,88,4.31794816e-05,0.9999559,"{""fold"": 9.1370526e-07, ""call"": 0.9999559, ""raise 6"": 1.1810536e-06, ""allin"": 4.1998428e-05}"
SB RFI,99,1.1402355399999999e-06,0.9999986,"{""fold"": 2.8314273e-07, ""call"": 0.9999986, ""raise 6"": 6.7163614e-07, ""allin"": 4.685994e-07}"
SB RFI,TT,7.0769146e-05,0.99992925,"{""fold"": 1.0493732e-08, ""call"": 0.99992925, ""raise 6"": 7.753401e-06, ""allin"": 6.3015745e-05}"
SB RFI,JJ,0.00038777314,0.9996122,"{""fold"": 7.453166e-09, ""call"": 0.9996122, ""raise 6"": 0.00023044473, ""allin"": 0.00015732841}"
SB RFI,QQ,5.77546113e-05,0.9999421,"{""fold"": 1.264556e-07, ""call"": 0.9999421, ""raise 6"": 5.6487457e-05, ""allin"": 1.2671543e-06}"
SB RFI,KK,0.00283173513,0.9971676,"{""fold"": 6.5404447e-07, ""call"": 0.9971676, ""raise 6"": 0.0027503732, ""allin"": 8.136193e-05}"
SB RFI,AA,8.14030705e-05,0.9999186,"{""fold"": 6.6114514e-09, ""call"": 0.9999186, ""raise 6"": 2.6349605e-06, ""allin"": 7.876811e-05}"
SB RFI,32s,0.00052273317,0.00026172886,"{""fold"": 0.9992155, ""call"": 0.00026172886, ""raise 6"": 0.00026121727, ""allin"": 0.0002615159}"
SB RFI,42s,1.7804554e-08,9.225043e-09,"{""fold"": 1.0, ""call"": 9.225043e-09, ""raise 6"": 8.902277e-09, ""allin"": 8.902277e-09}"
SB RFI,43s,1.23972838e-06,6.0287573e-07,"{""fold"": 0.9999982, ""call"": 6.0287573e-07, ""raise 6"": 1.0237885e-06, ""allin"": 2.1593988e-07}"
SB RFI,52s,1.405497248e-05,5.946528e-08,"{""fold"": 0.9999858, ""call"": 5.946528e-08, ""raise 6"": 2.9357648e-07, ""allin"": 1.3761396e-05}"
SB RFI,53s,1.43075885e-05,3.8733997e-08,"{""fold"": 0.99998575, ""call"": 3.8733997e-08, ""raise 6"": 4.3149385e-06, ""allin"": 9.99265e-06}"
SB RFI,54s,0.5775974637,1.0446041e-05,"{""fold"": 0.42239213, ""call"": 1.0446041e-05, ""raise 6"": 0.5735937, ""allin"": 0.0040037637}"
SB RFI,62s,0.000218083912635,2.4932564e-05,"{""fold"": 0.999757, ""call"": 2.4932564e-05, ""raise 6"": 0.0002180629, ""allin"": 2.1012635e-08}"
SB RFI,63s,0.000239155712,0.0007311353,"{""fold"": 0.9990297, ""call"": 0.0007311353, ""raise 6"": 0.00020876453, ""allin"": 3.0391182e-05}"
SB RFI,64s,0.0005375293104,2.875998e-07,"{""fold"": 0.9994622, ""call"": 2.875998e-07, ""raise 6"": 6.916104e-07, ""allin"": 0.0005368377}"
SB RFI,65s,2.8213334109e-05,4.440878e-05,"{""fold"": 0.9999274, ""call"": 4.440878e-05, ""raise 6"": 2.8202618e-05, ""allin"": 1.0716109e-08}"
SB RFI,72s,2.6095124e-05,6.010741e-07,"{""fold"": 0.99997336, ""call"": 6.010741e-07, ""raise 6"": 9.941765e-06, ""allin"": 1.6153359e-05}"
SB RFI,73s,0.00308351341526,0.0004553994,"{""fold"": 0.9964611, ""call"": 0.0004553994, ""raise 6"": 7.2391526e-07, ""allin"": 0.0030827895}"
SB RFI,74s,0.00027193086,0.00010123276,"{""fold"": 0.9996269, ""call"": 0.00010123276, ""raise 6"": 6.999139e-05, ""allin"": 0.00020193947}"
SB RFI,75s,0.00042675834,6.570088e-05,"{""fold"": 0.99950755, ""call"": 6.570088e-05, ""raise 6"": 0.00026579565, ""allin"": 0.00016096269}"
SB RFI,76s,0.1229299224,0.07686218,"{""fold"": 0.80020785, ""call"": 0.07686218, ""raise 6"": 0.11972425, ""allin"": 0.0032056724}"
SB RFI,82s,6.7284322e-07,3.5241774e-06,"{""fold"": 0.9999958, ""call"": 3.5241774e-06, ""raise 6"": 3.650568e-07, ""allin"": 3.0778642e-07}"
SB RFI,83s,0.004582937808,1.5345271e-05,"{""fold"": 0.99540174, ""call"": 1.5345271e-05, ""raise 6"": 2.1743108e-05, ""allin"": 0.0045611947}"
SB RFI,84s,0.00013232447,5.58855e-05,"{""fold"": 0.9998119, ""call"": 5.58855e-05, ""raise 6"": 8.667229e-05, ""allin"": 4.565218e-05}"
SB RFI,85s,0.027279864,0.00028007853,"{""fold"": 0.97244, ""call"": 0.00028007853, ""raise 6"": 0.022361852, ""allin"": 0.004918012}"
SB RFI,86s,0.1378376331,0.00064131117,"{""fold"": 0.861521, ""call"": 0.00064131117, ""raise 6"": 0.13693668, ""allin"": 0.0009009531}"
SB RFI,87s,0.481477174466,0.12914565,"{""fold"": 0.3893772, ""call"": 0.12914565, ""raise 6"": 0.48144582, ""allin"": 3.1354466e-05}"
SB RFI,92s,5.938513699999999e-06,3.5383215e-05,"{""fold"": 0.9999587, ""call"": 3.5383215e-05, ""raise 6"": 4.3520913e-06, ""allin"": 1.5864224e-06}"
SB RFI,93s,0.0010672618,6.190047e-06,"{""fold"": 0.9989265, ""call"": 6.190047e-06, ""raise 6"": 0.0006668736, ""allin"": 0.0004003882}"
SB RFI,94s,1.9022811400000002e-06,0.0067799236,"{""fold"": 0.9932182, ""call"": 0.0067799236, ""raise 6"": 8.5113254e-07, ""allin"": 1.0511486e-06}"
SB RFI,95s,0.00044248689000000004,0.0046377364,"{""fold"": 0.99491984, ""call"": 0.0046377364, ""raise 6"": 0.00012933934, ""allin"": 0.00031314755}"
SB RFI,96s,0.00050691355,0.013163812,"{""fold"": 0.9863293, ""call"": 0.013163812, ""raise 6"": 0.00025170672, ""allin"": 0.00025520683}"
SB RFI,97s,0.08129355771999999,0.0052325777,"{""fold"": 0.91347396, ""call"": 0.0052325777, ""raise 6"": 0.08098427, ""allin"": 0.00030928772}"
SB RFI,98s,0.00476150067,0.7112534,"{""fold"": 0.28398508, ""call"": 0.7112534, ""raise 6"": 0.004627027, ""allin"": 0.00013447367}"
SB RFI,T2s,0.000129290387,3.8495386e-06,"{""fold"": 0.9998669, ""call"": 3.8495386e-06, ""raise 6"": 3.0289553e-05, ""allin"": 9.9000834e-05}"
SB RFI,T3s,0.00034136666196499997,3.5141957e-07,"{""fold"": 0.9996582, ""call"": 3.5141957e-07, ""raise 6"": 0.00034133552, ""allin"": 3.1141965e-08}"
SB RFI,T4s,0.0100865704,0.0039495532,"{""fold"": 0.9859638, ""call"": 0.0039495532, ""raise 6"": 0.009301802, ""allin"": 0.0007847684}"
SB RFI,T5s,0.000194302376,8.8447514e-08,"{""fold"": 0.9998056, ""call"": 8.8447514e-08, ""raise 6"": 9.049471e-05, ""allin"": 0.000103807666}"
SB RFI,T6s,0.3700584331924,0.009468018,"{""fold"": 0.62047356, ""call"": 0.009468018, ""raise 6"": 0.3700559, ""allin"": 2.5331924e-06}"
SB RFI,T7s,0.000426913395,0.99957246,"{""fold"": 7.0547065e-07, ""call"": 0.99957246, ""raise 6"": 0.00039708166, ""allin"": 2.9831735e-05}"
SB RFI,T8s,1.1980208300000001e-05,0.99982023,"{""fold"": 0.00016772238, ""call"": 0.99982023, ""raise 6"": 7.023469e-06, ""allin"": 4.9567393e-06}"
SB RFI,T9s,0.000784504426,0.9965559,"{""fold"": 0.0026595283, ""call"": 0.9965559, ""raise 6"": 0.0007735645, ""allin"": 1.0939926e-05}"
SB RFI,J2s,0.2215732918967,0.007247097,"{""fold"": 0.7711797, ""call"": 0.007247097, ""raise 6"": 0.22156748, ""allin"": 5.8118967e-06}"
SB RFI,J3s,0.00012614624,0.03137607,"{""fold"": 0.96849775, ""call"": 0.03137607, ""raise 6"": 6.728394e-05, ""allin"": 5.88623e-05}"
SB RFI,J4s,0.01755927257224,0.00090987614,"{""fold"": 0.98153085, ""call"": 0.00090987614, ""raise 6"": 0.01755839, ""allin"": 8.8257224e-07}"
SB RFI,J5s,0.15155653859999998,0.8388531,"{""fold"": 0.009590372, ""call"": 0.8388531, ""raise 6"": 0.14987393, ""allin"": 0.0016826086}"
SB RFI,J6s,0.12207905535,0.7620911,"{""fold"": 0.115829825, ""call"": 0.7620911, ""raise 6"": 0.121757485, ""allin"": 0.00032157035}"
SB RFI,J7s,0.00420538433,0.964827,"{""fold"": 0.030967658, ""call"": 0.964827, ""raise 6"": 0.0039409143, ""allin"": 0.00026447003}"
SB RFI,J8s,7.1583735e-06,0.9999928,"{""fold"": 7.737632e-08, ""call"": 0.9999928, ""raise 6"": 1.9505515e-06, ""allin"": 5.207822e-06}"
SB RFI,J9s,0.00035382518000000003,0.9994433,"{""fold"": 0.000202863, ""call"": 0.9994433, ""raise 6"": 0.00016093579, ""allin"": 0.00019288939}"
SB RFI,JTs,0.002291942697,0.99764127,"{""fold"": 6.680113e-05, ""call"": 0.99764127, ""raise 6"": 4.9759397e-05, ""allin"": 0.0022421833}"
SB RFI,Q2s,0.33709562407,0.035331424,"{""fold"": 0.6275729, ""call"": 0.035331424, ""raise 6"": 0.33702555, ""allin"": 7.007407e-05}"
SB RFI,Q3s,0.06596501600389999,0.33814922,"{""fold"": 0.5958858, ""call"": 0.33814922, ""raise 6"": 0.06596291, ""allin"": 2.1060039e-06}"
SB RFI,Q4s,0.5742660500200001,0.37778896,"{""fold"": 0.047945004, ""call"": 0.37778896, ""raise 6"": 0.57389635, ""allin"": 0.00036970002}"
SB RFI,Q5s,5.6824252e-05,0.9998821,"{""fold"": 6.11012e-05, ""call"": 0.9998821, ""raise 6"": 3.959939e-05, ""allin"": 1.7224862e-05}"
SB RFI,Q6s,0.00032281008,0.9991025,"{""fold"": 0.0005747208, ""call"": 0.9991025, ""raise 6"": 0.00017532651, ""allin"": 0.00014748357}"
SB RFI,Q7s,3.8930876e-06,0.99851567,"{""fold"": 0.0014804138, ""call"": 0.99851567, ""raise 6"": 1.3003137e-06, ""allin"": 2.5927739e-06}"
SB RFI,Q8s,0.00016711635000000001,0.9996855,"{""fold"": 0.0001473886, ""call"": 0.9996855, ""raise 6"": 0.00012964981, ""allin"": 3.746654e-05}"
SB RFI,Q9s,0.00057215349,0.99840313,"{""fold"": 0.0010247481, ""call"": 0.99840313, ""raise 6"": 0.00044438706, ""allin"": 0.00012776643}"
SB RFI,QTs,0.00044881016602,0.99954957,"{""fold"": 1.5920593e-06, ""call"": 0.99954957, ""raise 6"": 0.00044876226, ""allin"": 4.790602e-08}"
SB RFI,QJs,0.00222617857,0.99777377,"{""fold"": 8.290133e-08, ""call"": 0.99777377, ""raise 6"": 0.00199036, ""allin"": 0.00023581857}"
SB RFI,K2s,0.1933128775,0.80556184,"{""fold"": 0.0011252053, ""call"": 0.80556184, ""raise 6"": 0.19242635, ""allin"": 0.0008865275}"
SB RFI,K3s,0.007333508,0.9924211,"{""fold"": 0.00024537568, ""call"": 0.9924211, ""raise 6"": 0.0030863152, ""allin"": 0.0042471928}"
SB RFI,K4s,8.8255336e-05,0.9999016,"{""fold"": 1.0168816e-05, ""call"": 0.9999016, ""raise 6"": 1.0783276e-05, ""allin"": 7.747206e-05}"
SB RFI,K5s,0.000716977536,0.99928266,"{""fold"": 3.0719912e-07, ""call"": 0.99928266, ""raise 6"": 3.5574336e-05, ""allin"": 0.0006814032}"
SB RFI,K6s,0.000339327081,0.99963427,"{""fold"": 2.641795e-05, ""call"": 0.99963427, ""raise 6"": 5.041531e-06, ""allin"": 0.00033428555}"
SB RFI,K7s,0.00051295236,0.99941707,"{""fold"": 7.000914e-05, ""call"": 0.99941707, ""raise 6"": 0.00046626187, ""allin"": 4.669049e-05}"
SB RFI,K8s,0.20779714049109999,0.7921982,"{""fold"": 4.7083063e-06, ""call"": 0.7921982, ""raise 6"": 0.20779428, ""allin"": 2.8604911e-06}"
SB RFI,K9s,0.00114722507,0.9988092,"{""fold"": 4.362764e-05, ""call"": 0.9988092, ""raise 6"": 0.00022664247, ""allin"": 0.0009205826}"
SB RFI,KTs,0.023399699695,0.9766003,"{""fold"": 2.3587448e-08, ""call"": 0.9766003, ""raise 6"": 0.023306467, ""allin"": 9.3232695e-05}"
SB RFI,KJs,0.56126661,0.43873325,"{""fold"": 7.9434244e-08, ""call"": 0.43873325, ""raise 6"": 0.55255884, ""allin"": 0.00870777}"
SB RFI,KQs,0.0051046940999999995,0.994895,"{""fold"": 4.0582526e-07, ""call"": 0.994895, ""raise 6"": 0.0037630075, ""allin"": 0.0013416866}"
SB RFI,A2s,0.48258448849999996,0.5172082,"{""fold"": 0.00020736038, ""call"": 0.5172082, ""raise 6"": 0.46855357, ""allin"": 0.0140309185}"
SB RFI,A3s,0.87359281338,0.12640633,"{""fold"": 8.303304e-07, ""call"": 0.12640633, ""raise 6"": 0.87339085, ""allin"": 0.00020196338}"
SB RFI,A4s,0.0007843993818,0.9992156,"{""fold"": 1.4535283e-08, ""call"": 0.9992156, ""raise 6"": 1.1297418e-06, ""allin"": 0.00078326964}"
SB RFI,A5s,0.001449558689426,0.99849254,"{""fold"": 5.7951864e-05, ""call"": 0.99849254, ""raise 6"": 1.2689426e-08, ""allin"": 0.001449546}"
SB RFI,A6s,0.010615400600000002,0.98938394,"{""fold"": 7.050834e-07, ""call"": 0.98938394, ""raise 6"": 0.005995046, ""allin"": 0.0046203546}"
SB RFI,A7s,0.03351500706333,0.9664812,"{""fold"": 3.767942e-06, ""call"": 0.9664812, ""raise 6"": 0.033514913, ""allin"": 9.406333e-08}"
SB RFI,A8s,0.7161326425,0.2838672,"{""fold"": 9.355173e-08, ""call"": 0.2838672, ""raise 6"": 0.7131621, ""allin"": 0.0029705425}"
SB RFI,A9s,0.6568577903,0.3431394,"{""fold"": 2.778001e-06, ""call"": 0.3431394, ""raise 6"": 0.6556286, ""allin"": 0.0012291903}"
SB RFI,ATs,0.13895189491499998,0.86104786,"{""fold"": 2.9001887e-07, ""call"": 0.86104786, ""raise 6"": 0.13894778, ""allin"": 4.114915e-06}"
SB RFI,AJs,0.963751312917,0.036248557,"{""fold"": 1.0348288e-07, ""call"": 0.036248557, ""raise 6"": 0.96374315, ""allin"": 8.162917e-06}"
SB RFI,AQs,0.8824020469999999,0.11759516,"{""fold"": 2.7948402e-06, ""call"": 0.11759516, ""raise 6"": 0.87308455, ""allin"": 0.009317497}"
SB RFI,AKs,0.8314771000000001,0.16851889,"{""fold"": 3.919644e-06, ""call"": 0.16851889, ""raise 6"": 0.70620495, ""allin"": 0.12527215}"
SB RFI,32o,1.12976139e-06,3.4338137e-07,"{""fold"": 0.9999985, ""call"": 3.4338137e-07, ""raise 6"": 7.2798224e-07, ""allin"": 4.0177915e-07}"
SB RFI,42o,1.507665329e-06,1.6247204e-05,"{""fold"": 0.99998224, ""call"": 1.6247204e-05, ""raise 6"": 1.4964291e-06, ""allin"": 1.1236229e-08}"
SB RFI,43o,1.31229392e-08,1.03696275e-05,"{""fold"": 0.9999896, ""call"": 1.03696275e-05, ""raise 6"": 6.5614696e-09, ""allin"": 6.5614696e-09}"
SB RFI,52o,1.61722676e-05,4.7594426e-06,"{""fold"": 0.9999791, ""call"": 4.7594426e-06, ""raise 6"": 1.5154758e-05, ""allin"": 1.0175096e-06}"
SB RFI,53o,1.91906694e-05,8.724262e-06,"{""fold"": 0.9999721, ""call"": 8.724262e-06, ""raise 6"": 1.844675e-05, ""allin"": 7.439194e-07}"
SB RFI,54o,8.755888800000001e-05,1.7030992e-05,"{""fold"": 0.9998954, ""call"": 1.7030992e-05, ""raise 6"": 3.3410255e-05, ""allin"": 5.4148633e-05}"
SB RFI,62o,5.15403951e-08,2.3659872e-08,"{""fold"": 0.9999999, ""call"": 2.3659872e-08, ""raise 6"": 4.9820574e-08, ""allin"": 1.7198211e-09}"
SB RFI,63o,3.690186435e-05,1.7553564e-05,"{""fold"": 0.9999455, ""call"": 1.7553564e-05, ""raise 6"": 2.6900435e-07, ""allin"": 3.663286e-05}"
SB RFI,64o,2.867863283e-06,1.0290483e-08,"{""fold"": 0.9999971, ""call"": 1.0290483e-08, ""raise 6"": 1.0290483e-08, ""allin"": 2.8575728e-06}"
SB RFI,65o,1.48175756e-05,2.0768914e-05,"{""fold"": 0.99996436, ""call"": 2.0768914e-05, ""raise 6"": 1.3999446e-06, ""allin"": 1.3417631e-05}"
SB RFI,72o,2.5845972499999995e-07,6.154991e-06,"{""fold"": 0.9999936, ""call"": 6.154991e-06, ""raise 6"": 8.834575e-09, ""allin"": 2.4962515e-07}"
SB RFI,73o,3.96043157e-07,1.2741448e-06,"{""fold"": 0.99999833, ""call"": 1.2741448e-06, ""raise 6"": 3.7743786e-07, ""allin"": 1.8605297e-08}"
SB RFI,74o,0.00010650965400000001,8.809078e-06,"{""fold"": 0.99988467, ""call"": 8.809078e-06, ""raise 6"": 7.128655e-05, ""allin"": 3.5223104e-05}"
SB RFI,75o,3.9953487e-06,4.2398096e-06,"{""fold"": 0.99999166, ""call"": 4.2398096e-06, ""raise 6"": 4.59515e-07, ""allin"": 3.5358337e-06}"
SB RFI,76o,0.012440752667,7.206471e-06,"{""fold"": 0.98755205, ""call"": 7.206471e-06, ""raise 6"": 0.012408511, ""allin"": 3.2241667e-05}"
SB RFI,82o,6.2951718e-07,2.5996117e-06,"{""fold"": 0.9999968, ""call"": 2.5996117e-06, ""raise 6"": 4.584646e-07, ""allin"": 1.7105258e-07}"
SB RFI,83o,1.89726318e-05,8.588932e-06,"{""fold"": 0.99997234, ""call"": 8.588932e-06, ""raise 6"": 5.7514208e-06, ""allin"": 1.3221211e-05}"
SB RFI,84o,5.474266085e-07,4.0467775e-08,"{""fold"": 0.9999994, ""call"": 4.0467775e-08, ""raise 6"": 5.4592175e-07, ""allin"": 1.5048585e-09}"
SB RFI,85o,0.00041405602,3.5106674e-05,"{""fold"": 0.9995508, ""call"": 3.5106674e-05, ""raise 6"": 0.00027934034, ""allin"": 0.00013471568}"
SB RFI,86o,0.628874021627,7.6169795e-06,"{""fold"": 0.3711184, ""call"": 7.6169795e-06, ""raise 6"": 0.6288595, ""allin"": 1.4521627e-05}"
SB RFI,87o,0.029243563500412,0.19485508,"{""fold"": 0.7759013, ""call"": 0.19485508, ""raise 6"": 0.029243555, ""allin"": 8.500412e-09}"
SB RFI,92o,1.0955130600000001e-05,6.9655107e-06,"{""fold"": 0.9999821, ""call"": 6.9655107e-06, ""raise 6"": 1.3980446e-06, ""allin"": 9.557086e-06}"
SB RFI,93o,2.7491355760000003e-05,1.0252053e-06,"{""fold"": 0.99997145, ""call"": 1.0252053e-06, ""raise 6"": 2.6829795e-05, ""allin"": 6.6156076e-07}"
SB RFI,94o,0.00014683988170000002,7.744536e-06,"{""fold"": 0.9998454, ""call"": 7.744536e-06, ""raise 6"": 0.00014492047, ""allin"": 1.9194117e-06}"
SB RFI,95o,9.202695640000001e-05,1.3942192e-05,"{""fold"": 0.9998941, ""call"": 1.3942192e-05, ""raise 6"": 8.505172e-05, ""allin"": 6.9752364e-06}"
SB RFI,96o,0.01973365627438,0.00029392785,"{""fold"": 0.9799725, ""call"": 0.00029392785, ""raise 6"": 0.019733215, ""allin"": 4.4127438e-07}"
SB RFI,97o,0.17147143680018398,0.47094107,"{""fold"": 0.35758752, ""call"": 0.47094107, ""raise 6"": 0.17147136, ""allin"": 7.6800184e-08}"
SB RFI,98o,0.000130015473,0.9914461,"{""fold"": 0.008423898, ""call"": 0.9914461, ""raise 6"": 9.998661e-05, ""allin"": 3.0028863e-05}"
SB RFI,T2o,9.794331e-06,0.00017369697,"{""fold"": 0.99981654, ""call"": 0.00017369697, ""raise 6"": 6.843639e-06, ""allin"": 2.950692e-06}"
SB RFI,T3o,5.1093803799999996e-05,0.00038853378,"{""fold"": 0.9995604, ""call"": 0.00038853378, ""raise 6"": 4.8426216e-05, ""allin"": 2.6675878e-06}"
SB RFI,T4o,2.6838696e-05,1.49702155e-05,"{""fold"": 0.99995816, ""call"": 1.49702155e-05, ""raise 6"": 1.7411661e-05, ""allin"": 9.427035e-06}"
SB RFI,T5o,0.0012755046412999999,3.9523993e-06,"{""fold"": 0.9987205, ""call"": 3.9523993e-06, ""raise 6"": 0.0012746543, ""allin"": 8.503413e-07}"
SB RFI,T6o,0.00020993523972,0.81150675,"{""fold"": 0.18828328, ""call"": 0.81150675, ""raise 6"": 0.00020975377, ""allin"": 1.8146972e-07}"
SB RFI,T7o,6.960721737e-07,0.95521086,"{""fold"": 0.044788428, ""call"": 0.95521086, ""raise 6"": 6.9248534e-07, ""allin"": 3.5868337e-09}"
SB RFI,T8o,0.00181861152,0.9942738,"{""fold"": 0.0039076074, ""call"": 0.9942738, ""raise 6"": 0.0017725383, ""allin"": 4.607322e-05}"
SB RFI,T9o,0.000266415434,0.99939275,"{""fold"": 0.00034076808, ""call"": 0.99939275, ""raise 6"": 0.00020030206, ""allin"": 6.6113374e-05}"
SB RFI,J2o,1.89044229e-05,0.001560225,"{""fold"": 0.9984209, ""call"": 0.001560225, ""raise 6"": 1.8344863e-05, ""allin"": 5.595599e-07}"
SB RFI,J3o,0.023357212224099998,3.9002094e-05,"{""fold"": 0.9766038, ""call"": 3.9002094e-05, ""raise 6"": 0.023355624, ""allin"": 1.5882241e-06}"
SB RFI,J4o,0.27526386354,0.00018833928,"{""fold"": 0.72454774, ""call"": 0.00018833928, ""raise 6"": 0.27525404, ""allin"": 9.82354e-06}"
SB RFI,J5o,0.6291759281218999,0.007147093,"{""fold"": 0.36367694, ""call"": 0.007147093, ""raise 6"": 0.6291743, ""allin"": 1.6281219e-06}"
SB RFI,J6o,0.0500981571408,0.60008943,"{""fold"": 0.34981245, ""call"": 0.60008943, ""raise 6"": 0.050091773, ""allin"": 6.3841408e-06}"
SB RFI,J7o,2.06580532e-05,0.99871033,"{""fold"": 0.0012689696, ""call"": 0.99871033, ""raise 6"": 2.7157562e-06, ""allin"": 1.7942297e-05}"
SB RFI,J8o,0.0006310990900000001,0.9993688,"{""fold"": 1.175951e-07, ""call"": 0.9993688, ""raise 6"": 0.0005136643, ""allin"": 0.00011743479}"
SB RFI,J9o,0.0006485748999999999,0.9992315,"{""fold"": 0.00011990997, ""call"": 0.9992315, ""raise 6"": 0.0001122265, ""allin"": 0.0005363484}"
SB RFI,JTo,2.46119017e-05,0.9999751,"{""fold"": 3.068926e-07, ""call"": 0.9999751, ""raise 6"": 2.4231626e-05, ""allin"": 3.802757e-07}"
SB RFI,Q2o,1.83251787e-05,0.009990824,"{""fold"": 0.9899907, ""call"": 0.009990824, ""raise 6"": 1.768307e-07, ""allin"": 1.8148348e-05}"
SB RFI,Q3o,0.48398314851199997,0.45673376,"{""fold"": 0.059283007, ""call"": 0.45673376, ""raise 6"": 0.48396543, ""allin"": 1.7718512e-05}"
SB RFI,Q4o,0.211867906015,0.52765644,"{""fold"": 0.2604756, ""call"": 0.52765644, ""raise 6"": 0.21182434, ""allin"": 4.3566015e-05}"
SB RFI,Q5o,2.7438527361e-05,0.9987877,"{""fold"": 0.001184881, ""call"": 0.9987877, ""raise 6"": 1.1861361e-08, ""allin"": 2.7426666e-05}"
SB RFI,Q6o,0.0004720502494,0.99785507,"{""fold"": 0.0016729188, ""call"": 0.99785507, ""raise 6"": 0.0004668619, ""allin"": 5.1883494e-06}"
SB RFI,Q7o,0.0016556977999999999,0.99808097,"{""fold"": 0.00026335134, ""call"": 0.99808097, ""raise 6"": 0.0010182305, ""allin"": 0.0006374673}"
SB RFI,Q8o,0.0003361413225,0.99962205,"{""fold"": 4.177641e-05, ""call"": 0.99962205, ""raise 6"": 1.51744225e-05, ""allin"": 0.0003209669}"
SB RFI,Q9o,7.480335869999999e-07,0.9999901,"{""fold"": 9.111877e-06, ""call"": 0.9999901, ""raise 6"": 7.340985e-07, ""allin"": 1.3935087e-08}"
SB RFI,QTo,0.0008778083725,0.99912214,"{""fold"": 7.041077e-08, ""call"": 0.99912214, ""raise 6"": 6.8773725e-06, ""allin"": 0.000870931}"
SB RFI,QJo,0.00033961314,0.9996471,"{""fold"": 1.3335798e-05, ""call"": 0.9996471, ""raise 6"": 0.00015503324, ""allin"": 0.0001845799}"
SB RFI,K2o,0.16107087261,0.8387395,"{""fold"": 0.00018962543, ""call"": 0.8387395, ""raise 6"": 0.16104077, ""allin"": 3.010261e-05}"
SB RFI,K3o,0.00016105978,0.9997867,"{""fold"": 5.230384e-05, ""call"": 0.9997867, ""raise 6"": 6.247099e-05, ""allin"": 9.858879e-05}"
SB RFI,K4o,0.00041542083,0.9995023,"{""fold"": 8.230013e-05, ""call"": 0.9995023, ""raise 6"": 0.00026827937, ""allin"": 0.00014714146}"
SB RFI,K5o,4.793975e-05,0.9999323,"{""fold"": 1.9795641e-05, ""call"": 0.9999323, ""raise 6"": 4.305695e-05, ""allin"": 4.8828e-06}"
SB RFI,K6o,3.952941548e-05,0.9999602,"{""fold"": 2.7851993e-07, ""call"": 0.9999602, ""raise 6"": 3.9443057e-05, ""allin"": 8.635848e-08}"
SB RFI,K7o,7.028458019999999e-05,0.9999297,"{""fold"": 8.734463e-09, ""call"": 0.9999297, ""raise 6"": 1.4434802e-06, ""allin"": 6.88411e-05}"
SB RFI,K8o,0.0013988653,0.9985764,"{""fold"": 2.4792262e-05, ""call"": 0.9985764, ""raise 6"": 0.0006581212, ""allin"": 0.0007407441}"
SB RFI,K9o,0.00050783049,0.9994626,"{""fold"": 2.9582181e-05, ""call"": 0.9994626, ""raise 6"": 0.00049470324, ""allin"": 1.312725e-05}"
SB RFI,KTo,0.000246579047,0.9997528,"{""fold"": 6.246126e-07, ""call"": 0.9997528, ""raise 6"": 0.00021099455, ""allin"": 3.5584497e-05}"
SB RFI,KJo,0.000177058582,0.9998213,"{""fold"": 1.5422673e-06, ""call"": 0.9998213, ""raise 6"": 0.00016890398, ""allin"": 8.154602e-06}"
SB RFI,KQo,0.00052981556,0.9994689,"{""fold"": 1.2201244e-06, ""call"": 0.9994689, ""raise 6"": 8.448964e-05, ""allin"": 0.00044532592}"
SB RFI,A2o,0.000223536909,0.9997729,"{""fold"": 3.5810222e-06, ""call"": 0.9997729, ""raise 6"": 0.00022026431, ""allin"": 3.272599e-06}"
SB RFI,A3o,0.00321017117,0.99678516,"{""fold"": 4.7022068e-06, ""call"": 0.99678516, ""raise 6"": 0.0031464722, ""allin"": 6.369897e-05}"
SB RFI,A4o,0.00223810574,0.9977537,"{""fold"": 8.31891e-06, ""call"": 0.9977537, ""raise 6"": 0.001438289, ""allin"": 0.00079981674}"
SB RFI,A5o,0.00010182508899999999,0.99989045,"{""fold"": 7.803184e-06, ""call"": 0.99989045, ""raise 6"": 7.398662e-05, ""allin"": 2.7838469e-05}"
SB RFI,A6o,0.00042641646,0.99956274,"{""fold"": 1.0791757e-05, ""call"": 0.99956274, ""raise 6"": 0.00026055798, ""allin"": 0.00016585848}"
SB RFI,A7o,0.0047160613957,0.99528265,"{""fold"": 1.4057953e-06, ""call"": 0.99528265, ""raise 6"": 0.0047146734, ""allin"": 1.3879957e-06}"
SB RFI,A8o,3.42460634e-05,0.9999657,"{""fold"": 3.3165848e-09, ""call"": 0.9999657, ""raise 6"": 3.354619e-05, ""allin"": 6.998734e-07}"
SB RFI,A9o,0.000490158077,0.9995093,"{""fold"": 5.0570867e-07, ""call"": 0.9995093, ""raise 6"": 1.3837107e-05, ""allin"": 0.00047632097}"
SB RFI,ATo,0.00086318686452,0.99913657,"{""fold"": 2.7470452e-07, ""call"": 0.99913657, ""raise 6"": 0.00086291216, ""allin"": 2.7470452e-07}"
SB RFI,AJo,0.00205454976,0.9979424,"{""fold"": 3.0447654e-06, ""call"": 0.9979424, ""raise 6"": 0.0014610173, ""allin"": 0.00059353246}"
SB RFI,AQo,0.833789009033,0.16621028,"{""fold"": 7.35107e-07, ""call"": 0.16621028, ""raise 6"": 0.83376074, ""allin"": 2.8269033e-05}"
SB RFI,AKo,0.161247015458904,0.8387297,"{""fold"": 2.3363189e-05, ""call"": 0.8387297, ""raise 6"": 0.16124697, ""allin"": 4.5458904e-08}"
