model,seed,iterations,position,hand,combos,fold,raise_2bb,raise_2_5bb,raise_3bb,allin,limp,open
raw-mixed-open,42,30000000,UTG RFI,22,6,0.9233157,0.018445684,0.018896332,0,0.03934219,0,0.076684206
raw-mixed-open,42,30000000,UTG RFI,33,6,0.8587448,0.051734723,0.029400995,0,0.06011956,0,0.141255278
raw-mixed-open,42,30000000,UTG RFI,44,6,0.5504136,0.24705897,0.1156141,0,0.08691335,0,0.44958642
raw-mixed-open,42,30000000,UTG RFI,55,6,0.020536577,0.4108858,0.3498574,0,0.21872026,0,0.9794634600000001
raw-mixed-open,42,30000000,UTG RFI,66,6,0.013643051,0.71870863,0.11653674,0,0.1511116,0,0.98635697
raw-mixed-open,42,30000000,UTG RFI,77,6,0.008676076,0.13270782,0.7256143,0,0.1330018,0,0.99132392
raw-mixed-open,42,30000000,UTG RFI,88,6,0.0038255586,0.33685085,0.5512735,0,0.10805011,0,0.99617446
raw-mixed-open,42,30000000,UTG RFI,99,6,0.0024992905,0.31544432,0.5258455,0,0.15621088,0,0.9975007
raw-mixed-open,42,30000000,UTG RFI,TT,6,0.0025567797,0.69543624,0.19278821,0,0.10921876,0,0.99744321
raw-mixed-open,42,30000000,UTG RFI,JJ,6,0.0011152434,0.4764916,0.3697469,0,0.15264629,0,0.99888479
raw-mixed-open,42,30000000,UTG RFI,QQ,6,0.00090452895,0.39984643,0.51834893,0,0.080900066,0,0.999095426
raw-mixed-open,42,30000000,UTG RFI,KK,6,0.0006128264,0.5749438,0.34319782,0,0.08124551,0,0.99938713
raw-mixed-open,42,30000000,UTG RFI,AA,6,0.0002731294,0.4973847,0.44895965,0,0.053382553,0,0.999726903
raw-mixed-open,42,30000000,UTG RFI,32s,4,0.96786356,0.0073688584,0.007363712,0,0.01740386,0,0.0321364304
raw-mixed-open,42,30000000,UTG RFI,42s,4,0.9682453,0.0071782377,0.006504279,0,0.018072112,0,0.0317546287
raw-mixed-open,42,30000000,UTG RFI,43s,4,0.96145,0.010654505,0.008395045,0,0.01950049,0,0.03855004
raw-mixed-open,42,30000000,UTG RFI,52s,4,0.962862,0.009397889,0.009247928,0,0.018492151,0,0.037137968
raw-mixed-open,42,30000000,UTG RFI,53s,4,0.9539228,0.014111876,0.010552255,0,0.021413073,0,0.046077204000000004
raw-mixed-open,42,30000000,UTG RFI,54s,4,0.943558,0.01641705,0.0131879095,0,0.02683706,0,0.056442019499999996
raw-mixed-open,42,30000000,UTG RFI,62s,4,0.96547115,0.008852182,0.0061883,0,0.01948838,0,0.034528862
raw-mixed-open,42,30000000,UTG RFI,63s,4,0.95673496,0.01184845,0.0095494,0,0.021867163,0,0.043265013
raw-mixed-open,42,30000000,UTG RFI,64s,4,0.94701713,0.015197412,0.014622487,0,0.023163034,0,0.052982932999999996
raw-mixed-open,42,30000000,UTG RFI,65s,4,0.92281604,0.030322919,0.021125076,0,0.025735991,0,0.077183986
raw-mixed-open,42,30000000,UTG RFI,72s,4,0.9710976,0.0060460456,0.006700912,0,0.016155483,0,0.028902440600000003
raw-mixed-open,42,30000000,UTG RFI,73s,4,0.9665059,0.008503562,0.0070964172,0,0.017894147,0,0.0334941262
raw-mixed-open,42,30000000,UTG RFI,74s,4,0.953459,0.013354749,0.012145105,0,0.021041187,0,0.046541041
raw-mixed-open,42,30000000,UTG RFI,75s,4,0.9379875,0.019529505,0.015146127,0,0.027336858,0,0.062012489999999997
raw-mixed-open,42,30000000,UTG RFI,76s,4,0.9133155,0.021292094,0.026528988,0,0.038863495,0,0.086684577
raw-mixed-open,42,30000000,UTG RFI,82s,4,0.9658762,0.008034952,0.007735283,0,0.018353477,0,0.034123712
raw-mixed-open,42,30000000,UTG RFI,83s,4,0.96548545,0.007627046,0.007354697,0,0.019532822,0,0.034514565
raw-mixed-open,42,30000000,UTG RFI,84s,4,0.95845985,0.010230904,0.010899478,0,0.020409739,0,0.041540121
raw-mixed-open,42,30000000,UTG RFI,85s,4,0.9394223,0.015018515,0.015494047,0,0.030065127,0,0.060577689000000004
raw-mixed-open,42,30000000,UTG RFI,86s,4,0.9388382,0.015548391,0.018825289,0,0.02678817,0,0.06116185
raw-mixed-open,42,30000000,UTG RFI,87s,4,0.90762967,0.025327949,0.025584174,0,0.041458305,0,0.092370428
raw-mixed-open,42,30000000,UTG RFI,92s,4,0.96384335,0.0080075115,0.0082643805,0,0.019884767,0,0.036156659
raw-mixed-open,42,30000000,UTG RFI,93s,4,0.9611197,0.010412702,0.00825434,0,0.020213189,0,0.038880231
raw-mixed-open,42,30000000,UTG RFI,94s,4,0.9609944,0.010392922,0.0083888015,0,0.020223869,0,0.0390055925
raw-mixed-open,42,30000000,UTG RFI,95s,4,0.9523836,0.013261198,0.013159248,0,0.021195997,0,0.047616443
raw-mixed-open,42,30000000,UTG RFI,96s,4,0.9346075,0.01910756,0.02049406,0,0.025790839,0,0.065392459
raw-mixed-open,42,30000000,UTG RFI,97s,4,0.90269476,0.032347154,0.030973954,0,0.033984162,0,0.09730527
raw-mixed-open,42,30000000,UTG RFI,98s,4,0.8463079,0.067648575,0.036977425,0,0.049066104,0,0.153692104
raw-mixed-open,42,30000000,UTG RFI,T2s,4,0.9627465,0.009485512,0.009583899,0,0.01818412,0,0.037253531
raw-mixed-open,42,30000000,UTG RFI,T3s,4,0.95774347,0.010388056,0.008584615,0,0.023283904,0,0.042256575000000005
raw-mixed-open,42,30000000,UTG RFI,T4s,4,0.9544166,0.013673888,0.013125876,0,0.018783696,0,0.04558346
raw-mixed-open,42,30000000,UTG RFI,T5s,4,0.9470325,0.011393536,0.014159887,0,0.02741408,0,0.052967503
raw-mixed-open,42,30000000,UTG RFI,T6s,4,0.9339688,0.021996891,0.016002197,0,0.02803216,0,0.066031248
raw-mixed-open,42,30000000,UTG RFI,T7s,4,0.8974044,0.030436577,0.025799375,0,0.046359707,0,0.102595659
raw-mixed-open,42,30000000,UTG RFI,T8s,4,0.8659079,0.04522115,0.037726395,0,0.051144484,0,0.134092029
raw-mixed-open,42,30000000,UTG RFI,T9s,4,0.25268543,0.5090518,0.14588965,0,0.09237305,0,0.7473145000000001
raw-mixed-open,42,30000000,UTG RFI,J2s,4,0.95071185,0.010709026,0.01148169,0,0.027097471,0,0.049288187
raw-mixed-open,42,30000000,UTG RFI,J3s,4,0.94824606,0.0145279085,0.0154035855,0,0.021822495,0,0.051753989
raw-mixed-open,42,30000000,UTG RFI,J4s,4,0.9441672,0.013252599,0.01730712,0,0.025273038,0,0.055832757
raw-mixed-open,42,30000000,UTG RFI,J5s,4,0.93622553,0.023472847,0.01591304,0,0.02438865,0,0.063774537
raw-mixed-open,42,30000000,UTG RFI,J6s,4,0.93328446,0.023758335,0.015300778,0,0.0276564,0,0.066715513
raw-mixed-open,42,30000000,UTG RFI,J7s,4,0.87767845,0.055054307,0.03210534,0,0.035161894,0,0.122321541
raw-mixed-open,42,30000000,UTG RFI,J8s,4,0.7798294,0.10649766,0.055639457,0,0.0580335,0,0.220170617
raw-mixed-open,42,30000000,UTG RFI,J9s,4,0.27023906,0.10119738,0.55488634,0,0.07367721,0,0.7297609300000001
raw-mixed-open,42,30000000,UTG RFI,JTs,4,0.048570573,0.5994912,0.21900609,0,0.13293214,0,0.95142943
raw-mixed-open,42,30000000,UTG RFI,Q2s,4,0.94292396,0.014291849,0.012159915,0,0.030624304,0,0.057076068
raw-mixed-open,42,30000000,UTG RFI,Q3s,4,0.93299514,0.020878846,0.016251622,0,0.029874282,0,0.06700475
raw-mixed-open,42,30000000,UTG RFI,Q4s,4,0.9204041,0.020568613,0.020775337,0,0.03825202,0,0.07959597
raw-mixed-open,42,30000000,UTG RFI,Q5s,4,0.89470506,0.025425075,0.039545704,0,0.04032416,0,0.105294939
raw-mixed-open,42,30000000,UTG RFI,Q6s,4,0.88500524,0.056320034,0.021328913,0,0.037345815,0,0.114994762
raw-mixed-open,42,30000000,UTG RFI,Q7s,4,0.8539683,0.07682402,0.028354863,0,0.04085275,0,0.146031633
raw-mixed-open,42,30000000,UTG RFI,Q8s,4,0.5777868,0.30894017,0.049912643,0,0.06336044,0,0.422213253
raw-mixed-open,42,30000000,UTG RFI,Q9s,4,0.22479923,0.16675818,0.51587594,0,0.09256661,0,0.77520073
raw-mixed-open,42,30000000,UTG RFI,QTs,4,0.026629888,0.4092555,0.42219266,0,0.14192195,0,0.97337011
raw-mixed-open,42,30000000,UTG RFI,QJs,4,0.012906265,0.43529215,0.4124355,0,0.13936612,0,0.98709377
raw-mixed-open,42,30000000,UTG RFI,K2s,4,0.895455,0.034333568,0.019587437,0,0.050623965,0,0.10454497
raw-mixed-open,42,30000000,UTG RFI,K3s,4,0.85687757,0.06541971,0.038304202,0,0.03939853,0,0.14312244200000002
raw-mixed-open,42,30000000,UTG RFI,K4s,4,0.8626428,0.04370011,0.038336884,0,0.055320248,0,0.137357242
raw-mixed-open,42,30000000,UTG RFI,K5s,4,0.8280666,0.07174229,0.055192884,0,0.044998296,0,0.17193347
raw-mixed-open,42,30000000,UTG RFI,K6s,4,0.57623464,0.20838827,0.13885838,0,0.07651874,0,0.42376539
raw-mixed-open,42,30000000,UTG RFI,K7s,4,0.2782037,0.36333242,0.24442774,0,0.11403618,0,0.72179634
raw-mixed-open,42,30000000,UTG RFI,K8s,4,0.3437815,0.26798418,0.30790722,0,0.080327004,0,0.656218404
raw-mixed-open,42,30000000,UTG RFI,K9s,4,0.0344713,0.61479354,0.17089121,0,0.17984396,0,0.96552871
raw-mixed-open,42,30000000,UTG RFI,KTs,4,0.01389921,0.1787417,0.5351741,0,0.2721851,0,0.9861009000000001
raw-mixed-open,42,30000000,UTG RFI,KJs,4,0.007946589,0.47209343,0.20086987,0,0.31909013,0,0.99205343
raw-mixed-open,42,30000000,UTG RFI,KQs,4,0.006247462,0.6322151,0.18723843,0,0.174299,0,0.9937525300000001
raw-mixed-open,42,30000000,UTG RFI,A2s,4,0.22312833,0.449848,0.10981631,0,0.2172074,0,0.77687171
raw-mixed-open,42,30000000,UTG RFI,A3s,4,0.1845262,0.124785125,0.50351256,0,0.18717611,0,0.815473795
raw-mixed-open,42,30000000,UTG RFI,A4s,4,0.046753142,0.40734893,0.16718228,0,0.37871566,0,0.95324687
raw-mixed-open,42,30000000,UTG RFI,A5s,4,0.028763583,0.4865798,0.36319625,0,0.121460326,0,0.971236376
raw-mixed-open,42,30000000,UTG RFI,A6s,4,0.029264813,0.38953668,0.26050648,0,0.32069203,0,0.9707351900000001
raw-mixed-open,42,30000000,UTG RFI,A7s,4,0.029109733,0.18768194,0.14359868,0,0.63960963,0,0.9708902500000001
raw-mixed-open,42,30000000,UTG RFI,A8s,4,0.013678345,0.25778443,0.2842294,0,0.44430783,0,0.98632166
raw-mixed-open,42,30000000,UTG RFI,A9s,4,0.006760532,0.33240372,0.35676947,0,0.3040663,0,0.99323949
raw-mixed-open,42,30000000,UTG RFI,ATs,4,0.004589166,0.5011173,0.14552408,0,0.3487695,0,0.99541088
raw-mixed-open,42,30000000,UTG RFI,AJs,4,0.0031275838,0.2965432,0.5104388,0,0.1898904,0,0.9968724
raw-mixed-open,42,30000000,UTG RFI,AQs,4,0.004208394,0.1485476,0.1655953,0,0.68164873,0,0.99579163
raw-mixed-open,42,30000000,UTG RFI,AKs,4,0.0022095821,0.6256112,0.15704282,0,0.21513644,0,0.99779046
raw-mixed-open,42,30000000,UTG RFI,32o,12,0.98934823,0.0018046226,0.0017722334,0,0.0070748585,0,0.0106517145
raw-mixed-open,42,30000000,UTG RFI,42o,12,0.9883078,0.002094829,0.0019389207,0,0.0076585324,0,0.0116922821
raw-mixed-open,42,30000000,UTG RFI,43o,12,0.9857026,0.0026891816,0.0023399638,0,0.00926819,0,0.0142973354
raw-mixed-open,42,30000000,UTG RFI,52o,12,0.987565,0.0020233046,0.0019994867,0,0.008412147,0,0.0124349383
raw-mixed-open,42,30000000,UTG RFI,53o,12,0.9858423,0.0027488635,0.0027418039,0,0.008667096,0,0.014157763399999999
raw-mixed-open,42,30000000,UTG RFI,54o,12,0.9819779,0.0036750096,0.0038836056,0,0.010463475,0,0.0180220902
raw-mixed-open,42,30000000,UTG RFI,62o,12,0.9887438,0.0019824328,0.0018856856,0,0.007388078,0,0.0112561964
raw-mixed-open,42,30000000,UTG RFI,63o,12,0.9861868,0.0026800635,0.0026348364,0,0.00849828,0,0.0138131799
raw-mixed-open,42,30000000,UTG RFI,64o,12,0.98304754,0.003088091,0.0036326658,0,0.010231729,0,0.0169524858
raw-mixed-open,42,30000000,UTG RFI,65o,12,0.9789507,0.0050478773,0.004638597,0,0.011362811,0,0.0210492853
raw-mixed-open,42,30000000,UTG RFI,72o,12,0.9897275,0.0017010064,0.0015066514,0,0.0070648273,0,0.0102724851
raw-mixed-open,42,30000000,UTG RFI,73o,12,0.987558,0.0025528483,0.0021878746,0,0.0077012638,0,0.012441986700000001
raw-mixed-open,42,30000000,UTG RFI,74o,12,0.985282,0.0028025352,0.0028275698,0,0.009087827,0,0.014717932
raw-mixed-open,42,30000000,UTG RFI,75o,12,0.9816885,0.003709057,0.0038969615,0,0.010705494,0,0.0183115125
raw-mixed-open,42,30000000,UTG RFI,76o,12,0.97600454,0.005494001,0.0054646884,0,0.013036775,0,0.0239954644
raw-mixed-open,42,30000000,UTG RFI,82o,12,0.9886456,0.0020409878,0.0019646997,0,0.0073487815,0,0.011354469
raw-mixed-open,42,30000000,UTG RFI,83o,12,0.9883534,0.0019395238,0.0019242929,0,0.0077828206,0,0.0116466373
raw-mixed-open,42,30000000,UTG RFI,84o,12,0.98551184,0.0027400074,0.0024911992,0,0.009256929,0,0.0144881356
raw-mixed-open,42,30000000,UTG RFI,85o,12,0.98263127,0.0033270519,0.00362259,0,0.010419042,0,0.0173686839
raw-mixed-open,42,30000000,UTG RFI,86o,12,0.9785271,0.0050451523,0.0047189025,0,0.01170884,0,0.0214728948
raw-mixed-open,42,30000000,UTG RFI,87o,12,0.9726253,0.006875573,0.0069788173,0,0.013520308,0,0.0273746983
raw-mixed-open,42,30000000,UTG RFI,92o,12,0.98841596,0.00211359,0.0019815948,0,0.0074888365,0,0.0115840213
raw-mixed-open,42,30000000,UTG RFI,93o,12,0.9876393,0.002478161,0.0023339796,0,0.0075484505,0,0.0123605911
raw-mixed-open,42,30000000,UTG RFI,94o,12,0.98700374,0.002118212,0.0024254264,0,0.008452515,0,0.012996153400000002
raw-mixed-open,42,30000000,UTG RFI,95o,12,0.9840769,0.0035039417,0.0031562517,0,0.0092628775,0,0.0159230709
raw-mixed-open,42,30000000,UTG RFI,96o,12,0.98073894,0.0041086874,0.00444388,0,0.010708453,0,0.0192610204
raw-mixed-open,42,30000000,UTG RFI,97o,12,0.9745325,0.0065483223,0.0056388504,0,0.013280447,0,0.0254676197
raw-mixed-open,42,30000000,UTG RFI,98o,12,0.9665899,0.008640857,0.009616724,0,0.015152451,0,0.033410032
raw-mixed-open,42,30000000,UTG RFI,T2o,12,0.9865273,0.002563999,0.0023547756,0,0.008553921,0,0.013472695600000001
raw-mixed-open,42,30000000,UTG RFI,T3o,12,0.9859036,0.0025250306,0.0027310336,0,0.0088403085,0,0.0140963727
raw-mixed-open,42,30000000,UTG RFI,T4o,12,0.98487127,0.0028147562,0.0029286288,0,0.009385289,0,0.015128674
raw-mixed-open,42,30000000,UTG RFI,T5o,12,0.98565644,0.0029003357,0.0028847896,0,0.008558474,0,0.014343599299999999
raw-mixed-open,42,30000000,UTG RFI,T6o,12,0.9815436,0.0041069915,0.0038343084,0,0.01051507,0,0.0184563699
raw-mixed-open,42,30000000,UTG RFI,T7o,12,0.97511095,0.007460116,0.00528869,0,0.012140129,0,0.024888935
raw-mixed-open,42,30000000,UTG RFI,T8o,12,0.9636592,0.0092521785,0.010190103,0,0.016898429,0,0.0363407105
raw-mixed-open,42,30000000,UTG RFI,T9o,12,0.9443289,0.018675035,0.015499029,0,0.021497028,0,0.055671092
raw-mixed-open,42,30000000,UTG RFI,J2o,12,0.98508525,0.0030605525,0.002712503,0,0.009141727,0,0.014914782500000001
raw-mixed-open,42,30000000,UTG RFI,J3o,12,0.9841196,0.003381292,0.0037694678,0,0.008729568,0,0.0158803278
raw-mixed-open,42,30000000,UTG RFI,J4o,12,0.9836529,0.003561435,0.003708124,0,0.009077544,0,0.016347103
raw-mixed-open,42,30000000,UTG RFI,J5o,12,0.98029035,0.0041573895,0.0040961066,0,0.011456139,0,0.0197096351
raw-mixed-open,42,30000000,UTG RFI,J6o,12,0.9802316,0.0047947317,0.0041957186,0,0.010777932,0,0.0197683823
raw-mixed-open,42,30000000,UTG RFI,J7o,12,0.9754571,0.005535529,0.006108518,0,0.012898899,0,0.024542946
raw-mixed-open,42,30000000,UTG RFI,J8o,12,0.9651502,0.011021953,0.008577999,0,0.015249898,0,0.03484985
raw-mixed-open,42,30000000,UTG RFI,J9o,12,0.94140446,0.021685798,0.016648112,0,0.020261679,0,0.058595589000000003
raw-mixed-open,42,30000000,UTG RFI,JTo,12,0.69963825,0.0716373,0.19270548,0,0.036019016,0,0.300361796
raw-mixed-open,42,30000000,UTG RFI,Q2o,12,0.9834611,0.0033590854,0.0032140538,0,0.009965829,0,0.0165389682
raw-mixed-open,42,30000000,UTG RFI,Q3o,12,0.980311,0.0046195146,0.003918289,0,0.011151226,0,0.0196890296
raw-mixed-open,42,30000000,UTG RFI,Q4o,12,0.97865134,0.0048365635,0.004550625,0,0.011961535,0,0.0213487235
raw-mixed-open,42,30000000,UTG RFI,Q5o,12,0.9767298,0.005669155,0.0057626055,0,0.011838456,0,0.023270216500000003
raw-mixed-open,42,30000000,UTG RFI,Q6o,12,0.97685015,0.0061544706,0.0060623037,0,0.010933144,0,0.0231499183
raw-mixed-open,42,30000000,UTG RFI,Q7o,12,0.97189164,0.0071643605,0.0067359577,0,0.014207954,0,0.0281082722
raw-mixed-open,42,30000000,UTG RFI,Q8o,12,0.9578517,0.012589256,0.011697678,0,0.017861342,0,0.042148276
raw-mixed-open,42,30000000,UTG RFI,Q9o,12,0.92012626,0.033938535,0.019349124,0,0.026586002,0,0.079873661
raw-mixed-open,42,30000000,UTG RFI,QTo,12,0.44713125,0.36406946,0.14659709,0,0.042202186,0,0.552868736
raw-mixed-open,42,30000000,UTG RFI,QJo,12,0.103934675,0.5723974,0.24805611,0,0.07561177,0,0.89606528
raw-mixed-open,42,30000000,UTG RFI,K2o,12,0.97589225,0.0056496635,0.0054017585,0,0.013056284,0,0.024107706
raw-mixed-open,42,30000000,UTG RFI,K3o,12,0.97435427,0.005933659,0.0060328334,0,0.01367923,0,0.0256457224
raw-mixed-open,42,30000000,UTG RFI,K4o,12,0.971875,0.0075568026,0.006533767,0,0.014034448,0,0.0281250176
raw-mixed-open,42,30000000,UTG RFI,K5o,12,0.9668379,0.008649982,0.009134793,0,0.0153773725,0,0.0331621475
raw-mixed-open,42,30000000,UTG RFI,K6o,12,0.95681393,0.0117862,0.011987744,0,0.019412076,0,0.04318602
raw-mixed-open,42,30000000,UTG RFI,K7o,12,0.9500183,0.020242076,0.010203752,0,0.019535942,0,0.04998177
raw-mixed-open,42,30000000,UTG RFI,K8o,12,0.9402901,0.020356648,0.016774442,0,0.022578828,0,0.059709918
raw-mixed-open,42,30000000,UTG RFI,K9o,12,0.72894037,0.05330186,0.18367903,0,0.034078717,0,0.271059607
raw-mixed-open,42,30000000,UTG RFI,KTo,12,0.03151356,0.44554985,0.44606262,0,0.07687389,0,0.96848636
raw-mixed-open,42,30000000,UTG RFI,KJo,12,0.013139086,0.61630684,0.25366277,0,0.1168913,0,0.98686091
raw-mixed-open,42,30000000,UTG RFI,KQo,12,0.0054532043,0.3763796,0.5626497,0,0.05551755,0,0.99454685
raw-mixed-open,42,30000000,UTG RFI,A2o,12,0.93688923,0.01644563,0.01720541,0,0.029459741,0,0.063110781
raw-mixed-open,42,30000000,UTG RFI,A3o,12,0.90085334,0.0453546,0.02480039,0,0.028991636,0,0.099146626
raw-mixed-open,42,30000000,UTG RFI,A4o,12,0.8094471,0.092799045,0.053923015,0,0.043830786,0,0.190552846
raw-mixed-open,42,30000000,UTG RFI,A5o,12,0.622094,0.10604033,0.19910812,0,0.07275764,0,0.37790609
raw-mixed-open,42,30000000,UTG RFI,A6o,12,0.6802592,0.24540935,0.038414903,0,0.035916485,0,0.319740738
raw-mixed-open,42,30000000,UTG RFI,A7o,12,0.28043476,0.16142851,0.48576733,0,0.072369374,0,0.719565214
raw-mixed-open,42,30000000,UTG RFI,A8o,12,0.038857155,0.37238395,0.4743203,0,0.11443859,0,0.9611428399999999
raw-mixed-open,42,30000000,UTG RFI,A9o,12,0.013562225,0.5706423,0.29939488,0,0.11640061,0,0.98643779
raw-mixed-open,42,30000000,UTG RFI,ATo,12,0.005012606,0.56885934,0.30953765,0,0.11659036,0,0.99498735
raw-mixed-open,42,30000000,UTG RFI,AJo,12,0.0039433865,0.170257,0.7308548,0,0.09494474,0,0.99605654
raw-mixed-open,42,30000000,UTG RFI,AQo,12,0.0019759533,0.49599236,0.4072636,0,0.09476808,0,0.99802404
raw-mixed-open,42,30000000,UTG RFI,AKo,12,0.0013306364,0.30664912,0.23227952,0,0.4597407,0,0.99866934
raw-mixed-open,42,30000000,HJ RFI,22,6,0.90450394,0.023154717,0.021174857,0,0.05116651,0,0.095496084
raw-mixed-open,42,30000000,HJ RFI,33,6,0.85024965,0.042022828,0.033751294,0,0.07397626,0,0.14975038200000002
raw-mixed-open,42,30000000,HJ RFI,44,6,0.29510954,0.118223526,0.10761145,0,0.47905546,0,0.704890436
raw-mixed-open,42,30000000,HJ RFI,55,6,0.034289468,0.30515212,0.3562823,0,0.3042761,0,0.96571052
raw-mixed-open,42,30000000,HJ RFI,66,6,0.011320254,0.27955645,0.5460254,0,0.16309789,0,0.98867974
raw-mixed-open,42,30000000,HJ RFI,77,6,0.0070820157,0.5308854,0.34757507,0,0.11445754,0,0.9929180099999999
raw-mixed-open,42,30000000,HJ RFI,88,6,0.005259924,0.50980765,0.17114699,0,0.3137854,0,0.9947400399999999
raw-mixed-open,42,30000000,HJ RFI,99,6,0.0034173802,0.62078184,0.2066591,0,0.1691417,0,0.9965826400000001
raw-mixed-open,42,30000000,HJ RFI,TT,6,0.0019129819,0.17414738,0.4750958,0,0.34884378,0,0.99808696
raw-mixed-open,42,30000000,HJ RFI,JJ,6,0.0012336888,0.30065078,0.4400223,0,0.2580932,0,0.99876628
raw-mixed-open,42,30000000,HJ RFI,QQ,6,0.00096311374,0.4081594,0.46706152,0,0.12381597,0,0.99903689
raw-mixed-open,42,30000000,HJ RFI,KK,6,0.0006686282,0.28170568,0.5403672,0,0.17725857,0,0.9993314500000001
raw-mixed-open,42,30000000,HJ RFI,AA,6,0.00036264744,0.39547485,0.54427737,0,0.05988518,0,0.9996374
raw-mixed-open,42,30000000,HJ RFI,32s,4,0.9637419,0.007569057,0.007566943,0,0.021122146,0,0.036258146
raw-mixed-open,42,30000000,HJ RFI,42s,4,0.96351653,0.008467114,0.0073992684,0,0.020617098,0,0.0364834804
raw-mixed-open,42,30000000,HJ RFI,43s,4,0.9601125,0.008730226,0.009208036,0,0.02194924,0,0.039887502
raw-mixed-open,42,30000000,HJ RFI,52s,4,0.9624,0.007940294,0.00863922,0,0.021020453,0,0.037599967
raw-mixed-open,42,30000000,HJ RFI,53s,4,0.9474506,0.010469648,0.013742519,0,0.028337313,0,0.052549479999999996
raw-mixed-open,42,30000000,HJ RFI,54s,4,0.94426227,0.010689752,0.011742022,0,0.033306036,0,0.05573781
raw-mixed-open,42,30000000,HJ RFI,62s,4,0.9648396,0.007422726,0.0065033487,0,0.021234304,0,0.0351603787
raw-mixed-open,42,30000000,HJ RFI,63s,4,0.95883185,0.009593809,0.0081009455,0,0.023473384,0,0.0411681385
raw-mixed-open,42,30000000,HJ RFI,64s,4,0.94637996,0.012447185,0.013148078,0,0.028024888,0,0.053620151000000005
raw-mixed-open,42,30000000,HJ RFI,65s,4,0.9350149,0.016406646,0.018483963,0,0.030094426,0,0.064985035
raw-mixed-open,42,30000000,HJ RFI,72s,4,0.9660899,0.007397241,0.006520778,0,0.01999203,0,0.033910049
raw-mixed-open,42,30000000,HJ RFI,73s,4,0.95033205,0.01254257,0.008871541,0,0.028253805,0,0.049667916
raw-mixed-open,42,30000000,HJ RFI,74s,4,0.952888,0.012360567,0.010564576,0,0.024186807,0,0.04711195
raw-mixed-open,42,30000000,HJ RFI,75s,4,0.934302,0.016044836,0.017871005,0,0.031782303,0,0.065698144
raw-mixed-open,42,30000000,HJ RFI,76s,4,0.9225006,0.021641599,0.01873128,0,0.03712652,0,0.077499399
raw-mixed-open,42,30000000,HJ RFI,82s,4,0.9625455,0.007819451,0.008071875,0,0.021563107,0,0.037454433
raw-mixed-open,42,30000000,HJ RFI,83s,4,0.9590411,0.008682075,0.010022612,0,0.02225414,0,0.040958826999999996
raw-mixed-open,42,30000000,HJ RFI,84s,4,0.95529467,0.007769179,0.011762676,0,0.0251736,0,0.044705455
raw-mixed-open,42,30000000,HJ RFI,85s,4,0.9452479,0.013176781,0.014299877,0,0.027275493,0,0.054752151
raw-mixed-open,42,30000000,HJ RFI,86s,4,0.9140808,0.023310235,0.017148545,0,0.04546049,0,0.08591926999999999
raw-mixed-open,42,30000000,HJ RFI,87s,4,0.8759521,0.034604795,0.026702091,0,0.06274106,0,0.124047946
raw-mixed-open,42,30000000,HJ RFI,92s,4,0.9606156,0.008537516,0.009309629,0,0.02153726,0,0.039384405
raw-mixed-open,42,30000000,HJ RFI,93s,4,0.95903826,0.009006521,0.009485108,0,0.022470031,0,0.040961660000000004
raw-mixed-open,42,30000000,HJ RFI,94s,4,0.95973784,0.010529342,0.009784629,0,0.019948214,0,0.040262185
raw-mixed-open,42,30000000,HJ RFI,95s,4,0.945633,0.015091789,0.013487129,0,0.025788017,0,0.054366935
raw-mixed-open,42,30000000,HJ RFI,96s,4,0.9322878,0.015766768,0.018104473,0,0.03384094,0,0.067712181
raw-mixed-open,42,30000000,HJ RFI,97s,4,0.8843334,0.04569991,0.028913682,0,0.041053142,0,0.11566673400000001
raw-mixed-open,42,30000000,HJ RFI,98s,4,0.79982793,0.079923116,0.049567614,0,0.07068131,0,0.20017204
raw-mixed-open,42,30000000,HJ RFI,T2s,4,0.95361394,0.01317144,0.00948881,0,0.023725767,0,0.046386017
raw-mixed-open,42,30000000,HJ RFI,T3s,4,0.94726413,0.014282544,0.010406059,0,0.028047245,0,0.052735848
raw-mixed-open,42,30000000,HJ RFI,T4s,4,0.9457396,0.01239138,0.011513333,0,0.030355701,0,0.054260414
raw-mixed-open,42,30000000,HJ RFI,T5s,4,0.94710636,0.0122396285,0.012144647,0,0.028509326,0,0.0528936015
raw-mixed-open,42,30000000,HJ RFI,T6s,4,0.9248649,0.019148177,0.023301322,0,0.0326855,0,0.075134999
raw-mixed-open,42,30000000,HJ RFI,T7s,4,0.8907525,0.043110967,0.021968015,0,0.04416856,0,0.109247542
raw-mixed-open,42,30000000,HJ RFI,T8s,4,0.76972705,0.1383803,0.028380293,0,0.063512415,0,0.230273008
raw-mixed-open,42,30000000,HJ RFI,T9s,4,0.58064973,0.17016979,0.1292364,0,0.11994402,0,0.41935021
raw-mixed-open,42,30000000,HJ RFI,J2s,4,0.9523038,0.012436918,0.010148494,0,0.025110787,0,0.047696198999999995
raw-mixed-open,42,30000000,HJ RFI,J3s,4,0.949234,0.011795206,0.010079283,0,0.028891485,0,0.050765974000000005
raw-mixed-open,42,30000000,HJ RFI,J4s,4,0.9332129,0.010616919,0.02018548,0,0.03598471,0,0.066787109
raw-mixed-open,42,30000000,HJ RFI,J5s,4,0.92987525,0.023580665,0.014501803,0,0.032042187,0,0.07012465500000001
raw-mixed-open,42,30000000,HJ RFI,J6s,4,0.9184832,0.023588939,0.01700487,0,0.04092299,0,0.081516799
raw-mixed-open,42,30000000,HJ RFI,J7s,4,0.853487,0.037076313,0.03828424,0,0.07115248,0,0.14651303300000001
raw-mixed-open,42,30000000,HJ RFI,J8s,4,0.79219985,0.052638803,0.09098769,0,0.0641737,0,0.207800193
raw-mixed-open,42,30000000,HJ RFI,J9s,4,0.6679972,0.10158901,0.13030358,0,0.10011031,0,0.3320029
raw-mixed-open,42,30000000,HJ RFI,JTs,4,0.05370475,0.5919621,0.22665837,0,0.1276748,0,0.94629527
raw-mixed-open,42,30000000,HJ RFI,Q2s,4,0.93635356,0.016262254,0.020739447,0,0.026644731,0,0.063646432
raw-mixed-open,42,30000000,HJ RFI,Q3s,4,0.92879725,0.02032222,0.014834929,0,0.036045615,0,0.071202764
raw-mixed-open,42,30000000,HJ RFI,Q4s,4,0.9225319,0.024457078,0.018035943,0,0.034975022,0,0.077468043
raw-mixed-open,42,30000000,HJ RFI,Q5s,4,0.8734779,0.050989803,0.02383941,0,0.051692978,0,0.126522191
raw-mixed-open,42,30000000,HJ RFI,Q6s,4,0.89151645,0.03037545,0.03197764,0,0.046130504,0,0.108483594
raw-mixed-open,42,30000000,HJ RFI,Q7s,4,0.87621474,0.04756203,0.028874937,0,0.047348224,0,0.123785191
raw-mixed-open,42,30000000,HJ RFI,Q8s,4,0.40134388,0.46421394,0.087184794,0,0.04725732,0,0.598656054
raw-mixed-open,42,30000000,HJ RFI,Q9s,4,0.13513248,0.56853133,0.15947059,0,0.13686568,0,0.8648676
raw-mixed-open,42,30000000,HJ RFI,QTs,4,0.0234265,0.35428306,0.36337727,0,0.25891316,0,0.9765734899999999
raw-mixed-open,42,30000000,HJ RFI,QJs,4,0.025622806,0.25331402,0.1850498,0,0.5360133,0,0.97437712
raw-mixed-open,42,30000000,HJ RFI,K2s,4,0.8793548,0.039891563,0.02993862,0,0.050815064,0,0.120645247
raw-mixed-open,42,30000000,HJ RFI,K3s,4,0.786574,0.1477654,0.02775854,0,0.037902106,0,0.21342604599999998
raw-mixed-open,42,30000000,HJ RFI,K4s,4,0.87543625,0.032337036,0.031209376,0,0.061017215,0,0.124563627
raw-mixed-open,42,30000000,HJ RFI,K5s,4,0.8128846,0.056289364,0.05179711,0,0.07902876,0,0.18711523400000002
raw-mixed-open,42,30000000,HJ RFI,K6s,4,0.6404432,0.12556992,0.115108825,0,0.11887809,0,0.359556835
raw-mixed-open,42,30000000,HJ RFI,K7s,4,0.3625154,0.15781856,0.27008224,0,0.20958386,0,0.6374846599999999
raw-mixed-open,42,30000000,HJ RFI,K8s,4,0.3628774,0.21885292,0.33301812,0,0.08525156,0,0.6371226
raw-mixed-open,42,30000000,HJ RFI,K9s,4,0.07350138,0.21627806,0.5426978,0,0.16752271,0,0.92649857
raw-mixed-open,42,30000000,HJ RFI,KTs,4,0.014253615,0.46893418,0.37938133,0,0.13743088,0,0.98574639
raw-mixed-open,42,30000000,HJ RFI,KJs,4,0.008905246,0.56111646,0.17164898,0,0.25832933,0,0.9910947700000001
raw-mixed-open,42,30000000,HJ RFI,KQs,4,0.007838315,0.15943895,0.3643111,0,0.46841156,0,0.99216161
raw-mixed-open,42,30000000,HJ RFI,A2s,4,0.18292816,0.5482237,0.17465559,0,0.09419258,0,0.8170718699999999
raw-mixed-open,42,30000000,HJ RFI,A3s,4,0.048243154,0.6453153,0.14111489,0,0.1653267,0,0.95175689
raw-mixed-open,42,30000000,HJ RFI,A4s,4,0.042331405,0.28988412,0.13863279,0,0.52915174,0,0.95766865
raw-mixed-open,42,30000000,HJ RFI,A5s,4,0.022581609,0.13847762,0.5181065,0,0.32083425,0,0.97741837
raw-mixed-open,42,30000000,HJ RFI,A6s,4,0.035921033,0.21158983,0.6129166,0,0.13957258,0,0.9640790100000001
raw-mixed-open,42,30000000,HJ RFI,A7s,4,0.018865254,0.5134074,0.20619135,0,0.26153597,0,0.98113472
raw-mixed-open,42,30000000,HJ RFI,A8s,4,0.01976987,0.19981638,0.13654721,0,0.6438666,0,0.9802301899999999
raw-mixed-open,42,30000000,HJ RFI,A9s,4,0.009828838,0.13504271,0.32095623,0,0.5341722,0,0.99017114
raw-mixed-open,42,30000000,HJ RFI,ATs,4,0.006376826,0.29879907,0.12817729,0,0.5666468,0,0.9936231600000001
raw-mixed-open,42,30000000,HJ RFI,AJs,4,0.004037354,0.51382256,0.19189736,0,0.2902427,0,0.99596262
raw-mixed-open,42,30000000,HJ RFI,AQs,4,0.003352933,0.24194832,0.2975779,0,0.45712078,0,0.9966470000000001
raw-mixed-open,42,30000000,HJ RFI,AKs,4,0.0018801196,0.2393335,0.4541553,0,0.30463108,0,0.99811988
raw-mixed-open,42,30000000,HJ RFI,32o,12,0.9864521,0.0015602141,0.0017223825,0,0.01026524,0,0.0135478366
raw-mixed-open,42,30000000,HJ RFI,42o,12,0.98699456,0.0017456261,0.0016980695,0,0.009561722,0,0.0130054176
raw-mixed-open,42,30000000,HJ RFI,43o,12,0.98506016,0.0019528543,0.0021020253,0,0.010884949,0,0.0149398286
raw-mixed-open,42,30000000,HJ RFI,52o,12,0.9852943,0.00210428,0.0022473573,0,0.01035402,0,0.014705657300000001
raw-mixed-open,42,30000000,HJ RFI,53o,12,0.98324054,0.0027055324,0.0022154155,0,0.011838462,0,0.0167594099
raw-mixed-open,42,30000000,HJ RFI,54o,12,0.97918177,0.0039886334,0.0040730573,0,0.012756517,0,0.0208182077
raw-mixed-open,42,30000000,HJ RFI,62o,12,0.9867661,0.0018692525,0.0018722086,0,0.009492382,0,0.0132338431
raw-mixed-open,42,30000000,HJ RFI,63o,12,0.9857418,0.0020789057,0.0023252964,0,0.009854064,0,0.0142582661
raw-mixed-open,42,30000000,HJ RFI,64o,12,0.9807905,0.0030721796,0.003323168,0,0.012814138,0,0.0192094856
raw-mixed-open,42,30000000,HJ RFI,65o,12,0.97667545,0.0041193524,0.0041989777,0,0.015006199,0,0.023324529099999998
raw-mixed-open,42,30000000,HJ RFI,72o,12,0.9883671,0.0014538609,0.0015083374,0,0.008670688,0,0.011632886299999999
raw-mixed-open,42,30000000,HJ RFI,73o,12,0.98611677,0.0020994938,0.0022935306,0,0.009490206,0,0.013883230399999998
raw-mixed-open,42,30000000,HJ RFI,74o,12,0.9839184,0.0025962263,0.0023062911,0,0.011179093,0,0.016081610399999998
raw-mixed-open,42,30000000,HJ RFI,75o,12,0.9795031,0.0032035979,0.0036789821,0,0.013614411,0,0.020496991
raw-mixed-open,42,30000000,HJ RFI,76o,12,0.9752823,0.0050503514,0.0051320153,0,0.014535279,0,0.0247176457
raw-mixed-open,42,30000000,HJ RFI,82o,12,0.98636186,0.0019988548,0.001674101,0,0.0099652,0,0.013638155800000001
raw-mixed-open,42,30000000,HJ RFI,83o,12,0.98618215,0.0019714509,0.0019122291,0,0.009934087,0,0.013817767
raw-mixed-open,42,30000000,HJ RFI,84o,12,0.9845338,0.001967265,0.0031202044,0,0.010378756,0,0.015466225399999999
raw-mixed-open,42,30000000,HJ RFI,85o,12,0.98078954,0.0031851237,0.0035656951,0,0.01245965,0,0.019210468799999998
raw-mixed-open,42,30000000,HJ RFI,86o,12,0.97447884,0.0050743413,0.005610794,0,0.014835986,0,0.0255211213
raw-mixed-open,42,30000000,HJ RFI,87o,12,0.9711874,0.0063907513,0.0067327674,0,0.01568904,0,0.0288125587
raw-mixed-open,42,30000000,HJ RFI,92o,12,0.985677,0.0019155471,0.0021815635,0,0.0102258595,0,0.0143229701
raw-mixed-open,42,30000000,HJ RFI,93o,12,0.98534244,0.0021956824,0.0021579035,0,0.010303921,0,0.0146575069
raw-mixed-open,42,30000000,HJ RFI,94o,12,0.9851695,0.0022548528,0.0024033238,0,0.0101723485,0,0.014830525099999999
raw-mixed-open,42,30000000,HJ RFI,95o,12,0.9829595,0.0030761731,0.0027108216,0,0.011253442,0,0.0170404367
raw-mixed-open,42,30000000,HJ RFI,96o,12,0.9778052,0.0038879765,0.0043530087,0,0.013953811,0,0.0221947962
raw-mixed-open,42,30000000,HJ RFI,97o,12,0.9725523,0.006735819,0.0056166123,0,0.015095277,0,0.0274477083
raw-mixed-open,42,30000000,HJ RFI,98o,12,0.9639706,0.008151798,0.00843661,0,0.019440982,0,0.03602939
raw-mixed-open,42,30000000,HJ RFI,T2o,12,0.98555267,0.002366579,0.0025567545,0,0.0095239915,0,0.014447325
raw-mixed-open,42,30000000,HJ RFI,T3o,12,0.98337126,0.0026638638,0.00284223,0,0.0111227,0,0.0166287938
raw-mixed-open,42,30000000,HJ RFI,T4o,12,0.9846045,0.0024304877,0.0028534236,0,0.0101115955,0,0.0153955068
raw-mixed-open,42,30000000,HJ RFI,T5o,12,0.9823649,0.003596274,0.0033217329,0,0.010717099,0,0.0176351059
raw-mixed-open,42,30000000,HJ RFI,T6o,12,0.9774462,0.005059654,0.0043691406,0,0.013124986,0,0.0225537806
raw-mixed-open,42,30000000,HJ RFI,T7o,12,0.971646,0.006139051,0.0072490484,0,0.014965953,0,0.028354052400000003
raw-mixed-open,42,30000000,HJ RFI,T8o,12,0.96153206,0.009451504,0.010713014,0,0.018303413,0,0.038467931
raw-mixed-open,42,30000000,HJ RFI,T9o,12,0.9267744,0.022650557,0.01929318,0,0.031281892,0,0.073225629
raw-mixed-open,42,30000000,HJ RFI,J2o,12,0.98227257,0.0032662875,0.0028334393,0,0.011627692,0,0.0177274188
raw-mixed-open,42,30000000,HJ RFI,J3o,12,0.97997165,0.0036640447,0.0033158544,0,0.013048542,0,0.0200284411
raw-mixed-open,42,30000000,HJ RFI,J4o,12,0.9804452,0.0033845583,0.0035228191,0,0.012647409,0,0.0195547864
raw-mixed-open,42,30000000,HJ RFI,J5o,12,0.9783921,0.003906068,0.0046376754,0,0.0130641,0,0.0216078434
raw-mixed-open,42,30000000,HJ RFI,J6o,12,0.9774989,0.004036492,0.0050144237,0,0.013450165,0,0.022501080700000002
raw-mixed-open,42,30000000,HJ RFI,J7o,12,0.96734124,0.008006391,0.0058563733,0,0.01879598,0,0.0326587443
raw-mixed-open,42,30000000,HJ RFI,J8o,12,0.96189904,0.010436892,0.010414782,0,0.017249297,0,0.038100971
raw-mixed-open,42,30000000,HJ RFI,J9o,12,0.93013275,0.02128757,0.02064239,0,0.027937256,0,0.069867216
raw-mixed-open,42,30000000,HJ RFI,JTo,12,0.641632,0.102033734,0.21831354,0,0.03802073,0,0.358368004
raw-mixed-open,42,30000000,HJ RFI,Q2o,12,0.97907716,0.0040926673,0.0036044638,0,0.013225687,0,0.0209228181
raw-mixed-open,42,30000000,HJ RFI,Q3o,12,0.9786492,0.0043952465,0.0045611467,0,0.012394464,0,0.0213508572
raw-mixed-open,42,30000000,HJ RFI,Q4o,12,0.9766451,0.0046636444,0.0047037983,0,0.013987484,0,0.0233549267
raw-mixed-open,42,30000000,HJ RFI,Q5o,12,0.9732189,0.0055560106,0.0071072676,0,0.0141178155,0,0.0267810937
raw-mixed-open,42,30000000,HJ RFI,Q6o,12,0.9690224,0.007736535,0.0082239965,0,0.015017107,0,0.0309776385
raw-mixed-open,42,30000000,HJ RFI,Q7o,12,0.96986914,0.0059594763,0.007382806,0,0.016788634,0,0.030130916299999998
raw-mixed-open,42,30000000,HJ RFI,Q8o,12,0.95264226,0.01619548,0.013040577,0,0.018121684,0,0.047357741
raw-mixed-open,42,30000000,HJ RFI,Q9o,12,0.89057827,0.032086257,0.04582906,0,0.031506415,0,0.109421732
raw-mixed-open,42,30000000,HJ RFI,QTo,12,0.27327496,0.33952624,0.35665724,0,0.030541522,0,0.726725002
raw-mixed-open,42,30000000,HJ RFI,QJo,12,0.24417205,0.37291744,0.311035,0,0.0718755,0,0.75582794
raw-mixed-open,42,30000000,HJ RFI,K2o,12,0.97319925,0.005480955,0.0052631586,0,0.016056651,0,0.026800764600000002
raw-mixed-open,42,30000000,HJ RFI,K3o,12,0.9683545,0.006811948,0.00819256,0,0.016640924,0,0.031645432
raw-mixed-open,42,30000000,HJ RFI,K4o,12,0.96792346,0.0076978356,0.0084046805,0,0.01597399,0,0.0320765061
raw-mixed-open,42,30000000,HJ RFI,K5o,12,0.95041335,0.015159721,0.012046841,0,0.022380084,0,0.049586646
raw-mixed-open,42,30000000,HJ RFI,K6o,12,0.9508671,0.012741233,0.014530499,0,0.02186112,0,0.049132852000000005
raw-mixed-open,42,30000000,HJ RFI,K7o,12,0.9379062,0.02322084,0.015081728,0,0.023791237,0,0.062093805
raw-mixed-open,42,30000000,HJ RFI,K8o,12,0.91442347,0.015625563,0.04132484,0,0.028626101,0,0.085576504
raw-mixed-open,42,30000000,HJ RFI,K9o,12,0.7880679,0.122101225,0.041077293,0,0.048753623,0,0.211932141
raw-mixed-open,42,30000000,HJ RFI,KTo,12,0.059859134,0.52950335,0.3376755,0,0.07296203,0,0.9401408800000001
raw-mixed-open,42,30000000,HJ RFI,KJo,12,0.019261887,0.31348935,0.46788156,0,0.19936718,0,0.98073809
raw-mixed-open,42,30000000,HJ RFI,KQo,12,0.007458879,0.61351067,0.27519357,0,0.10383693,0,0.99254117
raw-mixed-open,42,30000000,HJ RFI,A2o,12,0.90967405,0.042554908,0.017471937,0,0.030299103,0,0.090325948
raw-mixed-open,42,30000000,HJ RFI,A3o,12,0.875975,0.034400236,0.03464049,0,0.05498423,0,0.124024956
raw-mixed-open,42,30000000,HJ RFI,A4o,12,0.78213316,0.06177986,0.1130725,0,0.043014478,0,0.217866838
raw-mixed-open,42,30000000,HJ RFI,A5o,12,0.64573693,0.13396172,0.15391847,0,0.06638285,0,0.35426304
raw-mixed-open,42,30000000,HJ RFI,A6o,12,0.5944669,0.18222277,0.18334903,0,0.039961275,0,0.405533075
raw-mixed-open,42,30000000,HJ RFI,A7o,12,0.22515115,0.24683659,0.2565347,0,0.27147758,0,0.77484887
raw-mixed-open,42,30000000,HJ RFI,A8o,12,0.07012178,0.5267177,0.27485424,0,0.12830628,0,0.92987822
raw-mixed-open,42,30000000,HJ RFI,A9o,12,0.017023532,0.3009428,0.5768034,0,0.105230264,0,0.9829764639999999
raw-mixed-open,42,30000000,HJ RFI,ATo,12,0.006858557,0.66166425,0.13567382,0,0.1958034,0,0.99314147
raw-mixed-open,42,30000000,HJ RFI,AJo,12,0.0033118802,0.45884013,0.42824036,0,0.10960762,0,0.99668811
raw-mixed-open,42,30000000,HJ RFI,AQo,12,0.0026466278,0.23983584,0.5710934,0,0.1864241,0,0.99735334
raw-mixed-open,42,30000000,HJ RFI,AKo,12,0.0015130108,0.4918516,0.26390138,0,0.24273401,0,0.99848699
raw-mixed-open,42,30000000,CO RFI,22,6,0.8292531,0.022054812,0.025041599,0,0.12365056,0,0.170746971
raw-mixed-open,42,30000000,CO RFI,33,6,0.57712233,0.05080103,0.22145812,0,0.15061854,0,0.42287769
raw-mixed-open,42,30000000,CO RFI,44,6,0.4237468,0.12821598,0.29872558,0,0.14931168,0,0.57625324
raw-mixed-open,42,30000000,CO RFI,55,6,0.036117297,0.5185772,0.20868437,0,0.23662108,0,0.96388265
raw-mixed-open,42,30000000,CO RFI,66,6,0.012483605,0.24548307,0.25300023,0,0.4890331,0,0.9875164
raw-mixed-open,42,30000000,CO RFI,77,6,0.0069592576,0.38281822,0.41228983,0,0.19793275,0,0.9930408
raw-mixed-open,42,30000000,CO RFI,88,6,0.0062697427,0.097874336,0.5248855,0,0.37097046,0,0.9937302960000001
raw-mixed-open,42,30000000,CO RFI,99,6,0.0032751032,0.32668713,0.25231227,0,0.4177255,0,0.9967249
raw-mixed-open,42,30000000,CO RFI,TT,6,0.0024864003,0.5650696,0.32599053,0,0.10645346,0,0.99751359
raw-mixed-open,42,30000000,CO RFI,JJ,6,0.0015837189,0.3480744,0.24984075,0,0.40050113,0,0.99841628
raw-mixed-open,42,30000000,CO RFI,QQ,6,0.0011570884,0.33743495,0.4413102,0,0.22009774,0,0.9988428899999999
raw-mixed-open,42,30000000,CO RFI,KK,6,0.0012793995,0.71320873,0.17302126,0,0.11249063,0,0.99872062
raw-mixed-open,42,30000000,CO RFI,AA,6,0.00038400834,0.3881966,0.5040159,0,0.107403524,0,0.9996160239999999
raw-mixed-open,42,30000000,CO RFI,32s,4,0.96218544,0.007203998,0.006560028,0,0.024050595,0,0.037814621
raw-mixed-open,42,30000000,CO RFI,42s,4,0.9530036,0.009007471,0.0061282674,0,0.031860698,0,0.0469964364
raw-mixed-open,42,30000000,CO RFI,43s,4,0.9435361,0.01194772,0.007450823,0,0.037065372,0,0.056463914999999996
raw-mixed-open,42,30000000,CO RFI,52s,4,0.9462515,0.008378696,0.009148031,0,0.036221754,0,0.053748481
raw-mixed-open,42,30000000,CO RFI,53s,4,0.9436229,0.014645637,0.010893936,0,0.030837595,0,0.056377168
raw-mixed-open,42,30000000,CO RFI,54s,4,0.9348258,0.012354349,0.013742978,0,0.039076895,0,0.065174222
raw-mixed-open,42,30000000,CO RFI,62s,4,0.95880485,0.006526677,0.008487443,0,0.026181065,0,0.041195185
raw-mixed-open,42,30000000,CO RFI,63s,4,0.94605106,0.008952398,0.009824788,0,0.035171747,0,0.053948933000000004
raw-mixed-open,42,30000000,CO RFI,64s,4,0.9369087,0.0106014805,0.012101836,0,0.04038795,0,0.06309126649999999
raw-mixed-open,42,30000000,CO RFI,65s,4,0.9330517,0.019344663,0.011917943,0,0.03568565,0,0.066948256
raw-mixed-open,42,30000000,CO RFI,72s,4,0.96270126,0.005224954,0.0072719385,0,0.024801832,0,0.0372987245
raw-mixed-open,42,30000000,CO RFI,73s,4,0.9591633,0.009282976,0.0059219734,0,0.025631737,0,0.0408366864
raw-mixed-open,42,30000000,CO RFI,74s,4,0.9386549,0.01052127,0.011900515,0,0.038923252,0,0.061345037
raw-mixed-open,42,30000000,CO RFI,75s,4,0.93147385,0.019057008,0.01376754,0,0.03570156,0,0.068526108
raw-mixed-open,42,30000000,CO RFI,76s,4,0.9057887,0.02849169,0.025648344,0,0.04007119,0,0.094211224
raw-mixed-open,42,30000000,CO RFI,82s,4,0.9552542,0.007930432,0.0072367764,0,0.029578522,0,0.044745730399999996
raw-mixed-open,42,30000000,CO RFI,83s,4,0.9541379,0.0059434595,0.0077707195,0,0.032147884,0,0.045862063
raw-mixed-open,42,30000000,CO RFI,84s,4,0.9407111,0.014222737,0.010504128,0,0.034562096,0,0.059288961
raw-mixed-open,42,30000000,CO RFI,85s,4,0.9390813,0.014315351,0.0102689825,0,0.03633433,0,0.0609186635
raw-mixed-open,42,30000000,CO RFI,86s,4,0.92054236,0.013171973,0.023686787,0,0.042598806,0,0.07945756600000001
raw-mixed-open,42,30000000,CO RFI,87s,4,0.8588547,0.037736483,0.042512223,0,0.060896523,0,0.141145229
raw-mixed-open,42,30000000,CO RFI,92s,4,0.9511158,0.011248699,0.008831653,0,0.028803907,0,0.048884259
raw-mixed-open,42,30000000,CO RFI,93s,4,0.94700027,0.009234816,0.011184919,0,0.032579955,0,0.05299969
raw-mixed-open,42,30000000,CO RFI,94s,4,0.95061433,0.008855923,0.0113244355,0,0.029205328,0,0.0493856865
raw-mixed-open,42,30000000,CO RFI,95s,4,0.93590266,0.014912321,0.012744762,0,0.036440276,0,0.06409735899999999
raw-mixed-open,42,30000000,CO RFI,96s,4,0.91270155,0.020551424,0.01879849,0,0.047948517,0,0.08729843100000001
raw-mixed-open,42,30000000,CO RFI,97s,4,0.9141232,0.029937088,0.013865603,0,0.04207418,0,0.08587687100000001
raw-mixed-open,42,30000000,CO RFI,98s,4,0.875653,0.030930579,0.035780113,0,0.057636283,0,0.124346975
raw-mixed-open,42,30000000,CO RFI,T2s,4,0.9510154,0.008023188,0.010652879,0,0.030308452,0,0.048984519000000004
raw-mixed-open,42,30000000,CO RFI,T3s,4,0.9366454,0.015117148,0.015911158,0,0.03232632,0,0.063354626
raw-mixed-open,42,30000000,CO RFI,T4s,4,0.9380656,0.015229051,0.013897548,0,0.032807756,0,0.061934354999999996
raw-mixed-open,42,30000000,CO RFI,T5s,4,0.92326415,0.018277405,0.014896322,0,0.043562096,0,0.07673582300000001
raw-mixed-open,42,30000000,CO RFI,T6s,4,0.91697514,0.01982302,0.026645832,0,0.036556073,0,0.083024925
raw-mixed-open,42,30000000,CO RFI,T7s,4,0.8947044,0.03989408,0.021289838,0,0.04411166,0,0.105295578
raw-mixed-open,42,30000000,CO RFI,T8s,4,0.80547047,0.030721983,0.10748546,0,0.05632212,0,0.19452956300000002
raw-mixed-open,42,30000000,CO RFI,T9s,4,0.701918,0.09126985,0.063269645,0,0.14354257,0,0.298082065
raw-mixed-open,42,30000000,CO RFI,J2s,4,0.925595,0.017958527,0.017983316,0,0.038463198,0,0.07440504099999999
raw-mixed-open,42,30000000,CO RFI,J3s,4,0.92808926,0.016482452,0.012148275,0,0.04328001,0,0.071910737
raw-mixed-open,42,30000000,CO RFI,J4s,4,0.9245704,0.015826272,0.020673808,0,0.038929533,0,0.075429613
raw-mixed-open,42,30000000,CO RFI,J5s,4,0.9220339,0.020241372,0.020230882,0,0.037493877,0,0.077966131
raw-mixed-open,42,30000000,CO RFI,J6s,4,0.9295663,0.015588649,0.018176036,0,0.03666893,0,0.070433615
raw-mixed-open,42,30000000,CO RFI,J7s,4,0.8912117,0.028572747,0.027377088,0,0.05283848,0,0.108788315
raw-mixed-open,42,30000000,CO RFI,J8s,4,0.76740736,0.09231517,0.05573571,0,0.08454178,0,0.23259266
raw-mixed-open,42,30000000,CO RFI,J9s,4,0.36714286,0.40088093,0.14916447,0,0.08281175,0,0.63285715
raw-mixed-open,42,30000000,CO RFI,JTs,4,0.050232965,0.3687019,0.4561221,0,0.124943,0,0.949767
raw-mixed-open,42,30000000,CO RFI,Q2s,4,0.8839049,0.05211703,0.024648745,0,0.039329357,0,0.116095132
raw-mixed-open,42,30000000,CO RFI,Q3s,4,0.90218323,0.020921448,0.022119217,0,0.05477611,0,0.097816775
raw-mixed-open,42,30000000,CO RFI,Q4s,4,0.90061796,0.022659216,0.02261731,0,0.054105528,0,0.099382054
raw-mixed-open,42,30000000,CO RFI,Q5s,4,0.89172304,0.020309795,0.047384676,0,0.040582515,0,0.10827698599999999
raw-mixed-open,42,30000000,CO RFI,Q6s,4,0.8300634,0.045313653,0.039741125,0,0.08488192,0,0.169936698
raw-mixed-open,42,30000000,CO RFI,Q7s,4,0.8078242,0.03733313,0.07856825,0,0.07627437,0,0.19217575
raw-mixed-open,42,30000000,CO RFI,Q8s,4,0.7038552,0.07002088,0.09941768,0,0.1267062,0,0.29614476
raw-mixed-open,42,30000000,CO RFI,Q9s,4,0.14188258,0.21318766,0.4701832,0,0.17474656,0,0.85811742
raw-mixed-open,42,30000000,CO RFI,QTs,4,0.03270709,0.32300064,0.3260702,0,0.31822205,0,0.96729289
raw-mixed-open,42,30000000,CO RFI,QJs,4,0.039549254,0.5516242,0.1772101,0,0.23161641,0,0.96045071
raw-mixed-open,42,30000000,CO RFI,K2s,4,0.832695,0.03421211,0.039511386,0,0.09358154,0,0.16730503600000002
raw-mixed-open,42,30000000,CO RFI,K3s,4,0.7611608,0.06886824,0.09792267,0,0.072048336,0,0.238839246
raw-mixed-open,42,30000000,CO RFI,K4s,4,0.8180797,0.049939755,0.053425506,0,0.07855503,0,0.181920291
raw-mixed-open,42,30000000,CO RFI,K5s,4,0.7095084,0.056412153,0.14866115,0,0.08541831,0,0.290491613
raw-mixed-open,42,30000000,CO RFI,K6s,4,0.39867705,0.3720435,0.12140406,0,0.10787537,0,0.60132293
raw-mixed-open,42,30000000,CO RFI,K7s,4,0.40061164,0.36528283,0.16786632,0,0.06623922,0,0.59938837
raw-mixed-open,42,30000000,CO RFI,K8s,4,0.17507942,0.23256673,0.48943177,0,0.10292209,0,0.82492059
raw-mixed-open,42,30000000,CO RFI,K9s,4,0.10750588,0.36528927,0.40685546,0,0.12034942,0,0.89249415
raw-mixed-open,42,30000000,CO RFI,KTs,4,0.017309722,0.5592791,0.17829888,0,0.24511236,0,0.98269034
raw-mixed-open,42,30000000,CO RFI,KJs,4,0.014593081,0.35430878,0.20532662,0,0.42577147,0,0.9854068699999999
raw-mixed-open,42,30000000,CO RFI,KQs,4,0.009024922,0.22486122,0.52950037,0,0.23661348,0,0.9909750700000001
raw-mixed-open,42,30000000,CO RFI,A2s,4,0.22946586,0.11497761,0.37909618,0,0.27646032,0,0.7705341099999999
raw-mixed-open,42,30000000,CO RFI,A3s,4,0.15459707,0.2235063,0.19899127,0,0.42290536,0,0.84540293
raw-mixed-open,42,30000000,CO RFI,A4s,4,0.06289671,0.27212152,0.4871479,0,0.17783384,0,0.93710326
raw-mixed-open,42,30000000,CO RFI,A5s,4,0.044222686,0.16144836,0.16660786,0,0.62772113,0,0.95577735
raw-mixed-open,42,30000000,CO RFI,A6s,4,0.041325264,0.07904146,0.423214,0,0.45641935,0,0.95867481
raw-mixed-open,42,30000000,CO RFI,A7s,4,0.022954317,0.14926374,0.45135957,0,0.37642235,0,0.97704566
raw-mixed-open,42,30000000,CO RFI,A8s,4,0.017100373,0.1496593,0.3145977,0,0.51864266,0,0.98289966
raw-mixed-open,42,30000000,CO RFI,A9s,4,0.011274133,0.20045197,0.39269218,0,0.39558175,0,0.9887259
raw-mixed-open,42,30000000,CO RFI,ATs,4,0.005346546,0.4384373,0.23517245,0,0.32104367,0,0.99465342
raw-mixed-open,42,30000000,CO RFI,AJs,4,0.0056739603,0.20358142,0.5999849,0,0.19075972,0,0.99432604
raw-mixed-open,42,30000000,CO RFI,AQs,4,0.0036293666,0.26771185,0.2473198,0,0.48133895,0,0.9963706
raw-mixed-open,42,30000000,CO RFI,AKs,4,0.0025640947,0.17887236,0.3294551,0,0.4891084,0,0.99743586
raw-mixed-open,42,30000000,CO RFI,32o,12,0.9836684,0.0014741659,0.0015120371,0,0.01334541,0,0.016331613000000002
raw-mixed-open,42,30000000,CO RFI,42o,12,0.9829711,0.0016474058,0.001521065,0,0.0138605535,0,0.0170290243
raw-mixed-open,42,30000000,CO RFI,43o,12,0.9808509,0.0021291485,0.0025023704,0,0.014517606,0,0.0191491249
raw-mixed-open,42,30000000,CO RFI,52o,12,0.98127615,0.0021301175,0.0017043096,0,0.0148894545,0,0.0187238816
raw-mixed-open,42,30000000,CO RFI,53o,12,0.97989666,0.0020387147,0.0020877146,0,0.01597694,0,0.0201033693
raw-mixed-open,42,30000000,CO RFI,54o,12,0.97582567,0.0031184377,0.0037342666,0,0.017321667,0,0.0241743713
raw-mixed-open,42,30000000,CO RFI,62o,12,0.9848196,0.001606843,0.0018514012,0,0.011722118,0,0.0151803622
raw-mixed-open,42,30000000,CO RFI,63o,12,0.98228633,0.0018334868,0.0021968798,0,0.0136833945,0,0.0177137611
raw-mixed-open,42,30000000,CO RFI,64o,12,0.97782636,0.002746125,0.0029028438,0,0.016524645,0,0.022173613800000002
raw-mixed-open,42,30000000,CO RFI,65o,12,0.97351545,0.0032898397,0.0037921693,0,0.01940258,0,0.026484589
raw-mixed-open,42,30000000,CO RFI,72o,12,0.9837208,0.0012978662,0.0017907367,0,0.013190572,0,0.0162791749
raw-mixed-open,42,30000000,CO RFI,73o,12,0.9812244,0.002027461,0.0023255586,0,0.014422595,0,0.0187756146
raw-mixed-open,42,30000000,CO RFI,74o,12,0.98084044,0.0020652355,0.0028445045,0,0.014249836,0,0.019159576
raw-mixed-open,42,30000000,CO RFI,75o,12,0.97423196,0.004022837,0.004325784,0,0.01741941,0,0.025768031
raw-mixed-open,42,30000000,CO RFI,76o,12,0.9716845,0.0037038897,0.0047844336,0,0.019827165,0,0.0283154883
raw-mixed-open,42,30000000,CO RFI,82o,12,0.9828156,0.0019848447,0.0016273375,0,0.013572191,0,0.017184373200000002
raw-mixed-open,42,30000000,CO RFI,83o,12,0.98126346,0.0016620061,0.001942388,0,0.0151320975,0,0.018736491600000002
raw-mixed-open,42,30000000,CO RFI,84o,12,0.9786599,0.00236654,0.0024344127,0,0.016539168,0,0.0213401207
raw-mixed-open,42,30000000,CO RFI,85o,12,0.97638613,0.0037702387,0.002881322,0,0.016962236,0,0.0236137967
raw-mixed-open,42,30000000,CO RFI,86o,12,0.97239625,0.004429159,0.0050357706,0,0.01813879,0,0.0276037196
raw-mixed-open,42,30000000,CO RFI,87o,12,0.96160424,0.0064952043,0.0070690224,0,0.024831561,0,0.038395787699999996
raw-mixed-open,42,30000000,CO RFI,92o,12,0.98297065,0.0022492046,0.0020083694,0,0.012771759,0,0.017029333
raw-mixed-open,42,30000000,CO RFI,93o,12,0.9814941,0.0021591224,0.0025389704,0,0.013807737,0,0.0185058298
raw-mixed-open,42,30000000,CO RFI,94o,12,0.9810605,0.0025813866,0.0022493855,0,0.014108719,0,0.0189394911
raw-mixed-open,42,30000000,CO RFI,95o,12,0.9782324,0.0027440265,0.0026246228,0,0.01639902,0,0.0217676693
raw-mixed-open,42,30000000,CO RFI,96o,12,0.9721904,0.0033312584,0.004290268,0,0.020188157,0,0.0278096834
raw-mixed-open,42,30000000,CO RFI,97o,12,0.967586,0.0050600125,0.0065415506,0,0.02081248,0,0.0324140431
raw-mixed-open,42,30000000,CO RFI,98o,12,0.9521716,0.010883532,0.008883865,0,0.028060995,0,0.047828392
raw-mixed-open,42,30000000,CO RFI,T2o,12,0.9809536,0.002138746,0.0025543126,0,0.014353372,0,0.0190464306
raw-mixed-open,42,30000000,CO RFI,T3o,12,0.97989786,0.0022143826,0.0026928862,0,0.015194783,0,0.0201020518
raw-mixed-open,42,30000000,CO RFI,T4o,12,0.978111,0.0031405736,0.00285968,0,0.015888717,0,0.0218889706
raw-mixed-open,42,30000000,CO RFI,T5o,12,0.9769769,0.0031126675,0.0040913527,0,0.01581922,0,0.0230232402
raw-mixed-open,42,30000000,CO RFI,T6o,12,0.9755315,0.0036204888,0.0041465038,0,0.016701488,0,0.024468480600000002
raw-mixed-open,42,30000000,CO RFI,T7o,12,0.96118987,0.0060060057,0.009615225,0,0.02318893,0,0.0388101607
raw-mixed-open,42,30000000,CO RFI,T8o,12,0.9495405,0.010626387,0.012813509,0,0.02701965,0,0.050459546
raw-mixed-open,42,30000000,CO RFI,T9o,12,0.91208935,0.029452067,0.022326935,0,0.03613157,0,0.08791057199999999
raw-mixed-open,42,30000000,CO RFI,J2o,12,0.97850025,0.0025421274,0.0031757972,0,0.015781837,0,0.0214997616
raw-mixed-open,42,30000000,CO RFI,J3o,12,0.97698486,0.003285883,0.0028905217,0,0.016838761,0,0.0230151657
raw-mixed-open,42,30000000,CO RFI,J4o,12,0.9752367,0.003530062,0.0033109535,0,0.017922252,0,0.0247632675
raw-mixed-open,42,30000000,CO RFI,J5o,12,0.97164613,0.0049492144,0.005423893,0,0.017980829,0,0.0283539364
raw-mixed-open,42,30000000,CO RFI,J6o,12,0.9692905,0.0050508366,0.005774773,0,0.019883841,0,0.0307094506
raw-mixed-open,42,30000000,CO RFI,J7o,12,0.96774745,0.0063896053,0.00625839,0,0.019604664,0,0.0322526593
raw-mixed-open,42,30000000,CO RFI,J8o,12,0.9395121,0.025222711,0.0104418425,0,0.024823371,0,0.0604879245
raw-mixed-open,42,30000000,CO RFI,J9o,12,0.91257983,0.02112675,0.021474797,0,0.0448185,0,0.087420047
raw-mixed-open,42,30000000,CO RFI,JTo,12,0.7723879,0.092193775,0.06891326,0,0.0665051,0,0.227612135
raw-mixed-open,42,30000000,CO RFI,Q2o,12,0.9749472,0.0032898553,0.00441249,0,0.017350487,0,0.0250528323
raw-mixed-open,42,30000000,CO RFI,Q3o,12,0.9727235,0.0053496626,0.004248717,0,0.017678209,0,0.0272765886
raw-mixed-open,42,30000000,CO RFI,Q4o,12,0.9683916,0.0062433784,0.00498347,0,0.020381605,0,0.0316084534
raw-mixed-open,42,30000000,CO RFI,Q5o,12,0.9673166,0.006027128,0.006388448,0,0.020267803,0,0.032683379
raw-mixed-open,42,30000000,CO RFI,Q6o,12,0.9640892,0.007847434,0.007504866,0,0.020558545,0,0.035910845000000004
raw-mixed-open,42,30000000,CO RFI,Q7o,12,0.96109253,0.007042673,0.008541236,0,0.023323594,0,0.038907503
raw-mixed-open,42,30000000,CO RFI,Q8o,12,0.9336543,0.011432351,0.015958626,0,0.038954683,0,0.06634566
raw-mixed-open,42,30000000,CO RFI,Q9o,12,0.8839988,0.037046786,0.040520374,0,0.038434062,0,0.11600122199999999
raw-mixed-open,42,30000000,CO RFI,QTo,12,0.47251165,0.20644899,0.10068874,0,0.22035061,0,0.52748834
raw-mixed-open,42,30000000,CO RFI,QJo,12,0.14337486,0.5201564,0.19423737,0,0.14223136,0,0.85662513
raw-mixed-open,42,30000000,CO RFI,K2o,12,0.9630202,0.0069294753,0.0071760286,0,0.022874253,0,0.0369797569
raw-mixed-open,42,30000000,CO RFI,K3o,12,0.9554974,0.009754304,0.010738773,0,0.024009451,0,0.044502528
raw-mixed-open,42,30000000,CO RFI,K4o,12,0.95058286,0.0116958385,0.010596241,0,0.027125046,0,0.0494171255
raw-mixed-open,42,30000000,CO RFI,K5o,12,0.95055544,0.010602986,0.013027979,0,0.02581361,0,0.049444575000000004
raw-mixed-open,42,30000000,CO RFI,K6o,12,0.9311092,0.019928033,0.015985215,0,0.03297759,0,0.06889083800000001
raw-mixed-open,42,30000000,CO RFI,K7o,12,0.9226735,0.024212874,0.023238793,0,0.02987481,0,0.077326477
raw-mixed-open,42,30000000,CO RFI,K8o,12,0.89720243,0.02973837,0.030275587,0,0.042783566,0,0.102797523
raw-mixed-open,42,30000000,CO RFI,K9o,12,0.732219,0.057940997,0.1554532,0,0.054386698,0,0.267780895
raw-mixed-open,42,30000000,CO RFI,KTo,12,0.0627898,0.22431056,0.22403665,0,0.488863,0,0.9372102099999999
raw-mixed-open,42,30000000,CO RFI,KJo,12,0.023472363,0.3607121,0.40683377,0,0.20898178,0,0.97652765
raw-mixed-open,42,30000000,CO RFI,KQo,12,0.009871794,0.20704843,0.58722645,0,0.19585334,0,0.9901282199999999
raw-mixed-open,42,30000000,CO RFI,A2o,12,0.81659967,0.027396506,0.07478248,0,0.081221275,0,0.183400261
raw-mixed-open,42,30000000,CO RFI,A3o,12,0.76408285,0.13759181,0.037847605,0,0.06047774,0,0.23591715500000002
raw-mixed-open,42,30000000,CO RFI,A4o,12,0.57002723,0.23575781,0.08601954,0,0.10819539,0,0.42997274
raw-mixed-open,42,30000000,CO RFI,A5o,12,0.49598977,0.17281452,0.1646931,0,0.16650262,0,0.5040102399999999
raw-mixed-open,42,30000000,CO RFI,A6o,12,0.48560214,0.07348545,0.32835913,0,0.11255334,0,0.51439792
raw-mixed-open,42,30000000,CO RFI,A7o,12,0.13543878,0.48569277,0.2783711,0,0.10049731,0,0.8645611799999999
raw-mixed-open,42,30000000,CO RFI,A8o,12,0.026356993,0.44020072,0.37551,0,0.15793224,0,0.9736429600000001
raw-mixed-open,42,30000000,CO RFI,A9o,12,0.015421841,0.28401354,0.17101227,0,0.52955234,0,0.9845781499999999
raw-mixed-open,42,30000000,CO RFI,ATo,12,0.0049286396,0.15776946,0.34333217,0,0.49396974,0,0.99507137
raw-mixed-open,42,30000000,CO RFI,AJo,12,0.0030794377,0.3378591,0.4186096,0,0.2404518,0,0.9969205000000001
raw-mixed-open,42,30000000,CO RFI,AQo,12,0.003005285,0.31497738,0.20666689,0,0.47535047,0,0.99699474
raw-mixed-open,42,30000000,CO RFI,AKo,12,0.001653375,0.41298768,0.3527386,0,0.23262039,0,0.9983466700000001
raw-mixed-open,42,30000000,BTN RFI,22,6,0.691011,0.04339672,0.061595723,0,0.20399654,0,0.308988983
raw-mixed-open,42,30000000,BTN RFI,33,6,0.19155583,0.11417854,0.0971424,0,0.59712327,0,0.80844421
raw-mixed-open,42,30000000,BTN RFI,44,6,0.09160676,0.1125854,0.17526352,0,0.6205444,0,0.9083933200000001
raw-mixed-open,42,30000000,BTN RFI,55,6,0.046932373,0.13894503,0.1530267,0,0.66109586,0,0.95306759
raw-mixed-open,42,30000000,BTN RFI,66,6,0.016760206,0.46381307,0.30331424,0,0.21611246,0,0.98323977
raw-mixed-open,42,30000000,BTN RFI,77,6,0.008608797,0.56630373,0.23770545,0,0.18738201,0,0.99139119
raw-mixed-open,42,30000000,BTN RFI,88,6,0.008684811,0.16998708,0.15089165,0,0.67043644,0,0.99131517
raw-mixed-open,42,30000000,BTN RFI,99,6,0.0047129993,0.45973215,0.23820022,0,0.29735467,0,0.99528704
raw-mixed-open,42,30000000,BTN RFI,TT,6,0.0031686856,0.47956857,0.4105511,0,0.10671163,0,0.9968313
raw-mixed-open,42,30000000,BTN RFI,JJ,6,0.0020927635,0.26558173,0.30928856,0,0.4230369,0,0.99790719
raw-mixed-open,42,30000000,BTN RFI,QQ,6,0.0020695152,0.5097848,0.13608658,0,0.35205913,0,0.99793051
raw-mixed-open,42,30000000,BTN RFI,KK,6,0.0011917844,0.1515533,0.5788315,0,0.26842344,0,0.99880824
raw-mixed-open,42,30000000,BTN RFI,AA,6,0.0003697304,0.4002416,0.4763576,0,0.1230311,0,0.9996303
raw-mixed-open,42,30000000,BTN RFI,32s,4,0.94817525,0.008158578,0.0064949337,0,0.037171166,0,0.0518246777
raw-mixed-open,42,30000000,BTN RFI,42s,4,0.9335801,0.006350082,0.0069488618,0,0.053120907,0,0.0664198508
raw-mixed-open,42,30000000,BTN RFI,43s,4,0.94004357,0.012535881,0.012138549,0,0.03528203,0,0.05995646
raw-mixed-open,42,30000000,BTN RFI,52s,4,0.93312335,0.011279124,0.009404024,0,0.046193495,0,0.066876643
raw-mixed-open,42,30000000,BTN RFI,53s,4,0.9190614,0.01601254,0.012630548,0,0.05229544,0,0.080938528
raw-mixed-open,42,30000000,BTN RFI,54s,4,0.89745194,0.032552697,0.0087938,0,0.06120155,0,0.102548047
raw-mixed-open,42,30000000,BTN RFI,62s,4,0.93442154,0.005956497,0.009083761,0,0.050538205,0,0.065578463
raw-mixed-open,42,30000000,BTN RFI,63s,4,0.9225415,0.006934551,0.012681382,0,0.057842553,0,0.077458486
raw-mixed-open,42,30000000,BTN RFI,64s,4,0.9316042,0.010242465,0.014841615,0,0.0433117,0,0.06839578
raw-mixed-open,42,30000000,BTN RFI,65s,4,0.8962915,0.01729848,0.013691847,0,0.072718285,0,0.10370861199999999
raw-mixed-open,42,30000000,BTN RFI,72s,4,0.94848084,0.006330232,0.0067023183,0,0.038486637,0,0.0515191873
raw-mixed-open,42,30000000,BTN RFI,73s,4,0.9362996,0.0053683417,0.010473454,0,0.047858585,0,0.0637003807
raw-mixed-open,42,30000000,BTN RFI,74s,4,0.90168697,0.013512512,0.010195507,0,0.0746051,0,0.09831311899999999
raw-mixed-open,42,30000000,BTN RFI,75s,4,0.9012656,0.017965911,0.021620939,0,0.059147507,0,0.098734357
raw-mixed-open,42,30000000,BTN RFI,76s,4,0.8936644,0.015715737,0.028360937,0,0.06225879,0,0.106335464
raw-mixed-open,42,30000000,BTN RFI,82s,4,0.94397557,0.009268108,0.0060567944,0,0.04069954,0,0.0560244424
raw-mixed-open,42,30000000,BTN RFI,83s,4,0.9413816,0.009198897,0.0056696692,0,0.043749835,0,0.0586184012
raw-mixed-open,42,30000000,BTN RFI,84s,4,0.9217592,0.00917607,0.011764389,0,0.057300393,0,0.078240852
raw-mixed-open,42,30000000,BTN RFI,85s,4,0.9233127,0.007914648,0.016232843,0,0.05253986,0,0.076687351
raw-mixed-open,42,30000000,BTN RFI,86s,4,0.8717362,0.019182712,0.022521447,0,0.086559676,0,0.128263835
raw-mixed-open,42,30000000,BTN RFI,87s,4,0.8452121,0.018622557,0.051560007,0,0.084605366,0,0.15478793
raw-mixed-open,42,30000000,BTN RFI,92s,4,0.94012135,0.012602284,0.017007012,0,0.030269329,0,0.059878625
raw-mixed-open,42,30000000,BTN RFI,93s,4,0.93715304,0.009319148,0.011082719,0,0.042445034,0,0.062846901
raw-mixed-open,42,30000000,BTN RFI,94s,4,0.9407868,0.008214871,0.011443514,0,0.039554793,0,0.059213178
raw-mixed-open,42,30000000,BTN RFI,95s,4,0.92361087,0.012354496,0.01869557,0,0.045339074,0,0.07638914
raw-mixed-open,42,30000000,BTN RFI,96s,4,0.8877308,0.01594398,0.022011118,0,0.07431415,0,0.11226924799999999
raw-mixed-open,42,30000000,BTN RFI,97s,4,0.8861378,0.014598893,0.03023287,0,0.06903045,0,0.11386221299999999
raw-mixed-open,42,30000000,BTN RFI,98s,4,0.7925005,0.05250365,0.077261955,0,0.077733934,0,0.207499539
raw-mixed-open,42,30000000,BTN RFI,T2s,4,0.9356674,0.009430862,0.0092283385,0,0.045673452,0,0.0643326525
raw-mixed-open,42,30000000,BTN RFI,T3s,4,0.9150352,0.016806388,0.014726935,0,0.053431597,0,0.08496492
raw-mixed-open,42,30000000,BTN RFI,T4s,4,0.9198897,0.016088597,0.014155426,0,0.04986629,0,0.080110313
raw-mixed-open,42,30000000,BTN RFI,T5s,4,0.90433043,0.015842063,0.016099736,0,0.0637277,0,0.09566949899999999
raw-mixed-open,42,30000000,BTN RFI,T6s,4,0.8750885,0.023556145,0.018780513,0,0.082574904,0,0.124911562
raw-mixed-open,42,30000000,BTN RFI,T7s,4,0.8556754,0.027428064,0.025645416,0,0.09125114,0,0.14432462
raw-mixed-open,42,30000000,BTN RFI,T8s,4,0.80689514,0.046321396,0.086440876,0,0.060342595,0,0.193104867
raw-mixed-open,42,30000000,BTN RFI,T9s,4,0.4843415,0.13765629,0.22956744,0,0.14843474,0,0.51565847
raw-mixed-open,42,30000000,BTN RFI,J2s,4,0.9119031,0.014512636,0.016568543,0,0.057015713,0,0.08809689200000001
raw-mixed-open,42,30000000,BTN RFI,J3s,4,0.90824676,0.012271214,0.023324374,0,0.0561577,0,0.091753288
raw-mixed-open,42,30000000,BTN RFI,J4s,4,0.86456496,0.024522956,0.024610128,0,0.08630192,0,0.135435004
raw-mixed-open,42,30000000,BTN RFI,J5s,4,0.8951096,0.016412094,0.022136176,0,0.06634215,0,0.10489042
raw-mixed-open,42,30000000,BTN RFI,J6s,4,0.85605764,0.014355764,0.02490911,0,0.10467747,0,0.143942344
raw-mixed-open,42,30000000,BTN RFI,J7s,4,0.82123303,0.042097192,0.020164154,0,0.11650563,0,0.178766976
raw-mixed-open,42,30000000,BTN RFI,J8s,4,0.6748046,0.086439736,0.14725088,0,0.09150481,0,0.325195426
raw-mixed-open,42,30000000,BTN RFI,J9s,4,0.25385255,0.23214014,0.15484416,0,0.35916308,0,0.74614738
raw-mixed-open,42,30000000,BTN RFI,JTs,4,0.106076345,0.4390703,0.17370509,0,0.28114823,0,0.89392362
raw-mixed-open,42,30000000,BTN RFI,Q2s,4,0.89256316,0.027830927,0.015617588,0,0.06398822,0,0.10743673499999999
raw-mixed-open,42,30000000,BTN RFI,Q3s,4,0.7708988,0.03245059,0.11534148,0,0.081309065,0,0.229101135
raw-mixed-open,42,30000000,BTN RFI,Q4s,4,0.8672893,0.026760783,0.022459716,0,0.08349018,0,0.132710679
raw-mixed-open,42,30000000,BTN RFI,Q5s,4,0.8250109,0.038845953,0.089816034,0,0.046327043,0,0.17498903
raw-mixed-open,42,30000000,BTN RFI,Q6s,4,0.7730473,0.04301563,0.061995942,0,0.12194114,0,0.226952712
raw-mixed-open,42,30000000,BTN RFI,Q7s,4,0.7769127,0.06120132,0.05238544,0,0.109500505,0,0.22308726499999998
raw-mixed-open,42,30000000,BTN RFI,Q8s,4,0.25787377,0.11256724,0.41702956,0,0.21252942,0,0.7421262200000001
raw-mixed-open,42,30000000,BTN RFI,Q9s,4,0.27986762,0.21782508,0.20204407,0,0.3002632,0,0.72013235
raw-mixed-open,42,30000000,BTN RFI,QTs,4,0.0656008,0.18874672,0.52777714,0,0.21787527,0,0.93439913
raw-mixed-open,42,30000000,BTN RFI,QJs,4,0.034892857,0.38150507,0.25778,0,0.3258221,0,0.96510717
raw-mixed-open,42,30000000,BTN RFI,K2s,4,0.7630029,0.044515446,0.058635462,0,0.13384612,0,0.236997028
raw-mixed-open,42,30000000,BTN RFI,K3s,4,0.7709906,0.045370318,0.05641029,0,0.12722881,0,0.229009418
raw-mixed-open,42,30000000,BTN RFI,K4s,4,0.763898,0.07275857,0.036887392,0,0.12645602,0,0.236101982
raw-mixed-open,42,30000000,BTN RFI,K5s,4,0.5112806,0.16404645,0.112689294,0,0.21198373,0,0.48871947400000004
raw-mixed-open,42,30000000,BTN RFI,K6s,4,0.6033453,0.0785803,0.14903493,0,0.16903947,0,0.3966547
raw-mixed-open,42,30000000,BTN RFI,K7s,4,0.29261214,0.18143415,0.16609585,0,0.3598579,0,0.7073879
raw-mixed-open,42,30000000,BTN RFI,K8s,4,0.25744262,0.10376074,0.13408646,0,0.5047102,0,0.7425574
raw-mixed-open,42,30000000,BTN RFI,K9s,4,0.09082051,0.30809417,0.14815468,0,0.4529306,0,0.90917945
raw-mixed-open,42,30000000,BTN RFI,KTs,4,0.030977428,0.2249186,0.16348243,0,0.58062154,0,0.96902257
raw-mixed-open,42,30000000,BTN RFI,KJs,4,0.01424314,0.49681017,0.3100919,0,0.17885472,0,0.9857567899999999
raw-mixed-open,42,30000000,BTN RFI,KQs,4,0.016926352,0.28578272,0.15031788,0,0.54697305,0,0.9830736499999999
raw-mixed-open,42,30000000,BTN RFI,A2s,4,0.09541603,0.28696978,0.08678917,0,0.530825,0,0.90458395
raw-mixed-open,42,30000000,BTN RFI,A3s,4,0.079628594,0.60425675,0.14131536,0,0.1747993,0,0.92037141
raw-mixed-open,42,30000000,BTN RFI,A4s,4,0.03839311,0.26533306,0.3551511,0,0.34112278,0,0.96160694
raw-mixed-open,42,30000000,BTN RFI,A5s,4,0.020863436,0.39948294,0.26624003,0,0.31341362,0,0.97913659
raw-mixed-open,42,30000000,BTN RFI,A6s,4,0.027404409,0.28684533,0.18054,0,0.5052102,0,0.9725955300000001
raw-mixed-open,42,30000000,BTN RFI,A7s,4,0.019775951,0.18142198,0.2655316,0,0.5332705,0,0.9802240799999999
raw-mixed-open,42,30000000,BTN RFI,A8s,4,0.020145517,0.15713584,0.17532662,0,0.64739203,0,0.97985449
raw-mixed-open,42,30000000,BTN RFI,A9s,4,0.011718857,0.3336718,0.21703061,0,0.43757868,0,0.9882810900000001
raw-mixed-open,42,30000000,BTN RFI,ATs,4,0.0067496444,0.20288482,0.34645203,0,0.44391352,0,0.99325037
raw-mixed-open,42,30000000,BTN RFI,AJs,4,0.005701809,0.34862593,0.13391076,0,0.51176155,0,0.99429824
raw-mixed-open,42,30000000,BTN RFI,AQs,4,0.0047245286,0.12375648,0.6169297,0,0.25458923,0,0.9952754100000001
raw-mixed-open,42,30000000,BTN RFI,AKs,4,0.0031831875,0.091365345,0.42890057,0,0.47655088,0,0.996816795
raw-mixed-open,42,30000000,BTN RFI,32o,12,0.9791712,0.0013634413,0.0016608658,0,0.017804505,0,0.020828812100000003
raw-mixed-open,42,30000000,BTN RFI,42o,12,0.9765266,0.0019714623,0.0018596657,0,0.01964228,0,0.023473408
raw-mixed-open,42,30000000,BTN RFI,43o,12,0.97260445,0.0024394013,0.0026479783,0,0.022308119,0,0.027395498600000002
raw-mixed-open,42,30000000,BTN RFI,52o,12,0.9756328,0.0016761236,0.002646947,0,0.020044167,0,0.0243672376
raw-mixed-open,42,30000000,BTN RFI,53o,12,0.97366023,0.002436045,0.0026231038,0,0.021280613,0,0.0263397618
raw-mixed-open,42,30000000,BTN RFI,54o,12,0.96941054,0.0027528035,0.0035089822,0,0.024327595,0,0.030589380700000002
raw-mixed-open,42,30000000,BTN RFI,62o,12,0.97706455,0.0016358913,0.0025060787,0,0.018793479,0,0.022935448999999997
raw-mixed-open,42,30000000,BTN RFI,63o,12,0.971951,0.002457947,0.00235369,0,0.023237374,0,0.028049011000000002
raw-mixed-open,42,30000000,BTN RFI,64o,12,0.9682014,0.0032265543,0.0021486937,0,0.026423324,0,0.031798572000000004
raw-mixed-open,42,30000000,BTN RFI,65o,12,0.9643974,0.004605907,0.0039906446,0,0.027006123,0,0.0356026746
raw-mixed-open,42,30000000,BTN RFI,72o,12,0.97819006,0.0017102486,0.001838097,0,0.018261572,0,0.0218099176
raw-mixed-open,42,30000000,BTN RFI,73o,12,0.9767248,0.0019572473,0.002197838,0,0.019120134,0,0.0232752193
raw-mixed-open,42,30000000,BTN RFI,74o,12,0.9724902,0.0019716462,0.003825108,0,0.021713102,0,0.027509856200000002
raw-mixed-open,42,30000000,BTN RFI,75o,12,0.96973693,0.0028047992,0.0028885985,0,0.024569655,0,0.0302630527
raw-mixed-open,42,30000000,BTN RFI,76o,12,0.95570004,0.003126141,0.0075158677,0,0.03365787,0,0.044299878699999996
raw-mixed-open,42,30000000,BTN RFI,82o,12,0.97744787,0.0019159766,0.0023655226,0,0.018270718,0,0.0225522172
raw-mixed-open,42,30000000,BTN RFI,83o,12,0.9761539,0.001797768,0.00222048,0,0.019827796,0,0.023846044
raw-mixed-open,42,30000000,BTN RFI,84o,12,0.9722311,0.002529263,0.0025165337,0,0.022723116,0,0.027768912700000002
raw-mixed-open,42,30000000,BTN RFI,85o,12,0.9708248,0.002666892,0.00395028,0,0.022558054,0,0.029175226000000002
raw-mixed-open,42,30000000,BTN RFI,86o,12,0.96184075,0.0044596614,0.0045800325,0,0.029119533,0,0.0381592269
raw-mixed-open,42,30000000,BTN RFI,87o,12,0.95152223,0.006039795,0.0060675484,0,0.036370475,0,0.0484778184
raw-mixed-open,42,30000000,BTN RFI,92o,12,0.9739976,0.0020171746,0.0022663267,0,0.021718878,0,0.0260023793
raw-mixed-open,42,30000000,BTN RFI,93o,12,0.97294533,0.0020949622,0.0037494462,0,0.021210203,0,0.0270546114
raw-mixed-open,42,30000000,BTN RFI,94o,12,0.97212195,0.0026468069,0.0026901895,0,0.022541016,0,0.0278780124
raw-mixed-open,42,30000000,BTN RFI,95o,12,0.96369797,0.003215837,0.0036319331,0,0.029454237,0,0.0363020071
raw-mixed-open,42,30000000,BTN RFI,96o,12,0.9641901,0.004786346,0.0046471837,0,0.026376288,0,0.0358098177
raw-mixed-open,42,30000000,BTN RFI,97o,12,0.95401996,0.0078024757,0.006219158,0,0.031958375,0,0.0459800087
raw-mixed-open,42,30000000,BTN RFI,98o,12,0.93761665,0.010870194,0.012113133,0,0.03940004,0,0.062383366999999995
raw-mixed-open,42,30000000,BTN RFI,T2o,12,0.97231686,0.0033455344,0.0038478132,0,0.020489816,0,0.0276831636
raw-mixed-open,42,30000000,BTN RFI,T3o,12,0.97213393,0.002577459,0.0030842035,0,0.022204459,0,0.0278661215
raw-mixed-open,42,30000000,BTN RFI,T4o,12,0.9693136,0.0032864923,0.0036466818,0,0.02375327,0,0.0306864441
raw-mixed-open,42,30000000,BTN RFI,T5o,12,0.9635801,0.0039444435,0.004343253,0,0.028132275,0,0.0364199715
raw-mixed-open,42,30000000,BTN RFI,T6o,12,0.96272504,0.006383861,0.005260257,0,0.025630822,0,0.03727494
raw-mixed-open,42,30000000,BTN RFI,T7o,12,0.9462158,0.0060721426,0.010330286,0,0.037381712,0,0.053784140599999995
raw-mixed-open,42,30000000,BTN RFI,T8o,12,0.9376476,0.009590881,0.011703253,0,0.04105829,0,0.062352424
raw-mixed-open,42,30000000,BTN RFI,T9o,12,0.9083509,0.023166664,0.015469136,0,0.05301327,0,0.09164907
raw-mixed-open,42,30000000,BTN RFI,J2o,12,0.96866983,0.0044918866,0.0034347111,0,0.023403594,0,0.0313301917
raw-mixed-open,42,30000000,BTN RFI,J3o,12,0.9667175,0.0033594696,0.004093018,0,0.025830027,0,0.0332825146
raw-mixed-open,42,30000000,BTN RFI,J4o,12,0.967009,0.0035874129,0.0043041757,0,0.025099393,0,0.032990981600000004
raw-mixed-open,42,30000000,BTN RFI,J5o,12,0.9623255,0.0052367575,0.005392325,0,0.027045378,0,0.0376744605
raw-mixed-open,42,30000000,BTN RFI,J6o,12,0.95463604,0.0054181935,0.0063952124,0,0.03355057,0,0.0453639759
raw-mixed-open,42,30000000,BTN RFI,J7o,12,0.9522342,0.007062695,0.009091264,0,0.03161178,0,0.047765739
raw-mixed-open,42,30000000,BTN RFI,J8o,12,0.9311368,0.011344341,0.012553992,0,0.044964883,0,0.068863216
raw-mixed-open,42,30000000,BTN RFI,J9o,12,0.895572,0.026175387,0.036069628,0,0.04218301,0,0.10442802500000001
raw-mixed-open,42,30000000,BTN RFI,JTo,12,0.39789504,0.14496626,0.07760953,0,0.37952912,0,0.60210491
raw-mixed-open,42,30000000,BTN RFI,Q2o,12,0.9611012,0.005899522,0.0061881253,0,0.026811128,0,0.0388987753
raw-mixed-open,42,30000000,BTN RFI,Q3o,12,0.9581421,0.005020224,0.0072751525,0,0.029562496,0,0.041857872500000004
raw-mixed-open,42,30000000,BTN RFI,Q4o,12,0.95997655,0.007547146,0.0071392325,0,0.025337107,0,0.040023485500000004
raw-mixed-open,42,30000000,BTN RFI,Q5o,12,0.9480509,0.008285984,0.008577415,0,0.035085663,0,0.051949062000000004
raw-mixed-open,42,30000000,BTN RFI,Q6o,12,0.9475253,0.012064901,0.009450763,0,0.030958956,0,0.05247462
raw-mixed-open,42,30000000,BTN RFI,Q7o,12,0.93957007,0.0077442797,0.01408265,0,0.038602944,0,0.0604298737
raw-mixed-open,42,30000000,BTN RFI,Q8o,12,0.92646414,0.014439968,0.018419836,0,0.040676057,0,0.073535861
raw-mixed-open,42,30000000,BTN RFI,Q9o,12,0.7812192,0.09019128,0.039233204,0,0.08935633,0,0.218780814
raw-mixed-open,42,30000000,BTN RFI,QTo,12,0.17787781,0.62529117,0.10682202,0,0.09000907,0,0.82212226
raw-mixed-open,42,30000000,BTN RFI,QJo,12,0.105019316,0.1406492,0.57650536,0,0.17782617,0,0.89498073
raw-mixed-open,42,30000000,BTN RFI,K2o,12,0.93914133,0.011522242,0.013305388,0,0.036030967,0,0.060858597
raw-mixed-open,42,30000000,BTN RFI,K3o,12,0.9418936,0.01044563,0.009397844,0,0.038262933,0,0.058106407
raw-mixed-open,42,30000000,BTN RFI,K4o,12,0.9280615,0.009600056,0.0152655,0,0.047072913,0,0.071938469
raw-mixed-open,42,30000000,BTN RFI,K5o,12,0.92359334,0.014380262,0.016043557,0,0.04598285,0,0.076406669
raw-mixed-open,42,30000000,BTN RFI,K6o,12,0.89201427,0.025034163,0.02495866,0,0.057992917,0,0.10798574
raw-mixed-open,42,30000000,BTN RFI,K7o,12,0.87953,0.04259713,0.024639798,0,0.053233087,0,0.120470015
raw-mixed-open,42,30000000,BTN RFI,K8o,12,0.81168574,0.026064124,0.036426794,0,0.12582341,0,0.188314328
raw-mixed-open,42,30000000,BTN RFI,K9o,12,0.5410254,0.17109549,0.14994387,0,0.13793527,0,0.45897463
raw-mixed-open,42,30000000,BTN RFI,KTo,12,0.048106506,0.33509248,0.32068178,0,0.29611912,0,0.95189338
raw-mixed-open,42,30000000,BTN RFI,KJo,12,0.0204085,0.21092942,0.48587403,0,0.2827881,0,0.97959155
raw-mixed-open,42,30000000,BTN RFI,KQo,12,0.008505316,0.3704795,0.39624053,0,0.22477466,0,0.99149469
raw-mixed-open,42,30000000,BTN RFI,A2o,12,0.6911342,0.13066079,0.05517784,0,0.1230272,0,0.30886583
raw-mixed-open,42,30000000,BTN RFI,A3o,12,0.4572768,0.13980271,0.22406042,0,0.17886004,0,0.54272317
raw-mixed-open,42,30000000,BTN RFI,A4o,12,0.3370253,0.17324004,0.28912586,0,0.20060875,0,0.66297465
raw-mixed-open,42,30000000,BTN RFI,A5o,12,0.105737925,0.14859608,0.1350965,0,0.6105695,0,0.89426208
raw-mixed-open,42,30000000,BTN RFI,A6o,12,0.10361003,0.2517728,0.32295224,0,0.32166493,0,0.89638997
raw-mixed-open,42,30000000,BTN RFI,A7o,12,0.038441014,0.53106445,0.1212574,0,0.30923715,0,0.961559
raw-mixed-open,42,30000000,BTN RFI,A8o,12,0.021781808,0.13857664,0.41177747,0,0.42786407,0,0.9782181799999999
raw-mixed-open,42,30000000,BTN RFI,A9o,12,0.011445183,0.25211072,0.48299345,0,0.25345063,0,0.9885548
raw-mixed-open,42,30000000,BTN RFI,ATo,12,0.007150982,0.0938276,0.44198626,0,0.45703512,0,0.99284898
raw-mixed-open,42,30000000,BTN RFI,AJo,12,0.0065068337,0.19139872,0.1396821,0,0.66241235,0,0.99349317
raw-mixed-open,42,30000000,BTN RFI,AQo,12,0.0034075563,0.35783297,0.09658404,0,0.54217553,0,0.99659254
raw-mixed-open,42,30000000,BTN RFI,AKo,12,0.0034097345,0.12088332,0.12534098,0,0.750366,0,0.9965902999999999
raw-mixed-open,42,30000000,SB RFI,22,6,0.100736715,0,0,0.13134871,0.6703163,0.09759829,0.80166501
raw-mixed-open,42,30000000,SB RFI,33,6,0.056474477,0,0,0.25457227,0.53668195,0.15227129,0.7912542199999999
raw-mixed-open,42,30000000,SB RFI,44,6,0.030601615,0,0,0.15410015,0.5996359,0.21566232,0.75373605
raw-mixed-open,42,30000000,SB RFI,55,6,0.021497473,0,0,0.17690523,0.65505755,0.1465397,0.83196278
raw-mixed-open,42,30000000,SB RFI,66,6,0.011347558,0,0,0.3349716,0.5076854,0.1459955,0.842657
raw-mixed-open,42,30000000,SB RFI,77,6,0.011419644,0,0,0.22279821,0.5988467,0.16693543,0.82164491
raw-mixed-open,42,30000000,SB RFI,88,6,0.0079078935,0,0,0.28191492,0.2837807,0.42639655,0.5656956200000001
raw-mixed-open,42,30000000,SB RFI,99,6,0.004189831,0,0,0.2315832,0.324261,0.439966,0.5558442
raw-mixed-open,42,30000000,SB RFI,TT,6,0.0031160417,0,0,0.41129205,0.3206293,0.2649626,0.73192135
raw-mixed-open,42,30000000,SB RFI,JJ,6,0.002873439,0,0,0.25814572,0.27509487,0.46388593,0.53324059
raw-mixed-open,42,30000000,SB RFI,QQ,6,0.0021295338,0,0,0.5242125,0.36481446,0.108843505,0.88902696
raw-mixed-open,42,30000000,SB RFI,KK,6,0.001827049,0,0,0.37407997,0.40609097,0.21800198,0.78017094
raw-mixed-open,42,30000000,SB RFI,AA,6,0.00088593224,0,0,0.29236224,0.16373008,0.54302174,0.45609232
raw-mixed-open,42,30000000,SB RFI,32s,4,0.89195156,0,0,0.014400158,0.07447452,0.01917374,0.088874678
raw-mixed-open,42,30000000,SB RFI,42s,4,0.82147783,0,0,0.014944043,0.11826054,0.04531752,0.133204583
raw-mixed-open,42,30000000,SB RFI,43s,4,0.81565285,0,0,0.032198515,0.102960184,0.049188413,0.135158699
raw-mixed-open,42,30000000,SB RFI,52s,4,0.77100813,0,0,0.024750952,0.15288816,0.05135275,0.177639112
raw-mixed-open,42,30000000,SB RFI,53s,4,0.8553204,0,0,0.016701514,0.101289116,0.026688881,0.11799063
raw-mixed-open,42,30000000,SB RFI,54s,4,0.63311386,0,0,0.04255329,0.15409447,0.17023836,0.19664776
raw-mixed-open,42,30000000,SB RFI,62s,4,0.8838265,0,0,0.01822294,0.071338385,0.026612243,0.089561325
raw-mixed-open,42,30000000,SB RFI,63s,4,0.8196745,0,0,0.024326948,0.10417989,0.051818702,0.128506838
raw-mixed-open,42,30000000,SB RFI,64s,4,0.6454265,0,0,0.034881283,0.21026278,0.10942948,0.24514406300000002
raw-mixed-open,42,30000000,SB RFI,65s,4,0.6149458,0,0,0.058543876,0.23735487,0.08915547,0.295898746
raw-mixed-open,42,30000000,SB RFI,72s,4,0.8161629,0,0,0.020048087,0.11493374,0.048855323,0.134981827
raw-mixed-open,42,30000000,SB RFI,73s,4,0.8021669,0,0,0.021972705,0.09842658,0.07743382,0.120399285
raw-mixed-open,42,30000000,SB RFI,74s,4,0.7551425,0,0,0.018736407,0.12469794,0.10142318,0.143434347
raw-mixed-open,42,30000000,SB RFI,75s,4,0.81260824,0,0,0.0345092,0.09173933,0.061143268,0.12624853
raw-mixed-open,42,30000000,SB RFI,76s,4,0.6102043,0,0,0.050212923,0.16268195,0.17690091,0.21289487299999998
raw-mixed-open,42,30000000,SB RFI,82s,4,0.65989673,0,0,0.020740211,0.1289494,0.19041364,0.149689611
raw-mixed-open,42,30000000,SB RFI,83s,4,0.8420876,0,0,0.02055087,0.069788866,0.067572646,0.090339736
raw-mixed-open,42,30000000,SB RFI,84s,4,0.7425912,0,0,0.024294907,0.11408139,0.1190325,0.138376297
raw-mixed-open,42,30000000,SB RFI,85s,4,0.8182904,0,0,0.04258402,0.0667099,0.07241562,0.10929392
raw-mixed-open,42,30000000,SB RFI,86s,4,0.5574438,0,0,0.06719667,0.16486682,0.21049267,0.23206348999999998
raw-mixed-open,42,30000000,SB RFI,87s,4,0.5391871,0,0,0.04827635,0.11286182,0.29967475,0.16113817
raw-mixed-open,42,30000000,SB RFI,92s,4,0.76341397,0,0,0.020035623,0.069202416,0.147348,0.089238039
raw-mixed-open,42,30000000,SB RFI,93s,4,0.8504658,0,0,0.018511644,0.071583495,0.05943917,0.09009513899999999
raw-mixed-open,42,30000000,SB RFI,94s,4,0.66373175,0,0,0.031765353,0.11819903,0.18630385,0.149964383
raw-mixed-open,42,30000000,SB RFI,95s,4,0.6889647,0,0,0.08180496,0.072292864,0.15693744,0.154097824
raw-mixed-open,42,30000000,SB RFI,96s,4,0.33162326,0,0,0.053303283,0.3742362,0.24083726,0.427539483
raw-mixed-open,42,30000000,SB RFI,97s,4,0.37700236,0,0,0.06551313,0.23469223,0.3227923,0.30020536
raw-mixed-open,42,30000000,SB RFI,98s,4,0.27714768,0,0,0.2117261,0.24726163,0.26386458,0.45898773000000004
raw-mixed-open,42,30000000,SB RFI,T2s,4,0.6769714,0,0,0.042187445,0.100607425,0.18023376,0.14279487
raw-mixed-open,42,30000000,SB RFI,T3s,4,0.69864184,0,0,0.035332575,0.073851705,0.19217388,0.10918428
raw-mixed-open,42,30000000,SB RFI,T4s,4,0.46510485,0,0,0.056052245,0.13137403,0.34746888,0.187426275
raw-mixed-open,42,30000000,SB RFI,T5s,4,0.6275314,0,0,0.05796634,0.077110454,0.23739177,0.135076794
raw-mixed-open,42,30000000,SB RFI,T6s,4,0.43075034,0,0,0.12277253,0.19307417,0.253403,0.3158467
raw-mixed-open,42,30000000,SB RFI,T7s,4,0.29001015,0,0,0.26244593,0.19986819,0.24767573,0.46231412
raw-mixed-open,42,30000000,SB RFI,T8s,4,0.22082517,0,0,0.11415263,0.40482435,0.2601979,0.51897698
raw-mixed-open,42,30000000,SB RFI,T9s,4,0.1090348,0,0,0.16106538,0.55336744,0.17653239,0.7144328200000001
raw-mixed-open,42,30000000,SB RFI,J2s,4,0.37922224,0,0,0.16333908,0.22518826,0.23225035,0.38852734
raw-mixed-open,42,30000000,SB RFI,J3s,4,0.45148316,0,0,0.03350104,0.14846629,0.36654952,0.18196733
raw-mixed-open,42,30000000,SB RFI,J4s,4,0.31027868,0,0,0.15863562,0.089297526,0.4417881,0.247933146
raw-mixed-open,42,30000000,SB RFI,J5s,4,0.41383973,0,0,0.15247203,0.12952925,0.30415893,0.28200128
raw-mixed-open,42,30000000,SB RFI,J6s,4,0.42266637,0,0,0.10331507,0.09004913,0.38396937,0.19336419999999999
raw-mixed-open,42,30000000,SB RFI,J7s,4,0.25997064,0,0,0.048844367,0.37210253,0.31908247,0.420946897
raw-mixed-open,42,30000000,SB RFI,J8s,4,0.14654392,0,0,0.18989685,0.44821048,0.2153487,0.63810733
raw-mixed-open,42,30000000,SB RFI,J9s,4,0.07764029,0,0,0.16312659,0.59292006,0.16631304,0.7560466499999999
raw-mixed-open,42,30000000,SB RFI,JTs,4,0.043970842,0,0,0.19028358,0.5767023,0.18904328,0.76698588
raw-mixed-open,42,30000000,SB RFI,Q2s,4,0.30465415,0,0,0.18469913,0.22695518,0.28369156,0.41165430999999997
raw-mixed-open,42,30000000,SB RFI,Q3s,4,0.36601168,0,0,0.25436348,0.101044856,0.27857998,0.355408336
raw-mixed-open,42,30000000,SB RFI,Q4s,4,0.362692,0,0,0.055043895,0.20137656,0.3808876,0.256420455
raw-mixed-open,42,30000000,SB RFI,Q5s,4,0.22037406,0,0,0.122810334,0.48824322,0.16857238,0.6110535539999999
raw-mixed-open,42,30000000,SB RFI,Q6s,4,0.23169236,0,0,0.16576433,0.34390655,0.25863677,0.5096708799999999
raw-mixed-open,42,30000000,SB RFI,Q7s,4,0.18709597,0,0,0.3980613,0.16216096,0.25268176,0.56022226
raw-mixed-open,42,30000000,SB RFI,Q8s,4,0.071940735,0,0,0.1250535,0.43148828,0.37151742,0.55654178
raw-mixed-open,42,30000000,SB RFI,Q9s,4,0.063298404,0,0,0.3587665,0.28069794,0.29723722,0.63946444
raw-mixed-open,42,30000000,SB RFI,QTs,4,0.02564343,0,0,0.11763926,0.61116767,0.24554963,0.7288069300000001
raw-mixed-open,42,30000000,SB RFI,QJs,4,0.027732389,0,0,0.6000872,0.19794309,0.17423728,0.79803029
raw-mixed-open,42,30000000,SB RFI,K2s,4,0.10015921,0,0,0.1583604,0.6137741,0.12770629,0.7721345
raw-mixed-open,42,30000000,SB RFI,K3s,4,0.094177805,0,0,0.28002226,0.27535874,0.35044116,0.555381
raw-mixed-open,42,30000000,SB RFI,K4s,4,0.19053197,0,0,0.20587556,0.2220685,0.3815239,0.42794406
raw-mixed-open,42,30000000,SB RFI,K5s,4,0.07959387,0,0,0.30608377,0.45086694,0.16345546,0.7569507099999999
raw-mixed-open,42,30000000,SB RFI,K6s,4,0.039361354,0,0,0.38317984,0.355513,0.22194582,0.73869284
raw-mixed-open,42,30000000,SB RFI,K7s,4,0.0601004,0,0,0.46086043,0.13821349,0.34082565,0.5990739199999999
raw-mixed-open,42,30000000,SB RFI,K8s,4,0.03761758,0,0,0.4010886,0.30633643,0.25495738,0.70742503
raw-mixed-open,42,30000000,SB RFI,K9s,4,0.03296208,0,0,0.31599897,0.461518,0.18952096,0.77751697
raw-mixed-open,42,30000000,SB RFI,KTs,4,0.023205487,0,0,0.6431967,0.26002267,0.07357517,0.90321937
raw-mixed-open,42,30000000,SB RFI,KJs,4,0.014336053,0,0,0.16357599,0.40490577,0.41718215,0.5684817600000001
raw-mixed-open,42,30000000,SB RFI,KQs,4,0.0150788175,0,0,0.18995664,0.6061988,0.18876576,0.79615544
raw-mixed-open,42,30000000,SB RFI,A2s,4,0.020449258,0,0,0.37063023,0.20622183,0.40269873,0.57685206
raw-mixed-open,42,30000000,SB RFI,A3s,4,0.026439039,0,0,0.49694282,0.28326246,0.19335571,0.78020528
raw-mixed-open,42,30000000,SB RFI,A4s,4,0.02236902,0,0,0.31116575,0.58415204,0.08231319,0.89531779
raw-mixed-open,42,30000000,SB RFI,A5s,4,0.019025864,0,0,0.25632453,0.5924426,0.13220704,0.84876713
raw-mixed-open,42,30000000,SB RFI,A6s,4,0.017012049,0,0,0.4435229,0.4458935,0.093571536,0.8894164
raw-mixed-open,42,30000000,SB RFI,A7s,4,0.018015089,0,0,0.14003068,0.7491645,0.09278975,0.88919518
raw-mixed-open,42,30000000,SB RFI,A8s,4,0.011971543,0,0,0.2315457,0.3700872,0.38639557,0.6016329
raw-mixed-open,42,30000000,SB RFI,A9s,4,0.010273392,0,0,0.33726767,0.5131279,0.13933101,0.85039557
raw-mixed-open,42,30000000,SB RFI,ATs,4,0.009904788,0,0,0.15511236,0.68388796,0.15109487,0.83900032
raw-mixed-open,42,30000000,SB RFI,AJs,4,0.009785066,0,0,0.08966193,0.7820988,0.11845415,0.87176073
raw-mixed-open,42,30000000,SB RFI,AQs,4,0.005904928,0,0,0.28551143,0.51265097,0.19593264,0.7981624
raw-mixed-open,42,30000000,SB RFI,AKs,4,0.0026409267,0,0,0.27175093,0.28424415,0.44136402,0.55599508
raw-mixed-open,42,30000000,SB RFI,32o,12,0.9444486,0,0,0.0058367196,0.04283528,0.0068794256,0.0486719996
raw-mixed-open,42,30000000,SB RFI,42o,12,0.9511868,0,0,0.0057040695,0.03645993,0.0066492218,0.0421639995
raw-mixed-open,42,30000000,SB RFI,43o,12,0.9306023,0,0,0.00884313,0.04879534,0.011759229,0.05763847
raw-mixed-open,42,30000000,SB RFI,52o,12,0.9460611,0,0,0.006324412,0.040818144,0.0067962953,0.047142556
raw-mixed-open,42,30000000,SB RFI,53o,12,0.91390675,0,0,0.009049732,0.05818972,0.01885381,0.067239452
raw-mixed-open,42,30000000,SB RFI,54o,12,0.9097665,0,0,0.011098197,0.05391611,0.025219126,0.06501430700000001
raw-mixed-open,42,30000000,SB RFI,62o,12,0.94713986,0,0,0.0064569293,0.0370706,0.009332595,0.0435275293
raw-mixed-open,42,30000000,SB RFI,63o,12,0.9352897,0,0,0.007720129,0.045562185,0.011428069,0.053282314
raw-mixed-open,42,30000000,SB RFI,64o,12,0.9222986,0,0,0.011136397,0.04776422,0.018800806,0.058900617
raw-mixed-open,42,30000000,SB RFI,65o,12,0.89698935,0,0,0.01459496,0.06607121,0.022344507,0.08066617000000001
raw-mixed-open,42,30000000,SB RFI,72o,12,0.9466559,0,0,0.008116146,0.03566641,0.009561498,0.043782556
raw-mixed-open,42,30000000,SB RFI,73o,12,0.93135375,0,0,0.00911111,0.04147703,0.018058134,0.05058814
raw-mixed-open,42,30000000,SB RFI,74o,12,0.92314094,0,0,0.010120414,0.049090225,0.017648354,0.059210639
raw-mixed-open,42,30000000,SB RFI,75o,12,0.9058839,0,0,0.010403675,0.055181604,0.028530864,0.065585279
raw-mixed-open,42,30000000,SB RFI,76o,12,0.82645506,0,0,0.014074439,0.047996886,0.11147365,0.062071325000000004
raw-mixed-open,42,30000000,SB RFI,82o,12,0.92217565,0,0,0.008500583,0.043583643,0.025740135,0.052084226
raw-mixed-open,42,30000000,SB RFI,83o,12,0.9449032,0,0,0.007296169,0.035102468,0.012698205,0.042398636999999996
raw-mixed-open,42,30000000,SB RFI,84o,12,0.87747693,0,0,0.009805848,0.06373495,0.048982315,0.073540798
raw-mixed-open,42,30000000,SB RFI,85o,12,0.89558005,0,0,0.011927852,0.047786646,0.04470554,0.059714498000000005
raw-mixed-open,42,30000000,SB RFI,86o,12,0.81019187,0,0,0.010548641,0.05848501,0.12077445,0.069033651
raw-mixed-open,42,30000000,SB RFI,87o,12,0.6503247,0,0,0.015982976,0.06977563,0.26391667,0.085758606
raw-mixed-open,42,30000000,SB RFI,92o,12,0.9280117,0,0,0.008749335,0.039287508,0.023951413,0.048036842999999996
raw-mixed-open,42,30000000,SB RFI,93o,12,0.9082377,0,0,0.010237524,0.03755816,0.043966644,0.047795684
raw-mixed-open,42,30000000,SB RFI,94o,12,0.8963918,0,0,0.012602215,0.046418335,0.04458772,0.05902055
raw-mixed-open,42,30000000,SB RFI,95o,12,0.82230324,0,0,0.01636456,0.04117739,0.12015483,0.05754195
raw-mixed-open,42,30000000,SB RFI,96o,12,0.6886292,0,0,0.012468668,0.06396641,0.2349357,0.076435078
raw-mixed-open,42,30000000,SB RFI,97o,12,0.58671737,0,0,0.017310396,0.08445396,0.31151822,0.101764356
raw-mixed-open,42,30000000,SB RFI,98o,12,0.40219945,0,0,0.035784684,0.24305137,0.3189645,0.278836054
raw-mixed-open,42,30000000,SB RFI,T2o,12,0.7792451,0,0,0.012086939,0.04666235,0.1620057,0.058749288999999996
raw-mixed-open,42,30000000,SB RFI,T3o,12,0.7358753,0,0,0.01127578,0.040319607,0.21252927,0.051595387
raw-mixed-open,42,30000000,SB RFI,T4o,12,0.8401904,0,0,0.014194206,0.04591524,0.09970011,0.060109446000000004
raw-mixed-open,42,30000000,SB RFI,T5o,12,0.7179901,0,0,0.016466476,0.042572588,0.22297089,0.059039064
raw-mixed-open,42,30000000,SB RFI,T6o,12,0.67100847,0,0,0.03705299,0.06503178,0.22690675,0.10208476999999999
raw-mixed-open,42,30000000,SB RFI,T7o,12,0.4778271,0,0,0.018840378,0.044685148,0.45864725,0.063525526
raw-mixed-open,42,30000000,SB RFI,T8o,12,0.3853121,0,0,0.04614469,0.078662045,0.48988116,0.124806735
raw-mixed-open,42,30000000,SB RFI,T9o,12,0.22062504,0,0,0.06350166,0.17674543,0.53912777,0.24024709
raw-mixed-open,42,30000000,SB RFI,J2o,12,0.6873597,0,0,0.013402925,0.043202832,0.25603455,0.05660575699999999
raw-mixed-open,42,30000000,SB RFI,J3o,12,0.6303405,0,0,0.024062056,0.03649331,0.3091041,0.060555366
raw-mixed-open,42,30000000,SB RFI,J4o,12,0.57818496,0,0,0.017021662,0.047070354,0.357723,0.064092016
raw-mixed-open,42,30000000,SB RFI,J5o,12,0.5151703,0,0,0.017766785,0.055838417,0.4112246,0.07360520200000001
raw-mixed-open,42,30000000,SB RFI,J6o,12,0.42728642,0,0,0.024755072,0.053740628,0.49421793,0.0784957
raw-mixed-open,42,30000000,SB RFI,J7o,12,0.40179414,0,0,0.026010785,0.05100483,0.5211903,0.07701561500000001
raw-mixed-open,42,30000000,SB RFI,J8o,12,0.25928515,0,0,0.04647271,0.10943821,0.58480394,0.15591092
raw-mixed-open,42,30000000,SB RFI,J9o,12,0.086039566,0,0,0.31226715,0.25686672,0.3448266,0.5691338699999999
raw-mixed-open,42,30000000,SB RFI,JTo,12,0.032112658,0,0,0.20180668,0.23803616,0.52804446,0.43984283999999996
raw-mixed-open,42,30000000,SB RFI,Q2o,12,0.49985152,0,0,0.028519968,0.049557332,0.4220711,0.0780773
raw-mixed-open,42,30000000,SB RFI,Q3o,12,0.3958843,0,0,0.02226952,0.07095544,0.51089066,0.09322496
raw-mixed-open,42,30000000,SB RFI,Q4o,12,0.47714105,0,0,0.017673973,0.061035022,0.4441499,0.078708995
raw-mixed-open,42,30000000,SB RFI,Q5o,12,0.3183749,0,0,0.041497976,0.063331634,0.5767955,0.10482960999999999
raw-mixed-open,42,30000000,SB RFI,Q6o,12,0.2784417,0,0,0.04840659,0.07066201,0.6024897,0.1190686
raw-mixed-open,42,30000000,SB RFI,Q7o,12,0.22711693,0,0,0.08902214,0.054305445,0.62955546,0.143327585
raw-mixed-open,42,30000000,SB RFI,Q8o,12,0.15586963,0,0,0.104253,0.08373761,0.65613973,0.18799061
raw-mixed-open,42,30000000,SB RFI,Q9o,12,0.050838895,0,0,0.4003185,0.11593589,0.43290675,0.5162543900000001
raw-mixed-open,42,30000000,SB RFI,QTo,12,0.044723846,0,0,0.3767647,0.37336585,0.20514555,0.75013055
raw-mixed-open,42,30000000,SB RFI,QJo,12,0.03505762,0,0,0.2884433,0.60082406,0.07567509,0.8892673600000001
raw-mixed-open,42,30000000,SB RFI,K2o,12,0.2308094,0,0,0.033570632,0.06539624,0.6702237,0.098966872
raw-mixed-open,42,30000000,SB RFI,K3o,12,0.107453115,0,0,0.04632067,0.06813057,0.77809566,0.11445124000000001
raw-mixed-open,42,30000000,SB RFI,K4o,12,0.15678363,0,0,0.11845834,0.24305145,0.4817066,0.36150979
raw-mixed-open,42,30000000,SB RFI,K5o,12,0.07397812,0,0,0.09180571,0.20834106,0.6258751,0.30014677
raw-mixed-open,42,30000000,SB RFI,K6o,12,0.059547752,0,0,0.34410977,0.08520861,0.5111339,0.42931838
raw-mixed-open,42,30000000,SB RFI,K7o,12,0.03494468,0,0,0.39125735,0.10810709,0.4656909,0.49936444
raw-mixed-open,42,30000000,SB RFI,K8o,12,0.043178085,0,0,0.41897792,0.33918694,0.198657,0.7581648599999999
raw-mixed-open,42,30000000,SB RFI,K9o,12,0.028292894,0,0,0.2706389,0.24082169,0.46024653,0.51146059
raw-mixed-open,42,30000000,SB RFI,KTo,12,0.016607381,0,0,0.6081895,0.27073303,0.104470044,0.8789225300000001
raw-mixed-open,42,30000000,SB RFI,KJo,12,0.017082661,0,0,0.168493,0.7205632,0.093861185,0.8890562
raw-mixed-open,42,30000000,SB RFI,KQo,12,0.009796469,0,0,0.2741073,0.615574,0.1005222,0.8896812999999999
raw-mixed-open,42,30000000,SB RFI,A2o,12,0.03406348,0,0,0.09024932,0.7440111,0.13167611,0.83426042
raw-mixed-open,42,30000000,SB RFI,A3o,12,0.019182855,0,0,0.35315725,0.5221728,0.10548709,0.87533005
raw-mixed-open,42,30000000,SB RFI,A4o,12,0.019984586,0,0,0.22376195,0.56711394,0.18913952,0.79087589
raw-mixed-open,42,30000000,SB RFI,A5o,12,0.015398434,0,0,0.31873897,0.5590436,0.10681901,0.8777825699999999
raw-mixed-open,42,30000000,SB RFI,A6o,12,0.01894648,0,0,0.12530829,0.77577657,0.07996868,0.90108486
raw-mixed-open,42,30000000,SB RFI,A7o,12,0.014367598,0,0,0.29429185,0.60543305,0.08590751,0.8997249
raw-mixed-open,42,30000000,SB RFI,A8o,12,0.013122478,0,0,0.18119521,0.71822023,0.08746213,0.8994154400000001
raw-mixed-open,42,30000000,SB RFI,A9o,12,0.009874282,0,0,0.08818216,0.8276792,0.074264295,0.91586136
raw-mixed-open,42,30000000,SB RFI,ATo,12,0.005893554,0,0,0.27310935,0.60663456,0.11436251,0.87974391
raw-mixed-open,42,30000000,SB RFI,AJo,12,0.0029839983,0,0,0.49681306,0.26404124,0.23616174,0.7608543
raw-mixed-open,42,30000000,SB RFI,AQo,12,0.0033966482,0,0,0.26462108,0.5616219,0.17036034,0.82624298
raw-mixed-open,42,30000000,SB RFI,AKo,12,0.003651972,0,0,0.15278398,0.64112186,0.20244215,0.7939058400000001
cfr-fixed-2.5bb-diagnostic,42,30000000,UTG RFI,22,6,0.9355444,0,0.02003606,0,0.04441954,0,0.0644556
cfr-fixed-2.5bb-diagnostic,42,30000000,UTG RFI,33,6,0.9225048,0,0.025682902,0,0.051812336,0,0.077495238
cfr-fixed-2.5bb-diagnostic,42,30000000,UTG RFI,44,6,0.768094,0,0.07782236,0,0.15408358,0,0.23190593999999998
cfr-fixed-2.5bb-diagnostic,42,30000000,UTG RFI,55,6,0.07393059,0,0.5337673,0,0.3923021,0,0.9260693999999999
cfr-fixed-2.5bb-diagnostic,42,30000000,UTG RFI,66,6,0.03254245,0,0.42173725,0,0.5457202,0,0.9674574499999999
cfr-fixed-2.5bb-diagnostic,42,30000000,UTG RFI,77,6,0.013292038,0,0.6994614,0,0.2872465,0,0.9867079000000001
cfr-fixed-2.5bb-diagnostic,42,30000000,UTG RFI,88,6,0.008951738,0,0.7712059,0,0.21984237,0,0.9910482700000001
cfr-fixed-2.5bb-diagnostic,42,30000000,UTG RFI,99,6,0.006161667,0,0.7241549,0,0.2696834,0,0.9938383000000001
cfr-fixed-2.5bb-diagnostic,42,30000000,UTG RFI,TT,6,0.0054366672,0,0.8563839,0,0.1381794,0,0.9945633
cfr-fixed-2.5bb-diagnostic,42,30000000,UTG RFI,JJ,6,0.0033122026,0,0.83601075,0,0.16067702,0,0.9966877700000001
cfr-fixed-2.5bb-diagnostic,42,30000000,UTG RFI,QQ,6,0.002200988,0,0.741307,0,0.25649202,0,0.99779902
cfr-fixed-2.5bb-diagnostic,42,30000000,UTG RFI,KK,6,0.0016598941,0,0.8237313,0,0.1746088,0,0.9983401000000001
cfr-fixed-2.5bb-diagnostic,42,30000000,UTG RFI,AA,6,0.001190522,0,0.9040683,0,0.09474123,0,0.9988095300000001
cfr-fixed-2.5bb-diagnostic,42,30000000,UTG RFI,32s,4,0.9732401,0,0.0076417406,0,0.019118184,0,0.0267599246
cfr-fixed-2.5bb-diagnostic,42,30000000,UTG RFI,42s,4,0.9731873,0,0.009536027,0,0.017276634,0,0.026812661
cfr-fixed-2.5bb-diagnostic,42,30000000,UTG RFI,43s,4,0.9661789,0,0.012124987,0,0.021696066,0,0.033821053000000004
cfr-fixed-2.5bb-diagnostic,42,30000000,UTG RFI,52s,4,0.97042006,0,0.01192068,0,0.017659198,0,0.029579878
cfr-fixed-2.5bb-diagnostic,42,30000000,UTG RFI,53s,4,0.9637991,0,0.012335898,0,0.023864934,0,0.036200832
cfr-fixed-2.5bb-diagnostic,42,30000000,UTG RFI,54s,4,0.9582705,0,0.013437674,0,0.028291784,0,0.041729458
cfr-fixed-2.5bb-diagnostic,42,30000000,UTG RFI,62s,4,0.9726355,0,0.008809274,0,0.018555159,0,0.027364433
cfr-fixed-2.5bb-diagnostic,42,30000000,UTG RFI,63s,4,0.9675258,0,0.012090311,0,0.020383831,0,0.032474142
cfr-fixed-2.5bb-diagnostic,42,30000000,UTG RFI,64s,4,0.9497499,0,0.016767891,0,0.03348225,0,0.050250141
cfr-fixed-2.5bb-diagnostic,42,30000000,UTG RFI,65s,4,0.9456315,0,0.022330869,0,0.03203759,0,0.054368458999999994
cfr-fixed-2.5bb-diagnostic,42,30000000,UTG RFI,72s,4,0.97540516,0,0.009146302,0,0.0154485535,0,0.0245948555
cfr-fixed-2.5bb-diagnostic,42,30000000,UTG RFI,73s,4,0.9675597,0,0.010766645,0,0.0216736,0,0.032440245
cfr-fixed-2.5bb-diagnostic,42,30000000,UTG RFI,74s,4,0.9632732,0,0.014555254,0,0.022171514,0,0.036726768
cfr-fixed-2.5bb-diagnostic,42,30000000,UTG RFI,75s,4,0.9397797,0,0.020104604,0,0.04011577,0,0.06022037400000001
cfr-fixed-2.5bb-diagnostic,42,30000000,UTG RFI,76s,4,0.9429265,0,0.019530822,0,0.037542682,0,0.057073504
cfr-fixed-2.5bb-diagnostic,42,30000000,UTG RFI,82s,4,0.9701939,0,0.008186852,0,0.021619258,0,0.029806109999999997
cfr-fixed-2.5bb-diagnostic,42,30000000,UTG RFI,83s,4,0.9710898,0,0.009338356,0,0.019571906,0,0.028910262
cfr-fixed-2.5bb-diagnostic,42,30000000,UTG RFI,84s,4,0.96398807,0,0.012592214,0,0.023419682,0,0.036011896
cfr-fixed-2.5bb-diagnostic,42,30000000,UTG RFI,85s,4,0.95128757,0,0.016912686,0,0.03179969,0,0.048712376
cfr-fixed-2.5bb-diagnostic,42,30000000,UTG RFI,86s,4,0.9441837,0,0.026133236,0,0.029683074,0,0.05581631
cfr-fixed-2.5bb-diagnostic,42,30000000,UTG RFI,87s,4,0.8930133,0,0.035853036,0,0.07113362,0,0.10698665599999999
cfr-fixed-2.5bb-diagnostic,42,30000000,UTG RFI,92s,4,0.96845037,0,0.011041037,0,0.020508537,0,0.031549574
cfr-fixed-2.5bb-diagnostic,42,30000000,UTG RFI,93s,4,0.9693935,0,0.0114375185,0,0.019168993,0,0.0306065115
cfr-fixed-2.5bb-diagnostic,42,30000000,UTG RFI,94s,4,0.968518,0,0.011640257,0,0.019841686,0,0.031481943
cfr-fixed-2.5bb-diagnostic,42,30000000,UTG RFI,95s,4,0.95583516,0,0.017842468,0,0.026322367,0,0.044164835
cfr-fixed-2.5bb-diagnostic,42,30000000,UTG RFI,96s,4,0.94167316,0,0.020390954,0,0.037935864,0,0.058326818
cfr-fixed-2.5bb-diagnostic,42,30000000,UTG RFI,97s,4,0.9316074,0,0.029532468,0,0.038860127,0,0.068392595
cfr-fixed-2.5bb-diagnostic,42,30000000,UTG RFI,98s,4,0.86481637,0,0.05258846,0,0.08259519,0,0.13518365
cfr-fixed-2.5bb-diagnostic,42,30000000,UTG RFI,T2s,4,0.9629993,0,0.012259249,0,0.024741495,0,0.037000744
cfr-fixed-2.5bb-diagnostic,42,30000000,UTG RFI,T3s,4,0.96676505,0,0.0124467425,0,0.020788196,0,0.0332349385
cfr-fixed-2.5bb-diagnostic,42,30000000,UTG RFI,T4s,4,0.96214044,0,0.01454345,0,0.023316128,0,0.037859578
cfr-fixed-2.5bb-diagnostic,42,30000000,UTG RFI,T5s,4,0.96026444,0,0.013679642,0,0.026055943,0,0.039735585000000004
cfr-fixed-2.5bb-diagnostic,42,30000000,UTG RFI,T6s,4,0.9517925,0,0.02217036,0,0.026037203,0,0.048207562999999995
cfr-fixed-2.5bb-diagnostic,42,30000000,UTG RFI,T7s,4,0.92369187,0,0.038734652,0,0.037573524,0,0.076308176
cfr-fixed-2.5bb-diagnostic,42,30000000,UTG RFI,T8s,4,0.85018885,0,0.1035346,0,0.046276543,0,0.149811143
cfr-fixed-2.5bb-diagnostic,42,30000000,UTG RFI,T9s,4,0.73398244,0,0.16388758,0,0.10212998,0,0.26601756
cfr-fixed-2.5bb-diagnostic,42,30000000,UTG RFI,J2s,4,0.95952296,0,0.013963426,0,0.026513604,0,0.04047703
cfr-fixed-2.5bb-diagnostic,42,30000000,UTG RFI,J3s,4,0.9609426,0,0.014971953,0,0.024085436,0,0.039057389
cfr-fixed-2.5bb-diagnostic,42,30000000,UTG RFI,J4s,4,0.9490167,0,0.021126945,0,0.029856328,0,0.050983273
cfr-fixed-2.5bb-diagnostic,42,30000000,UTG RFI,J5s,4,0.947428,0,0.02435068,0,0.02822133,0,0.05257201
cfr-fixed-2.5bb-diagnostic,42,30000000,UTG RFI,J6s,4,0.93408436,0,0.03152246,0,0.034393158,0,0.06591561800000001
cfr-fixed-2.5bb-diagnostic,42,30000000,UTG RFI,J7s,4,0.93384224,0,0.032151,0,0.034006838,0,0.066157838
cfr-fixed-2.5bb-diagnostic,42,30000000,UTG RFI,J8s,4,0.8636434,0,0.095576,0,0.040780663,0,0.136356663
cfr-fixed-2.5bb-diagnostic,42,30000000,UTG RFI,J9s,4,0.66298693,0,0.23053981,0,0.10647325,0,0.33701306000000003
cfr-fixed-2.5bb-diagnostic,42,30000000,UTG RFI,JTs,4,0.06735742,0,0.7247216,0,0.20792098,0,0.93264258
cfr-fixed-2.5bb-diagnostic,42,30000000,UTG RFI,Q2s,4,0.95637316,0,0.016920868,0,0.02670594,0,0.043626808
cfr-fixed-2.5bb-diagnostic,42,30000000,UTG RFI,Q3s,4,0.9415443,0,0.02076904,0,0.037686646,0,0.05845568599999999
cfr-fixed-2.5bb-diagnostic,42,30000000,UTG RFI,Q4s,4,0.94071084,0,0.02504472,0,0.034244422,0,0.059289141999999996
cfr-fixed-2.5bb-diagnostic,42,30000000,UTG RFI,Q5s,4,0.9222973,0,0.03907531,0,0.038627405,0,0.077702715
cfr-fixed-2.5bb-diagnostic,42,30000000,UTG RFI,Q6s,4,0.9359241,0,0.031929612,0,0.032146268,0,0.06407588
cfr-fixed-2.5bb-diagnostic,42,30000000,UTG RFI,Q7s,4,0.9150144,0,0.045205306,0,0.039780363,0,0.084985669
cfr-fixed-2.5bb-diagnostic,42,30000000,UTG RFI,Q8s,4,0.851017,0,0.07942136,0,0.06956163,0,0.14898298999999998
cfr-fixed-2.5bb-diagnostic,42,30000000,UTG RFI,Q9s,4,0.5969721,0,0.20924856,0,0.19377935,0,0.40302791
cfr-fixed-2.5bb-diagnostic,42,30000000,UTG RFI,QTs,4,0.040499244,0,0.7089463,0,0.2505545,0,0.9595008
cfr-fixed-2.5bb-diagnostic,42,30000000,UTG RFI,QJs,4,0.03289929,0,0.8193098,0,0.14779092,0,0.9671007199999999
cfr-fixed-2.5bb-diagnostic,42,30000000,UTG RFI,K2s,4,0.9230532,0,0.029426431,0,0.04752035,0,0.076946781
cfr-fixed-2.5bb-diagnostic,42,30000000,UTG RFI,K3s,4,0.9276563,0,0.030230712,0,0.042113,0,0.072343712
cfr-fixed-2.5bb-diagnostic,42,30000000,UTG RFI,K4s,4,0.90085644,0,0.039163675,0,0.05997989,0,0.099143565
cfr-fixed-2.5bb-diagnostic,42,30000000,UTG RFI,K5s,4,0.8989437,0,0.03297882,0,0.068077475,0,0.10105629499999999
cfr-fixed-2.5bb-diagnostic,42,30000000,UTG RFI,K6s,4,0.83187807,0,0.07644457,0,0.091677286,0,0.16812185600000001
cfr-fixed-2.5bb-diagnostic,42,30000000,UTG RFI,K7s,4,0.7071748,0,0.18425727,0,0.10856796,0,0.29282523
cfr-fixed-2.5bb-diagnostic,42,30000000,UTG RFI,K8s,4,0.66085225,0,0.1894593,0,0.14968838,0,0.33914768
cfr-fixed-2.5bb-diagnostic,42,30000000,UTG RFI,K9s,4,0.2474506,0,0.2358405,0,0.5167089,0,0.7525494
cfr-fixed-2.5bb-diagnostic,42,30000000,UTG RFI,KTs,4,0.022199059,0,0.75049615,0,0.22730482,0,0.97780097
cfr-fixed-2.5bb-diagnostic,42,30000000,UTG RFI,KJs,4,0.020848537,0,0.66141105,0,0.3177404,0,0.97915145
cfr-fixed-2.5bb-diagnostic,42,30000000,UTG RFI,KQs,4,0.018235637,0,0.83377635,0,0.14798796,0,0.9817643100000001
cfr-fixed-2.5bb-diagnostic,42,30000000,UTG RFI,A2s,4,0.72954684,0,0.14309913,0,0.127354,0,0.27045313
cfr-fixed-2.5bb-diagnostic,42,30000000,UTG RFI,A3s,4,0.43765548,0,0.2415522,0,0.32079235,0,0.5623445499999999
cfr-fixed-2.5bb-diagnostic,42,30000000,UTG RFI,A4s,4,0.15605043,0,0.46855658,0,0.375393,0,0.84394958
cfr-fixed-2.5bb-diagnostic,42,30000000,UTG RFI,A5s,4,0.08827423,0,0.49545878,0,0.41626698,0,0.9117257599999999
cfr-fixed-2.5bb-diagnostic,42,30000000,UTG RFI,A6s,4,0.14543433,0,0.5534762,0,0.30108947,0,0.8545656699999999
cfr-fixed-2.5bb-diagnostic,42,30000000,UTG RFI,A7s,4,0.053947378,0,0.28790203,0,0.65815055,0,0.9460525799999999
cfr-fixed-2.5bb-diagnostic,42,30000000,UTG RFI,A8s,4,0.03499577,0,0.4252064,0,0.5397979,0,0.9650043
cfr-fixed-2.5bb-diagnostic,42,30000000,UTG RFI,A9s,4,0.023493705,0,0.7470886,0,0.22941771,0,0.97650631
cfr-fixed-2.5bb-diagnostic,42,30000000,UTG RFI,ATs,4,0.013211913,0,0.34216657,0,0.6446215,0,0.98678807
cfr-fixed-2.5bb-diagnostic,42,30000000,UTG RFI,AJs,4,0.009308826,0,0.2913286,0,0.6993626,0,0.9906911999999999
cfr-fixed-2.5bb-diagnostic,42,30000000,UTG RFI,AQs,4,0.0061499476,0,0.65585303,0,0.33799702,0,0.9938500499999999
cfr-fixed-2.5bb-diagnostic,42,30000000,UTG RFI,AKs,4,0.0053014574,0,0.28438556,0,0.71031296,0,0.99469852
cfr-fixed-2.5bb-diagnostic,42,30000000,UTG RFI,32o,12,0.9895797,0,0.0025105278,0,0.007909808,0,0.010420335800000001
cfr-fixed-2.5bb-diagnostic,42,30000000,UTG RFI,42o,12,0.9888303,0,0.0029965728,0,0.008173101,0,0.0111696738
cfr-fixed-2.5bb-diagnostic,42,30000000,UTG RFI,43o,12,0.98685473,0,0.003434405,0,0.009710922,0,0.013145327
cfr-fixed-2.5bb-diagnostic,42,30000000,UTG RFI,52o,12,0.98835593,0,0.0029826192,0,0.008661548,0,0.0116441672
cfr-fixed-2.5bb-diagnostic,42,30000000,UTG RFI,53o,12,0.9864295,0,0.004215521,0,0.009354908,0,0.013570429
cfr-fixed-2.5bb-diagnostic,42,30000000,UTG RFI,54o,12,0.9837289,0,0.004655859,0,0.011615224,0,0.016271083
cfr-fixed-2.5bb-diagnostic,42,30000000,UTG RFI,62o,12,0.9893833,0,0.0026041807,0,0.008012548,0,0.0106167287
cfr-fixed-2.5bb-diagnostic,42,30000000,UTG RFI,63o,12,0.9874254,0,0.0033206607,0,0.009253974,0,0.0125746347
cfr-fixed-2.5bb-diagnostic,42,30000000,UTG RFI,64o,12,0.98494095,0,0.0042570503,0,0.010801978,0,0.0150590283
cfr-fixed-2.5bb-diagnostic,42,30000000,UTG RFI,65o,12,0.98114103,0,0.006035948,0,0.01282304,0,0.018858988
cfr-fixed-2.5bb-diagnostic,42,30000000,UTG RFI,72o,12,0.99035925,0,0.0022343937,0,0.007406331,0,0.0096407247
cfr-fixed-2.5bb-diagnostic,42,30000000,UTG RFI,73o,12,0.98836565,0,0.0030854142,0,0.008548974,0,0.011634388200000002
cfr-fixed-2.5bb-diagnostic,42,30000000,UTG RFI,74o,12,0.98697656,0,0.0038120353,0,0.0092115,0,0.0130235353
cfr-fixed-2.5bb-diagnostic,42,30000000,UTG RFI,75o,12,0.98453856,0,0.0050916355,0,0.010369798,0,0.0154614335
cfr-fixed-2.5bb-diagnostic,42,30000000,UTG RFI,76o,12,0.9800658,0,0.0064090714,0,0.013525167,0,0.0199342384
cfr-fixed-2.5bb-diagnostic,42,30000000,UTG RFI,82o,12,0.98942393,0,0.0023569462,0,0.008219095,0,0.010576041199999999
cfr-fixed-2.5bb-diagnostic,42,30000000,UTG RFI,83o,12,0.9889106,0,0.0027663566,0,0.008323084,0,0.0110894406
cfr-fixed-2.5bb-diagnostic,42,30000000,UTG RFI,84o,12,0.98735607,0,0.0035134617,0,0.009130515,0,0.0126439767
cfr-fixed-2.5bb-diagnostic,42,30000000,UTG RFI,85o,12,0.9839496,0,0.0049100625,0,0.011140347,0,0.0160504095
cfr-fixed-2.5bb-diagnostic,42,30000000,UTG RFI,86o,12,0.98124176,0,0.0060726977,0,0.012685489,0,0.0187581867
cfr-fixed-2.5bb-diagnostic,42,30000000,UTG RFI,87o,12,0.97730017,0,0.007889717,0,0.014810163,0,0.02269988
cfr-fixed-2.5bb-diagnostic,42,30000000,UTG RFI,92o,12,0.9889296,0,0.003169299,0,0.007901122,0,0.011070421
cfr-fixed-2.5bb-diagnostic,42,30000000,UTG RFI,93o,12,0.9886082,0,0.0029378256,0,0.008454022,0,0.011391847600000001
cfr-fixed-2.5bb-diagnostic,42,30000000,UTG RFI,94o,12,0.98795825,0,0.003141316,0,0.008900505,0,0.012041821
cfr-fixed-2.5bb-diagnostic,42,30000000,UTG RFI,95o,12,0.9851723,0,0.0039131995,0,0.010914504,0,0.0148277035
cfr-fixed-2.5bb-diagnostic,42,30000000,UTG RFI,96o,12,0.98334837,0,0.005064369,0,0.011587342,0,0.016651711
cfr-fixed-2.5bb-diagnostic,42,30000000,UTG RFI,97o,12,0.97795373,0,0.008116064,0,0.013930179,0,0.022046243
cfr-fixed-2.5bb-diagnostic,42,30000000,UTG RFI,98o,12,0.97164696,0,0.012676902,0,0.015676111,0,0.028353013
cfr-fixed-2.5bb-diagnostic,42,30000000,UTG RFI,T2o,12,0.98778695,0,0.0035754025,0,0.008637728,0,0.0122131305
cfr-fixed-2.5bb-diagnostic,42,30000000,UTG RFI,T3o,12,0.98754996,0,0.0032567843,0,0.009193213,0,0.012449997300000001
cfr-fixed-2.5bb-diagnostic,42,30000000,UTG RFI,T4o,12,0.98644567,0,0.0039388235,0,0.0096154865,0,0.01355431
cfr-fixed-2.5bb-diagnostic,42,30000000,UTG RFI,T5o,12,0.9864692,0,0.004149086,0,0.00938169,0,0.013530776
cfr-fixed-2.5bb-diagnostic,42,30000000,UTG RFI,T6o,12,0.983847,0,0.005068661,0,0.011084378,0,0.016153039
cfr-fixed-2.5bb-diagnostic,42,30000000,UTG RFI,T7o,12,0.979243,0,0.0070854845,0,0.013671513,0,0.0207569975
cfr-fixed-2.5bb-diagnostic,42,30000000,UTG RFI,T8o,12,0.9711181,0,0.01173064,0,0.017151296,0,0.028881936
cfr-fixed-2.5bb-diagnostic,42,30000000,UTG RFI,T9o,12,0.9580567,0,0.020084105,0,0.02185923,0,0.041943335
cfr-fixed-2.5bb-diagnostic,42,30000000,UTG RFI,J2o,12,0.98658633,0,0.0039991764,0,0.009414453,0,0.0134136294
cfr-fixed-2.5bb-diagnostic,42,30000000,UTG RFI,J3o,12,0.98587424,0,0.003923811,0,0.010201935,0,0.014125746000000002
cfr-fixed-2.5bb-diagnostic,42,30000000,UTG RFI,J4o,12,0.98594034,0,0.0043134857,0,0.009746292,0,0.014059777700000001
cfr-fixed-2.5bb-diagnostic,42,30000000,UTG RFI,J5o,12,0.9842174,0,0.0051534,0,0.010629193,0,0.015782593
cfr-fixed-2.5bb-diagnostic,42,30000000,UTG RFI,J6o,12,0.98380065,0,0.0051890626,0,0.01101027,0,0.0161993326
cfr-fixed-2.5bb-diagnostic,42,30000000,UTG RFI,J7o,12,0.9797583,0,0.0064464887,0,0.013795206,0,0.0202416947
cfr-fixed-2.5bb-diagnostic,42,30000000,UTG RFI,J8o,12,0.9741902,0,0.009583665,0,0.01622615,0,0.025809815
cfr-fixed-2.5bb-diagnostic,42,30000000,UTG RFI,J9o,12,0.9597703,0,0.020073116,0,0.020156538,0,0.040229654000000004
cfr-fixed-2.5bb-diagnostic,42,30000000,UTG RFI,JTo,12,0.75646514,0,0.20403592,0,0.039498914,0,0.243534834
cfr-fixed-2.5bb-diagnostic,42,30000000,UTG RFI,Q2o,12,0.9848327,0,0.004818425,0,0.010348838,0,0.015167263
cfr-fixed-2.5bb-diagnostic,42,30000000,UTG RFI,Q3o,12,0.9831912,0,0.0050337827,0,0.01177505,0,0.0168088327
cfr-fixed-2.5bb-diagnostic,42,30000000,UTG RFI,Q4o,12,0.9825127,0,0.0056181466,0,0.011869234,0,0.017487380599999998
cfr-fixed-2.5bb-diagnostic,42,30000000,UTG RFI,Q5o,12,0.98069763,0,0.0061900364,0,0.0131123,0,0.0193023364
cfr-fixed-2.5bb-diagnostic,42,30000000,UTG RFI,Q6o,12,0.9778506,0,0.0076686516,0,0.014480717,0,0.0221493686
cfr-fixed-2.5bb-diagnostic,42,30000000,UTG RFI,Q7o,12,0.9764806,0,0.007761362,0,0.015757997,0,0.023519359
cfr-fixed-2.5bb-diagnostic,42,30000000,UTG RFI,Q8o,12,0.9711175,0,0.012412303,0,0.01647015,0,0.028882453
cfr-fixed-2.5bb-diagnostic,42,30000000,UTG RFI,Q9o,12,0.9454537,0,0.027940966,0,0.02660533,0,0.054546296
cfr-fixed-2.5bb-diagnostic,42,30000000,UTG RFI,QTo,12,0.64107066,0,0.30859005,0,0.05033927,0,0.35892932
cfr-fixed-2.5bb-diagnostic,42,30000000,UTG RFI,QJo,12,0.2002416,0,0.7227758,0,0.07698261,0,0.7997584099999999
cfr-fixed-2.5bb-diagnostic,42,30000000,UTG RFI,K2o,12,0.9789293,0,0.005645115,0,0.015425639,0,0.021070754
cfr-fixed-2.5bb-diagnostic,42,30000000,UTG RFI,K3o,12,0.9784709,0,0.006855832,0,0.014673271,0,0.021529103
cfr-fixed-2.5bb-diagnostic,42,30000000,UTG RFI,K4o,12,0.9781835,0,0.006950604,0,0.014865917,0,0.021816521
cfr-fixed-2.5bb-diagnostic,42,30000000,UTG RFI,K5o,12,0.9738978,0,0.0090883365,0,0.017013831,0,0.026102167500000002
cfr-fixed-2.5bb-diagnostic,42,30000000,UTG RFI,K6o,12,0.9720344,0,0.011197319,0,0.016768342,0,0.027965661
cfr-fixed-2.5bb-diagnostic,42,30000000,UTG RFI,K7o,12,0.96739334,0,0.014284647,0,0.01832204,0,0.032606687
cfr-fixed-2.5bb-diagnostic,42,30000000,UTG RFI,K8o,12,0.9612328,0,0.018195182,0,0.02057207,0,0.038767252
cfr-fixed-2.5bb-diagnostic,42,30000000,UTG RFI,K9o,12,0.8222952,0,0.14698002,0,0.03072486,0,0.17770487999999998
cfr-fixed-2.5bb-diagnostic,42,30000000,UTG RFI,KTo,12,0.22162738,0,0.6574721,0,0.12090052,0,0.77837262
cfr-fixed-2.5bb-diagnostic,42,30000000,UTG RFI,KJo,12,0.06572881,0,0.8064347,0,0.12783654,0,0.93427124
cfr-fixed-2.5bb-diagnostic,42,30000000,UTG RFI,KQo,12,0.014884185,0,0.86307436,0,0.12204139,0,0.9851157500000001
cfr-fixed-2.5bb-diagnostic,42,30000000,UTG RFI,A2o,12,0.9575624,0,0.016656423,0,0.025781164,0,0.042437587
cfr-fixed-2.5bb-diagnostic,42,30000000,UTG RFI,A3o,12,0.94691324,0,0.022782082,0,0.030304724,0,0.053086806
cfr-fixed-2.5bb-diagnostic,42,30000000,UTG RFI,A4o,12,0.92380226,0,0.043571424,0,0.032626256,0,0.07619767999999999
cfr-fixed-2.5bb-diagnostic,42,30000000,UTG RFI,A5o,12,0.8912833,0,0.049940195,0,0.058776576,0,0.10871677099999999
cfr-fixed-2.5bb-diagnostic,42,30000000,UTG RFI,A6o,12,0.90586305,0,0.0565099,0,0.03762705,0,0.09413695
cfr-fixed-2.5bb-diagnostic,42,30000000,UTG RFI,A7o,12,0.8191914,0,0.11178541,0,0.06902315,0,0.18080856
cfr-fixed-2.5bb-diagnostic,42,30000000,UTG RFI,A8o,12,0.42172405,0,0.49819762,0,0.080078326,0,0.578275946
cfr-fixed-2.5bb-diagnostic,42,30000000,UTG RFI,A9o,12,0.09027678,0,0.71774757,0,0.19197562,0,0.90972319
cfr-fixed-2.5bb-diagnostic,42,30000000,UTG RFI,ATo,12,0.013019017,0,0.8675842,0,0.11939681,0,0.98698101
cfr-fixed-2.5bb-diagnostic,42,30000000,UTG RFI,AJo,12,0.007488351,0,0.77314204,0,0.2193696,0,0.99251164
cfr-fixed-2.5bb-diagnostic,42,30000000,UTG RFI,AQo,12,0.0040442315,0,0.6365267,0,0.3594291,0,0.9959558
cfr-fixed-2.5bb-diagnostic,42,30000000,UTG RFI,AKo,12,0.0027475853,0,0.65262145,0,0.34463096,0,0.99725241
cfr-fixed-2.5bb-diagnostic,42,30000000,HJ RFI,22,6,0.90316397,0,0.027456282,0,0.069379784,0,0.096836066
cfr-fixed-2.5bb-diagnostic,42,30000000,HJ RFI,33,6,0.7836508,0,0.042864226,0,0.173485,0,0.216349226
cfr-fixed-2.5bb-diagnostic,42,30000000,HJ RFI,44,6,0.514435,0,0.1579656,0,0.32759938,0,0.48556498000000003
cfr-fixed-2.5bb-diagnostic,42,30000000,HJ RFI,55,6,0.1184618,0,0.23559198,0,0.6459462,0,0.8815381800000001
cfr-fixed-2.5bb-diagnostic,42,30000000,HJ RFI,66,6,0.035821456,0,0.25051096,0,0.71366763,0,0.96417859
cfr-fixed-2.5bb-diagnostic,42,30000000,HJ RFI,77,6,0.020004215,0,0.27128786,0,0.7087079,0,0.97999576
cfr-fixed-2.5bb-diagnostic,42,30000000,HJ RFI,88,6,0.0104507385,0,0.6988786,0,0.2906707,0,0.9895493
cfr-fixed-2.5bb-diagnostic,42,30000000,HJ RFI,99,6,0.0073920917,0,0.70067316,0,0.29193476,0,0.99260792
cfr-fixed-2.5bb-diagnostic,42,30000000,HJ RFI,TT,6,0.0057907407,0,0.8419546,0,0.15225466,0,0.99420926
cfr-fixed-2.5bb-diagnostic,42,30000000,HJ RFI,JJ,6,0.004285565,0,0.86542606,0,0.13028839,0,0.99571445
cfr-fixed-2.5bb-diagnostic,42,30000000,HJ RFI,QQ,6,0.0030120772,0,0.8204037,0,0.17658424,0,0.9969879399999999
cfr-fixed-2.5bb-diagnostic,42,30000000,HJ RFI,KK,6,0.0025108745,0,0.9192064,0,0.07828275,0,0.9974891499999999
cfr-fixed-2.5bb-diagnostic,42,30000000,HJ RFI,AA,6,0.0014425876,0,0.9377128,0,0.060844608,0,0.998557408
cfr-fixed-2.5bb-diagnostic,42,30000000,HJ RFI,32s,4,0.9695875,0,0.008820537,0,0.021591924,0,0.030412461
cfr-fixed-2.5bb-diagnostic,42,30000000,HJ RFI,42s,4,0.96731937,0,0.0102400165,0,0.022440625,0,0.032680641499999996
cfr-fixed-2.5bb-diagnostic,42,30000000,HJ RFI,43s,4,0.9621006,0,0.013126678,0,0.024772616,0,0.037899294
cfr-fixed-2.5bb-diagnostic,42,30000000,HJ RFI,52s,4,0.96293616,0,0.01118197,0,0.025881791,0,0.037063761
cfr-fixed-2.5bb-diagnostic,42,30000000,HJ RFI,53s,4,0.95106626,0,0.014286845,0,0.03464689,0,0.048933735
cfr-fixed-2.5bb-diagnostic,42,30000000,HJ RFI,54s,4,0.9540426,0,0.016151361,0,0.029806005,0,0.045957366
cfr-fixed-2.5bb-diagnostic,42,30000000,HJ RFI,62s,4,0.96564275,0,0.010451441,0,0.0239059,0,0.034357341
cfr-fixed-2.5bb-diagnostic,42,30000000,HJ RFI,63s,4,0.95621496,0,0.01641929,0,0.027365785,0,0.043785075
cfr-fixed-2.5bb-diagnostic,42,30000000,HJ RFI,64s,4,0.95380414,0,0.014443018,0,0.031752862,0,0.04619588
cfr-fixed-2.5bb-diagnostic,42,30000000,HJ RFI,65s,4,0.94953823,0,0.021395508,0,0.029066212,0,0.05046172
cfr-fixed-2.5bb-diagnostic,42,30000000,HJ RFI,72s,4,0.96904916,0,0.010762786,0,0.020188013,0,0.030950799
cfr-fixed-2.5bb-diagnostic,42,30000000,HJ RFI,73s,4,0.96659577,0,0.010022104,0,0.02338212,0,0.033404223999999996
cfr-fixed-2.5bb-diagnostic,42,30000000,HJ RFI,74s,4,0.9602362,0,0.015124566,0,0.024639273,0,0.039763839
cfr-fixed-2.5bb-diagnostic,42,30000000,HJ RFI,75s,4,0.9427121,0,0.021007847,0,0.03628006,0,0.057287907
cfr-fixed-2.5bb-diagnostic,42,30000000,HJ RFI,76s,4,0.9354119,0,0.028692659,0,0.03589551,0,0.064588169
cfr-fixed-2.5bb-diagnostic,42,30000000,HJ RFI,82s,4,0.9595097,0,0.010762668,0,0.029727638,0,0.040490306000000004
cfr-fixed-2.5bb-diagnostic,42,30000000,HJ RFI,83s,4,0.9667161,0,0.012245015,0,0.021038871,0,0.033283886
cfr-fixed-2.5bb-diagnostic,42,30000000,HJ RFI,84s,4,0.9626122,0,0.013624021,0,0.02376373,0,0.037387751
cfr-fixed-2.5bb-diagnostic,42,30000000,HJ RFI,85s,4,0.94895875,0,0.020175677,0,0.03086556,0,0.051041237
cfr-fixed-2.5bb-diagnostic,42,30000000,HJ RFI,86s,4,0.93355596,0,0.026671687,0,0.039772335,0,0.06644402199999999
cfr-fixed-2.5bb-diagnostic,42,30000000,HJ RFI,87s,4,0.9172747,0,0.03417615,0,0.048549093,0,0.082725243
cfr-fixed-2.5bb-diagnostic,42,30000000,HJ RFI,92s,4,0.96566087,0,0.0131781,0,0.021161042,0,0.034339142
cfr-fixed-2.5bb-diagnostic,42,30000000,HJ RFI,93s,4,0.9631945,0,0.011580672,0,0.025224892,0,0.036805564
cfr-fixed-2.5bb-diagnostic,42,30000000,HJ RFI,94s,4,0.9616009,0,0.011001898,0,0.027397186,0,0.038399084
cfr-fixed-2.5bb-diagnostic,42,30000000,HJ RFI,95s,4,0.9516275,0,0.018179785,0,0.030192658,0,0.048372443
cfr-fixed-2.5bb-diagnostic,42,30000000,HJ RFI,96s,4,0.93131125,0,0.019647654,0,0.04904112,0,0.06868877400000001
cfr-fixed-2.5bb-diagnostic,42,30000000,HJ RFI,97s,4,0.91079855,0,0.04349359,0,0.04570781,0,0.0892014
cfr-fixed-2.5bb-diagnostic,42,30000000,HJ RFI,98s,4,0.88858587,0,0.051140882,0,0.06027323,0,0.111414112
cfr-fixed-2.5bb-diagnostic,42,30000000,HJ RFI,T2s,4,0.9569345,0,0.0111031635,0,0.031962343,0,0.043065506499999996
cfr-fixed-2.5bb-diagnostic,42,30000000,HJ RFI,T3s,4,0.9522477,0,0.017226491,0,0.03052582,0,0.047752311
cfr-fixed-2.5bb-diagnostic,42,30000000,HJ RFI,T4s,4,0.9623114,0,0.01247845,0,0.025210189,0,0.037688639
cfr-fixed-2.5bb-diagnostic,42,30000000,HJ RFI,T5s,4,0.95236284,0,0.016312582,0,0.03132463,0,0.047637212
cfr-fixed-2.5bb-diagnostic,42,30000000,HJ RFI,T6s,4,0.9446887,0,0.019354148,0,0.03595722,0,0.055311368
cfr-fixed-2.5bb-diagnostic,42,30000000,HJ RFI,T7s,4,0.9231936,0,0.032588508,0,0.04421798,0,0.076806488
cfr-fixed-2.5bb-diagnostic,42,30000000,HJ RFI,T8s,4,0.8161827,0,0.1132094,0,0.070607886,0,0.183817286
cfr-fixed-2.5bb-diagnostic,42,30000000,HJ RFI,T9s,4,0.47119623,0,0.38346085,0,0.14534293,0,0.5288037800000001
cfr-fixed-2.5bb-diagnostic,42,30000000,HJ RFI,J2s,4,0.95779693,0,0.014330645,0,0.027872391,0,0.042203036
cfr-fixed-2.5bb-diagnostic,42,30000000,HJ RFI,J3s,4,0.9482528,0,0.019278219,0,0.032468926,0,0.051747145
cfr-fixed-2.5bb-diagnostic,42,30000000,HJ RFI,J4s,4,0.9449555,0,0.022206645,0,0.032837816,0,0.055044461
cfr-fixed-2.5bb-diagnostic,42,30000000,HJ RFI,J5s,4,0.9462067,0,0.017797777,0,0.035995506,0,0.053793283
cfr-fixed-2.5bb-diagnostic,42,30000000,HJ RFI,J6s,4,0.92654556,0,0.026099468,0,0.047355004,0,0.07345447199999999
cfr-fixed-2.5bb-diagnostic,42,30000000,HJ RFI,J7s,4,0.9050815,0,0.03833011,0,0.05658836,0,0.09491847
cfr-fixed-2.5bb-diagnostic,42,30000000,HJ RFI,J8s,4,0.8844548,0,0.0567481,0,0.058797114,0,0.11554521400000001
cfr-fixed-2.5bb-diagnostic,42,30000000,HJ RFI,J9s,4,0.6569534,0,0.25676408,0,0.08628248,0,0.34304656
cfr-fixed-2.5bb-diagnostic,42,30000000,HJ RFI,JTs,4,0.09494749,0,0.48575443,0,0.41929814,0,0.9050525700000001
cfr-fixed-2.5bb-diagnostic,42,30000000,HJ RFI,Q2s,4,0.9339048,0,0.027941788,0,0.038153406,0,0.066095194
cfr-fixed-2.5bb-diagnostic,42,30000000,HJ RFI,Q3s,4,0.94023603,0,0.026173059,0,0.0335909,0,0.059763959
cfr-fixed-2.5bb-diagnostic,42,30000000,HJ RFI,Q4s,4,0.924156,0,0.03655395,0,0.039290078,0,0.07584402800000001
cfr-fixed-2.5bb-diagnostic,42,30000000,HJ RFI,Q5s,4,0.9125647,0,0.03975437,0,0.04768094,0,0.08743530999999999
cfr-fixed-2.5bb-diagnostic,42,30000000,HJ RFI,Q6s,4,0.9186137,0,0.035869285,0,0.045517072,0,0.08138635699999999
cfr-fixed-2.5bb-diagnostic,42,30000000,HJ RFI,Q7s,4,0.91495645,0,0.03744621,0,0.04759731,0,0.08504352
cfr-fixed-2.5bb-diagnostic,42,30000000,HJ RFI,Q8s,4,0.7686946,0,0.11197785,0,0.11932752,0,0.23130537
cfr-fixed-2.5bb-diagnostic,42,30000000,HJ RFI,Q9s,4,0.6159979,0,0.2722529,0,0.11174926,0,0.38400216000000004
cfr-fixed-2.5bb-diagnostic,42,30000000,HJ RFI,QTs,4,0.10680752,0,0.70667094,0,0.18652155,0,0.89319249
cfr-fixed-2.5bb-diagnostic,42,30000000,HJ RFI,QJs,4,0.09837002,0,0.702895,0,0.19873504,0,0.90163004
cfr-fixed-2.5bb-diagnostic,42,30000000,HJ RFI,K2s,4,0.91975886,0,0.030887749,0,0.049353395,0,0.080241144
cfr-fixed-2.5bb-diagnostic,42,30000000,HJ RFI,K3s,4,0.89760244,0,0.039656896,0,0.06274069,0,0.102397586
cfr-fixed-2.5bb-diagnostic,42,30000000,HJ RFI,K4s,4,0.8928389,0,0.06138619,0,0.0457749,0,0.10716109
cfr-fixed-2.5bb-diagnostic,42,30000000,HJ RFI,K5s,4,0.8446854,0,0.0788344,0,0.07648018,0,0.15531457999999998
cfr-fixed-2.5bb-diagnostic,42,30000000,HJ RFI,K6s,4,0.8232273,0,0.107765056,0,0.06900769,0,0.17677274599999998
cfr-fixed-2.5bb-diagnostic,42,30000000,HJ RFI,K7s,4,0.8461756,0,0.069255196,0,0.0845692,0,0.153824396
cfr-fixed-2.5bb-diagnostic,42,30000000,HJ RFI,K8s,4,0.6063159,0,0.17768613,0,0.21599792,0,0.39368405
cfr-fixed-2.5bb-diagnostic,42,30000000,HJ RFI,K9s,4,0.27309212,0,0.5171996,0,0.20970833,0,0.72690793
cfr-fixed-2.5bb-diagnostic,42,30000000,HJ RFI,KTs,4,0.04192141,0,0.22172268,0,0.7363559,0,0.95807858
cfr-fixed-2.5bb-diagnostic,42,30000000,HJ RFI,KJs,4,0.030531684,0,0.4090207,0,0.56044763,0,0.96946833
cfr-fixed-2.5bb-diagnostic,42,30000000,HJ RFI,KQs,4,0.019150281,0,0.17487836,0,0.8059713,0,0.98084966
cfr-fixed-2.5bb-diagnostic,42,30000000,HJ RFI,A2s,4,0.43984103,0,0.43604213,0,0.124116756,0,0.560158886
cfr-fixed-2.5bb-diagnostic,42,30000000,HJ RFI,A3s,4,0.23170891,0,0.5213974,0,0.24689369,0,0.76829109
cfr-fixed-2.5bb-diagnostic,42,30000000,HJ RFI,A4s,4,0.24281834,0,0.28077364,0,0.476408,0,0.75718164
cfr-fixed-2.5bb-diagnostic,42,30000000,HJ RFI,A5s,4,0.21513663,0,0.37165782,0,0.4132056,0,0.78486342
cfr-fixed-2.5bb-diagnostic,42,30000000,HJ RFI,A6s,4,0.2267593,0,0.5598654,0,0.2133753,0,0.7732406999999999
cfr-fixed-2.5bb-diagnostic,42,30000000,HJ RFI,A7s,4,0.10211723,0,0.24412166,0,0.6537611,0,0.89788276
cfr-fixed-2.5bb-diagnostic,42,30000000,HJ RFI,A8s,4,0.05690615,0,0.3381163,0,0.6049776,0,0.9430939
cfr-fixed-2.5bb-diagnostic,42,30000000,HJ RFI,A9s,4,0.026402844,0,0.22403955,0,0.7495576,0,0.97359715
cfr-fixed-2.5bb-diagnostic,42,30000000,HJ RFI,ATs,4,0.012180677,0,0.37452868,0,0.61329067,0,0.9878193500000001
cfr-fixed-2.5bb-diagnostic,42,30000000,HJ RFI,AJs,4,0.00966731,0,0.79854774,0,0.19178489,0,0.9903326299999999
cfr-fixed-2.5bb-diagnostic,42,30000000,HJ RFI,AQs,4,0.0066085714,0,0.4915766,0,0.50181484,0,0.9933914399999999
cfr-fixed-2.5bb-diagnostic,42,30000000,HJ RFI,AKs,4,0.004813241,0,0.25901484,0,0.73617196,0,0.9951867999999999
cfr-fixed-2.5bb-diagnostic,42,30000000,HJ RFI,32o,12,0.98784715,0,0.0028852185,0,0.009267619,0,0.0121528375
cfr-fixed-2.5bb-diagnostic,42,30000000,HJ RFI,42o,12,0.98728925,0,0.0029527093,0,0.009758035,0,0.0127107443
cfr-fixed-2.5bb-diagnostic,42,30000000,HJ RFI,43o,12,0.98619694,0,0.0036594467,0,0.010143627,0,0.013803073700000001
cfr-fixed-2.5bb-diagnostic,42,30000000,HJ RFI,52o,12,0.9872122,0,0.0028605785,0,0.009927245,0,0.0127878235
cfr-fixed-2.5bb-diagnostic,42,30000000,HJ RFI,53o,12,0.9841008,0,0.0040037846,0,0.011895404,0,0.0158991886
cfr-fixed-2.5bb-diagnostic,42,30000000,HJ RFI,54o,12,0.979429,0,0.0060100383,0,0.014560967,0,0.0205710053
cfr-fixed-2.5bb-diagnostic,42,30000000,HJ RFI,62o,12,0.9872634,0,0.0029259475,0,0.009810732,0,0.0127366795
cfr-fixed-2.5bb-diagnostic,42,30000000,HJ RFI,63o,12,0.98602253,0,0.0033627902,0,0.010614668,0,0.0139774582
cfr-fixed-2.5bb-diagnostic,42,30000000,HJ RFI,64o,12,0.9832523,0,0.004506495,0,0.012241225,0,0.01674772
cfr-fixed-2.5bb-diagnostic,42,30000000,HJ RFI,65o,12,0.97995967,0,0.0060875127,0,0.013952851,0,0.0200403637
cfr-fixed-2.5bb-diagnostic,42,30000000,HJ RFI,72o,12,0.98815745,0,0.0027623815,0,0.009080127,0,0.011842508500000001
cfr-fixed-2.5bb-diagnostic,42,30000000,HJ RFI,73o,12,0.9871841,0,0.0032889496,0,0.009526944,0,0.012815893600000001
cfr-fixed-2.5bb-diagnostic,42,30000000,HJ RFI,74o,12,0.98416764,0,0.0044884277,0,0.01134397,0,0.0158323977
cfr-fixed-2.5bb-diagnostic,42,30000000,HJ RFI,75o,12,0.9798494,0,0.0056239013,0,0.014526727,0,0.0201506283
cfr-fixed-2.5bb-diagnostic,42,30000000,HJ RFI,76o,12,0.9767338,0,0.0074206595,0,0.015845539,0,0.023266198499999998
cfr-fixed-2.5bb-diagnostic,42,30000000,HJ RFI,82o,12,0.98671347,0,0.0028070011,0,0.010479545,0,0.0132865461
cfr-fixed-2.5bb-diagnostic,42,30000000,HJ RFI,83o,12,0.9865911,0,0.0029747174,0,0.010434216,0,0.0134089334
cfr-fixed-2.5bb-diagnostic,42,30000000,HJ RFI,84o,12,0.9849385,0,0.0043749595,0,0.010686606,0,0.015061565499999999
cfr-fixed-2.5bb-diagnostic,42,30000000,HJ RFI,85o,12,0.9811504,0,0.0054797926,0,0.0133698145,0,0.0188496071
cfr-fixed-2.5bb-diagnostic,42,30000000,HJ RFI,86o,12,0.97900164,0,0.00719616,0,0.013802196,0,0.020998356
cfr-fixed-2.5bb-diagnostic,42,30000000,HJ RFI,87o,12,0.9741883,0,0.009743672,0,0.016068043,0,0.025811715
cfr-fixed-2.5bb-diagnostic,42,30000000,HJ RFI,92o,12,0.98590493,0,0.0031643906,0,0.0109306555,0,0.014095046100000001
cfr-fixed-2.5bb-diagnostic,42,30000000,HJ RFI,93o,12,0.9856674,0,0.0033805177,0,0.010952076,0,0.0143325937
cfr-fixed-2.5bb-diagnostic,42,30000000,HJ RFI,94o,12,0.9856124,0,0.0035246005,0,0.0108630005,0,0.014387601
cfr-fixed-2.5bb-diagnostic,42,30000000,HJ RFI,95o,12,0.9827903,0,0.005045244,0,0.012164442,0,0.017209686
cfr-fixed-2.5bb-diagnostic,42,30000000,HJ RFI,96o,12,0.9788945,0,0.0064704027,0,0.014635099,0,0.0211055017
cfr-fixed-2.5bb-diagnostic,42,30000000,HJ RFI,97o,12,0.975695,0,0.0086387815,0,0.015666265,0,0.024305046499999997
cfr-fixed-2.5bb-diagnostic,42,30000000,HJ RFI,98o,12,0.96593845,0,0.011909452,0,0.022152092,0,0.034061544
cfr-fixed-2.5bb-diagnostic,42,30000000,HJ RFI,T2o,12,0.98508316,0,0.003949129,0,0.010967701,0,0.014916829999999999
cfr-fixed-2.5bb-diagnostic,42,30000000,HJ RFI,T3o,12,0.98479986,0,0.004074039,0,0.0111260535,0,0.0152000925
cfr-fixed-2.5bb-diagnostic,42,30000000,HJ RFI,T4o,12,0.9845439,0,0.0040626326,0,0.01139345,0,0.0154560826
cfr-fixed-2.5bb-diagnostic,42,30000000,HJ RFI,T5o,12,0.9826424,0,0.004975665,0,0.012381966,0,0.017357631
cfr-fixed-2.5bb-diagnostic,42,30000000,HJ RFI,T6o,12,0.9792387,0,0.005686554,0,0.015074768,0,0.020761322
cfr-fixed-2.5bb-diagnostic,42,30000000,HJ RFI,T7o,12,0.9756753,0,0.008796983,0,0.015527759,0,0.024324742
cfr-fixed-2.5bb-diagnostic,42,30000000,HJ RFI,T8o,12,0.9673994,0,0.013408938,0,0.0191916,0,0.032600538
cfr-fixed-2.5bb-diagnostic,42,30000000,HJ RFI,T9o,12,0.93920726,0,0.034946397,0,0.025846338,0,0.060792735
cfr-fixed-2.5bb-diagnostic,42,30000000,HJ RFI,J2o,12,0.9837331,0,0.0042766416,0,0.011990242,0,0.0162668836
cfr-fixed-2.5bb-diagnostic,42,30000000,HJ RFI,J3o,12,0.9828403,0,0.004257457,0,0.0129022105,0,0.0171596675
cfr-fixed-2.5bb-diagnostic,42,30000000,HJ RFI,J4o,12,0.9808436,0,0.0053061997,0,0.013850265,0,0.0191564647
cfr-fixed-2.5bb-diagnostic,42,30000000,HJ RFI,J5o,12,0.9798269,0,0.0070838314,0,0.013089229,0,0.0201730604
cfr-fixed-2.5bb-diagnostic,42,30000000,HJ RFI,J6o,12,0.9799261,0,0.006486134,0,0.013587718,0,0.020073852
cfr-fixed-2.5bb-diagnostic,42,30000000,HJ RFI,J7o,12,0.9743846,0,0.0075990437,0,0.018016424,0,0.0256154677
cfr-fixed-2.5bb-diagnostic,42,30000000,HJ RFI,J8o,12,0.9685626,0,0.012460325,0,0.018977102,0,0.031437427
cfr-fixed-2.5bb-diagnostic,42,30000000,HJ RFI,J9o,12,0.9440017,0,0.027638508,0,0.028359815,0,0.055998323
cfr-fixed-2.5bb-diagnostic,42,30000000,HJ RFI,JTo,12,0.8624627,0,0.09155866,0,0.045978688,0,0.137537348
cfr-fixed-2.5bb-diagnostic,42,30000000,HJ RFI,Q2o,12,0.9807839,0,0.005390609,0,0.013825499,0,0.019216108
cfr-fixed-2.5bb-diagnostic,42,30000000,HJ RFI,Q3o,12,0.9784465,0,0.0063353153,0,0.015218218,0,0.0215535333
cfr-fixed-2.5bb-diagnostic,42,30000000,HJ RFI,Q4o,12,0.97848177,0,0.00560866,0,0.015909553,0,0.021518213
cfr-fixed-2.5bb-diagnostic,42,30000000,HJ RFI,Q5o,12,0.97625786,0,0.0076808915,0,0.016061245,0,0.023742136499999997
cfr-fixed-2.5bb-diagnostic,42,30000000,HJ RFI,Q6o,12,0.97347254,0,0.0074922172,0,0.019035272,0,0.026527489199999997
cfr-fixed-2.5bb-diagnostic,42,30000000,HJ RFI,Q7o,12,0.97028404,0,0.0095127905,0,0.020203147,0,0.0297159375
cfr-fixed-2.5bb-diagnostic,42,30000000,HJ RFI,Q8o,12,0.96485436,0,0.01184394,0,0.023301726,0,0.035145666
cfr-fixed-2.5bb-diagnostic,42,30000000,HJ RFI,Q9o,12,0.94187325,0,0.02871352,0,0.029413234,0,0.058126754
cfr-fixed-2.5bb-diagnostic,42,30000000,HJ RFI,QTo,12,0.3610608,0,0.5872378,0,0.051701415,0,0.6389392150000001
cfr-fixed-2.5bb-diagnostic,42,30000000,HJ RFI,QJo,12,0.2352181,0,0.6751109,0,0.08967107,0,0.7647819699999999
cfr-fixed-2.5bb-diagnostic,42,30000000,HJ RFI,K2o,12,0.97635233,0,0.006948525,0,0.016699156,0,0.023647681
cfr-fixed-2.5bb-diagnostic,42,30000000,HJ RFI,K3o,12,0.9732474,0,0.008061695,0,0.018690918,0,0.026752613
cfr-fixed-2.5bb-diagnostic,42,30000000,HJ RFI,K4o,12,0.9697757,0,0.009101623,0,0.021122638,0,0.030224261
cfr-fixed-2.5bb-diagnostic,42,30000000,HJ RFI,K5o,12,0.9695762,0,0.0107832765,0,0.019640502,0,0.0304237785
cfr-fixed-2.5bb-diagnostic,42,30000000,HJ RFI,K6o,12,0.964678,0,0.013361994,0,0.021959987,0,0.035321981
cfr-fixed-2.5bb-diagnostic,42,30000000,HJ RFI,K7o,12,0.95576763,0,0.018352658,0,0.025879718,0,0.044232376000000004
cfr-fixed-2.5bb-diagnostic,42,30000000,HJ RFI,K8o,12,0.9461571,0,0.022387916,0,0.031454954,0,0.05384287
cfr-fixed-2.5bb-diagnostic,42,30000000,HJ RFI,K9o,12,0.8518596,0,0.1082794,0,0.03986095,0,0.14814035
cfr-fixed-2.5bb-diagnostic,42,30000000,HJ RFI,KTo,12,0.20108122,0,0.70769554,0,0.09122325,0,0.79891879
cfr-fixed-2.5bb-diagnostic,42,30000000,HJ RFI,KJo,12,0.045447104,0,0.80768734,0,0.1468656,0,0.95455294
cfr-fixed-2.5bb-diagnostic,42,30000000,HJ RFI,KQo,12,0.022682948,0,0.8019282,0,0.17538886,0,0.97731706
cfr-fixed-2.5bb-diagnostic,42,30000000,HJ RFI,A2o,12,0.93827546,0,0.02378314,0,0.03794143,0,0.06172457
cfr-fixed-2.5bb-diagnostic,42,30000000,HJ RFI,A3o,12,0.91999644,0,0.040674448,0,0.039329138,0,0.080003586
cfr-fixed-2.5bb-diagnostic,42,30000000,HJ RFI,A4o,12,0.8894754,0,0.050406445,0,0.06011818,0,0.110524625
cfr-fixed-2.5bb-diagnostic,42,30000000,HJ RFI,A5o,12,0.72282207,0,0.2171941,0,0.05998383,0,0.27717793
cfr-fixed-2.5bb-diagnostic,42,30000000,HJ RFI,A6o,12,0.8890607,0,0.067702554,0,0.0432368,0,0.11093935399999999
cfr-fixed-2.5bb-diagnostic,42,30000000,HJ RFI,A7o,12,0.6688312,0,0.24092862,0,0.09024017,0,0.33116879
cfr-fixed-2.5bb-diagnostic,42,30000000,HJ RFI,A8o,12,0.2955331,0,0.32681,0,0.3776569,0,0.7044669
cfr-fixed-2.5bb-diagnostic,42,30000000,HJ RFI,A9o,12,0.14838101,0,0.4449173,0,0.4067017,0,0.851619
cfr-fixed-2.5bb-diagnostic,42,30000000,HJ RFI,ATo,12,0.011002085,0,0.729963,0,0.25903496,0,0.9889979600000001
cfr-fixed-2.5bb-diagnostic,42,30000000,HJ RFI,AJo,12,0.0076245004,0,0.36884978,0,0.6235257,0,0.99237548
cfr-fixed-2.5bb-diagnostic,42,30000000,HJ RFI,AQo,12,0.004827373,0,0.72662675,0,0.2685459,0,0.99517265
cfr-fixed-2.5bb-diagnostic,42,30000000,HJ RFI,AKo,12,0.0029559766,0,0.5694746,0,0.42756945,0,0.9970440500000001
cfr-fixed-2.5bb-diagnostic,42,30000000,CO RFI,22,6,0.88326406,0,0.029286277,0,0.08744961,0,0.116735887
cfr-fixed-2.5bb-diagnostic,42,30000000,CO RFI,33,6,0.8383377,0,0.056757934,0,0.1049044,0,0.161662334
cfr-fixed-2.5bb-diagnostic,42,30000000,CO RFI,44,6,0.26439777,0,0.3529043,0,0.3826979,0,0.7356022
cfr-fixed-2.5bb-diagnostic,42,30000000,CO RFI,55,6,0.0968702,0,0.20053479,0,0.70259494,0,0.90312973
cfr-fixed-2.5bb-diagnostic,42,30000000,CO RFI,66,6,0.029005386,0,0.15700807,0,0.8139866,0,0.9709946700000001
cfr-fixed-2.5bb-diagnostic,42,30000000,CO RFI,77,6,0.02415566,0,0.72400355,0,0.25184077,0,0.97584432
cfr-fixed-2.5bb-diagnostic,42,30000000,CO RFI,88,6,0.013085574,0,0.26111647,0,0.72579795,0,0.98691442
cfr-fixed-2.5bb-diagnostic,42,30000000,CO RFI,99,6,0.008616257,0,0.80870813,0,0.1826757,0,0.99138383
cfr-fixed-2.5bb-diagnostic,42,30000000,CO RFI,TT,6,0.0050946055,0,0.4881114,0,0.506794,0,0.9949053999999999
cfr-fixed-2.5bb-diagnostic,42,30000000,CO RFI,JJ,6,0.0051213372,0,0.83656675,0,0.15831192,0,0.9948786700000001
cfr-fixed-2.5bb-diagnostic,42,30000000,CO RFI,QQ,6,0.0038988837,0,0.8773035,0,0.11879769,0,0.99610119
cfr-fixed-2.5bb-diagnostic,42,30000000,CO RFI,KK,6,0.0018473472,0,0.6693972,0,0.3287555,0,0.9981527
cfr-fixed-2.5bb-diagnostic,42,30000000,CO RFI,AA,6,0.0017213018,0,0.917487,0,0.08079166,0,0.9982786600000001
cfr-fixed-2.5bb-diagnostic,42,30000000,CO RFI,32s,4,0.96354264,0,0.009863535,0,0.02659381,0,0.036457345
cfr-fixed-2.5bb-diagnostic,42,30000000,CO RFI,42s,4,0.95769614,0,0.0140837375,0,0.02822014,0,0.0423038775
cfr-fixed-2.5bb-diagnostic,42,30000000,CO RFI,43s,4,0.9547045,0,0.014213295,0,0.031082217,0,0.045295511999999996
cfr-fixed-2.5bb-diagnostic,42,30000000,CO RFI,52s,4,0.9557115,0,0.011261147,0,0.033027347,0,0.044288494
cfr-fixed-2.5bb-diagnostic,42,30000000,CO RFI,53s,4,0.9488961,0,0.015367101,0,0.035736788,0,0.051103889
cfr-fixed-2.5bb-diagnostic,42,30000000,CO RFI,54s,4,0.93091273,0,0.026722254,0,0.042364996,0,0.06908725
cfr-fixed-2.5bb-diagnostic,42,30000000,CO RFI,62s,4,0.9573306,0,0.013921618,0,0.028747857,0,0.042669475
cfr-fixed-2.5bb-diagnostic,42,30000000,CO RFI,63s,4,0.95899236,0,0.012104614,0,0.028903045,0,0.041007659
cfr-fixed-2.5bb-diagnostic,42,30000000,CO RFI,64s,4,0.9446206,0,0.019333428,0,0.036045957,0,0.055379385
cfr-fixed-2.5bb-diagnostic,42,30000000,CO RFI,65s,4,0.9319293,0,0.021076001,0,0.04699473,0,0.068070731
cfr-fixed-2.5bb-diagnostic,42,30000000,CO RFI,72s,4,0.9563844,0,0.014417314,0,0.029198296,0,0.04361561
cfr-fixed-2.5bb-diagnostic,42,30000000,CO RFI,73s,4,0.9530053,0,0.018025648,0,0.028969074,0,0.046994722
cfr-fixed-2.5bb-diagnostic,42,30000000,CO RFI,74s,4,0.937656,0,0.02068903,0,0.04165501,0,0.06234404
cfr-fixed-2.5bb-diagnostic,42,30000000,CO RFI,75s,4,0.9258788,0,0.024659988,0,0.04946119,0,0.07412117800000001
cfr-fixed-2.5bb-diagnostic,42,30000000,CO RFI,76s,4,0.91454744,0,0.033541348,0,0.051911205,0,0.085452553
cfr-fixed-2.5bb-diagnostic,42,30000000,CO RFI,82s,4,0.9603409,0,0.012719083,0,0.026939996,0,0.039659079
cfr-fixed-2.5bb-diagnostic,42,30000000,CO RFI,83s,4,0.9549387,0,0.010909145,0,0.034152217,0,0.045061362
cfr-fixed-2.5bb-diagnostic,42,30000000,CO RFI,84s,4,0.94887006,0,0.01429853,0,0.03683139,0,0.051129919999999995
cfr-fixed-2.5bb-diagnostic,42,30000000,CO RFI,85s,4,0.94126093,0,0.02693141,0,0.03180757,0,0.058738979999999996
cfr-fixed-2.5bb-diagnostic,42,30000000,CO RFI,86s,4,0.91394967,0,0.03437994,0,0.051670387,0,0.086050327
cfr-fixed-2.5bb-diagnostic,42,30000000,CO RFI,87s,4,0.89259684,0,0.0526828,0,0.05472039,0,0.10740319000000001
cfr-fixed-2.5bb-diagnostic,42,30000000,CO RFI,92s,4,0.95254546,0,0.014656285,0,0.03279824,0,0.047454525
cfr-fixed-2.5bb-diagnostic,42,30000000,CO RFI,93s,4,0.95056754,0,0.019551478,0,0.029880974,0,0.049432452
cfr-fixed-2.5bb-diagnostic,42,30000000,CO RFI,94s,4,0.9467464,0,0.016591473,0,0.036662124,0,0.053253597
cfr-fixed-2.5bb-diagnostic,42,30000000,CO RFI,95s,4,0.93660516,0,0.024028094,0,0.03936679,0,0.063394884
cfr-fixed-2.5bb-diagnostic,42,30000000,CO RFI,96s,4,0.9092288,0,0.045634355,0,0.045136776,0,0.090771131
cfr-fixed-2.5bb-diagnostic,42,30000000,CO RFI,97s,4,0.8882474,0,0.05333793,0,0.058414705,0,0.11175263499999999
cfr-fixed-2.5bb-diagnostic,42,30000000,CO RFI,98s,4,0.8655791,0,0.061239656,0,0.07318125,0,0.134420906
cfr-fixed-2.5bb-diagnostic,42,30000000,CO RFI,T2s,4,0.94756377,0,0.020514516,0,0.031921677,0,0.052436193000000006
cfr-fixed-2.5bb-diagnostic,42,30000000,CO RFI,T3s,4,0.95192176,0,0.015908876,0,0.032169394,0,0.04807826999999999
cfr-fixed-2.5bb-diagnostic,42,30000000,CO RFI,T4s,4,0.9374727,0,0.019146904,0,0.04338043,0,0.06252733399999999
cfr-fixed-2.5bb-diagnostic,42,30000000,CO RFI,T5s,4,0.9455069,0,0.017691946,0,0.03680117,0,0.054493116
cfr-fixed-2.5bb-diagnostic,42,30000000,CO RFI,T6s,4,0.9119727,0,0.02477245,0,0.063254885,0,0.088027335
cfr-fixed-2.5bb-diagnostic,42,30000000,CO RFI,T7s,4,0.9029018,0,0.041401733,0,0.05569637,0,0.097098103
cfr-fixed-2.5bb-diagnostic,42,30000000,CO RFI,T8s,4,0.7949366,0,0.13888383,0,0.06617956,0,0.20506339
cfr-fixed-2.5bb-diagnostic,42,30000000,CO RFI,T9s,4,0.7082807,0,0.13599999,0,0.15571932,0,0.29171930999999995
cfr-fixed-2.5bb-diagnostic,42,30000000,CO RFI,J2s,4,0.938657,0,0.023742463,0,0.03760061,0,0.061343073
cfr-fixed-2.5bb-diagnostic,42,30000000,CO RFI,J3s,4,0.92970705,0,0.022463858,0,0.04782906,0,0.070292918
cfr-fixed-2.5bb-diagnostic,42,30000000,CO RFI,J4s,4,0.91210884,0,0.027586505,0,0.060304716,0,0.087891221
cfr-fixed-2.5bb-diagnostic,42,30000000,CO RFI,J5s,4,0.9265699,0,0.019808013,0,0.053622156,0,0.07343016899999999
cfr-fixed-2.5bb-diagnostic,42,30000000,CO RFI,J6s,4,0.90354645,0,0.034782626,0,0.061670847,0,0.096453473
cfr-fixed-2.5bb-diagnostic,42,30000000,CO RFI,J7s,4,0.8701801,0,0.051503688,0,0.07831619,0,0.129819878
cfr-fixed-2.5bb-diagnostic,42,30000000,CO RFI,J8s,4,0.80912745,0,0.09523792,0,0.09563465,0,0.19087257000000002
cfr-fixed-2.5bb-diagnostic,42,30000000,CO RFI,J9s,4,0.6175737,0,0.1262849,0,0.25614142,0,0.38242632
cfr-fixed-2.5bb-diagnostic,42,30000000,CO RFI,JTs,4,0.09501752,0,0.72892773,0,0.17605472,0,0.90498245
cfr-fixed-2.5bb-diagnostic,42,30000000,CO RFI,Q2s,4,0.9384329,0,0.025385745,0,0.036181387,0,0.061567132000000004
cfr-fixed-2.5bb-diagnostic,42,30000000,CO RFI,Q3s,4,0.90251267,0,0.03526357,0,0.062223732,0,0.097487302
cfr-fixed-2.5bb-diagnostic,42,30000000,CO RFI,Q4s,4,0.92053735,0,0.034971572,0,0.044491086,0,0.07946265799999999
cfr-fixed-2.5bb-diagnostic,42,30000000,CO RFI,Q5s,4,0.9155348,0,0.036291867,0,0.048173327,0,0.084465194
cfr-fixed-2.5bb-diagnostic,42,30000000,CO RFI,Q6s,4,0.87131387,0,0.05240323,0,0.076282926,0,0.128686156
cfr-fixed-2.5bb-diagnostic,42,30000000,CO RFI,Q7s,4,0.8946222,0,0.045653835,0,0.05972396,0,0.105377795
cfr-fixed-2.5bb-diagnostic,42,30000000,CO RFI,Q8s,4,0.71406984,0,0.18892021,0,0.09700991,0,0.28593012
cfr-fixed-2.5bb-diagnostic,42,30000000,CO RFI,Q9s,4,0.41906732,0,0.22709943,0,0.3538333,0,0.58093273
cfr-fixed-2.5bb-diagnostic,42,30000000,CO RFI,QTs,4,0.067216195,0,0.6711774,0,0.26160643,0,0.93278383
cfr-fixed-2.5bb-diagnostic,42,30000000,CO RFI,QJs,4,0.04638178,0,0.25797752,0,0.6956407,0,0.9536182200000001
cfr-fixed-2.5bb-diagnostic,42,30000000,CO RFI,K2s,4,0.90306556,0,0.054331347,0,0.042603027,0,0.096934374
cfr-fixed-2.5bb-diagnostic,42,30000000,CO RFI,K3s,4,0.9017812,0,0.04816539,0,0.050053444,0,0.098218834
cfr-fixed-2.5bb-diagnostic,42,30000000,CO RFI,K4s,4,0.75853074,0,0.05469319,0,0.18677603,0,0.24146922
cfr-fixed-2.5bb-diagnostic,42,30000000,CO RFI,K5s,4,0.7512982,0,0.16551787,0,0.083183944,0,0.24870181400000002
cfr-fixed-2.5bb-diagnostic,42,30000000,CO RFI,K6s,4,0.68982446,0,0.16772458,0,0.14245099,0,0.31017557
cfr-fixed-2.5bb-diagnostic,42,30000000,CO RFI,K7s,4,0.4122805,0,0.3096739,0,0.2780456,0,0.5877195
cfr-fixed-2.5bb-diagnostic,42,30000000,CO RFI,K8s,4,0.7638513,0,0.11672463,0,0.11942408,0,0.23614870999999998
cfr-fixed-2.5bb-diagnostic,42,30000000,CO RFI,K9s,4,0.07371397,0,0.66344404,0,0.26284194,0,0.9262859800000001
cfr-fixed-2.5bb-diagnostic,42,30000000,CO RFI,KTs,4,0.027143808,0,0.77474874,0,0.19810753,0,0.9728562700000001
cfr-fixed-2.5bb-diagnostic,42,30000000,CO RFI,KJs,4,0.03256585,0,0.7365009,0,0.23093319,0,0.96743409
cfr-fixed-2.5bb-diagnostic,42,30000000,CO RFI,KQs,4,0.027691416,0,0.24080801,0,0.7315006,0,0.9723086099999999
cfr-fixed-2.5bb-diagnostic,42,30000000,CO RFI,A2s,4,0.23607203,0,0.17726812,0,0.58665985,0,0.76392797
cfr-fixed-2.5bb-diagnostic,42,30000000,CO RFI,A3s,4,0.21780258,0,0.4129672,0,0.3692302,0,0.7821974
cfr-fixed-2.5bb-diagnostic,42,30000000,CO RFI,A4s,4,0.22956076,0,0.26286688,0,0.5075723,0,0.77043918
cfr-fixed-2.5bb-diagnostic,42,30000000,CO RFI,A5s,4,0.080267034,0,0.36877227,0,0.55096066,0,0.91973293
cfr-fixed-2.5bb-diagnostic,42,30000000,CO RFI,A6s,4,0.19456862,0,0.5144153,0,0.29101607,0,0.80543137
cfr-fixed-2.5bb-diagnostic,42,30000000,CO RFI,A7s,4,0.057331856,0,0.40856484,0,0.53410333,0,0.9426681699999999
cfr-fixed-2.5bb-diagnostic,42,30000000,CO RFI,A8s,4,0.04242382,0,0.7181477,0,0.23942849,0,0.95757619
cfr-fixed-2.5bb-diagnostic,42,30000000,CO RFI,A9s,4,0.02198055,0,0.20269768,0,0.7753218,0,0.9780194799999999
cfr-fixed-2.5bb-diagnostic,42,30000000,CO RFI,ATs,4,0.0140269855,0,0.37781364,0,0.6081593,0,0.9859729399999999
cfr-fixed-2.5bb-diagnostic,42,30000000,CO RFI,AJs,4,0.012768335,0,0.27544373,0,0.7117879,0,0.98723163
cfr-fixed-2.5bb-diagnostic,42,30000000,CO RFI,AQs,4,0.0071150735,0,0.74042857,0,0.25245643,0,0.992885
cfr-fixed-2.5bb-diagnostic,42,30000000,CO RFI,AKs,4,0.005715948,0,0.6787482,0,0.3155359,0,0.9942841
cfr-fixed-2.5bb-diagnostic,42,30000000,CO RFI,32o,12,0.9839544,0,0.0035006783,0,0.012544903,0,0.0160455813
cfr-fixed-2.5bb-diagnostic,42,30000000,CO RFI,42o,12,0.9832776,0,0.004141911,0,0.012580443,0,0.016722354000000002
cfr-fixed-2.5bb-diagnostic,42,30000000,CO RFI,43o,12,0.98192894,0,0.0047043925,0,0.013366641,0,0.0180710335
cfr-fixed-2.5bb-diagnostic,42,30000000,CO RFI,52o,12,0.9829449,0,0.0039276993,0,0.013127358,0,0.017055057300000002
cfr-fixed-2.5bb-diagnostic,42,30000000,CO RFI,53o,12,0.978753,0,0.0050677704,0,0.016179223,0,0.0212469934
cfr-fixed-2.5bb-diagnostic,42,30000000,CO RFI,54o,12,0.9788007,0,0.0060670516,0,0.015132232,0,0.0211992836
cfr-fixed-2.5bb-diagnostic,42,30000000,CO RFI,62o,12,0.9849803,0,0.0042035417,0,0.0108161345,0,0.015019676199999998
cfr-fixed-2.5bb-diagnostic,42,30000000,CO RFI,63o,12,0.98177785,0,0.004154817,0,0.014067329,0,0.018222146
cfr-fixed-2.5bb-diagnostic,42,30000000,CO RFI,64o,12,0.97787666,0,0.005487966,0,0.016635412,0,0.022123378
cfr-fixed-2.5bb-diagnostic,42,30000000,CO RFI,65o,12,0.9720307,0,0.0069021145,0,0.021067161,0,0.0279692755
cfr-fixed-2.5bb-diagnostic,42,30000000,CO RFI,72o,12,0.985817,0,0.0035120044,0,0.010670975,0,0.0141829794
cfr-fixed-2.5bb-diagnostic,42,30000000,CO RFI,73o,12,0.9817167,0,0.0040339474,0,0.014249296,0,0.0182832434
cfr-fixed-2.5bb-diagnostic,42,30000000,CO RFI,74o,12,0.97899735,0,0.005053176,0,0.015949484,0,0.02100266
cfr-fixed-2.5bb-diagnostic,42,30000000,CO RFI,75o,12,0.9754765,0,0.006713228,0,0.017810317,0,0.024523545
cfr-fixed-2.5bb-diagnostic,42,30000000,CO RFI,76o,12,0.974033,0,0.0068898103,0,0.01907718,0,0.0259669903
cfr-fixed-2.5bb-diagnostic,42,30000000,CO RFI,82o,12,0.9844607,0,0.0036072645,0,0.011932026,0,0.0155392905
cfr-fixed-2.5bb-diagnostic,42,30000000,CO RFI,83o,12,0.98381144,0,0.0043860413,0,0.01180248,0,0.0161885213
cfr-fixed-2.5bb-diagnostic,42,30000000,CO RFI,84o,12,0.97892004,0,0.0059240744,0,0.015155885,0,0.0210799594
cfr-fixed-2.5bb-diagnostic,42,30000000,CO RFI,85o,12,0.97871566,0,0.005221202,0,0.016063137,0,0.021284339000000003
cfr-fixed-2.5bb-diagnostic,42,30000000,CO RFI,86o,12,0.970437,0,0.009031443,0,0.020531513,0,0.029562956
cfr-fixed-2.5bb-diagnostic,42,30000000,CO RFI,87o,12,0.96490383,0,0.013318201,0,0.021777958,0,0.035096159
cfr-fixed-2.5bb-diagnostic,42,30000000,CO RFI,92o,12,0.9821441,0,0.004659771,0,0.013196101,0,0.017855872000000002
cfr-fixed-2.5bb-diagnostic,42,30000000,CO RFI,93o,12,0.9820352,0,0.0043738447,0,0.013590953,0,0.0179647977
cfr-fixed-2.5bb-diagnostic,42,30000000,CO RFI,94o,12,0.98264545,0,0.0044652536,0,0.012889351,0,0.0173546046
cfr-fixed-2.5bb-diagnostic,42,30000000,CO RFI,95o,12,0.97710645,0,0.007198427,0,0.015695063,0,0.02289349
cfr-fixed-2.5bb-diagnostic,42,30000000,CO RFI,96o,12,0.9680863,0,0.00795078,0,0.02396292,0,0.031913699999999996
cfr-fixed-2.5bb-diagnostic,42,30000000,CO RFI,97o,12,0.96628904,0,0.015247506,0,0.01846349,0,0.033710996
cfr-fixed-2.5bb-diagnostic,42,30000000,CO RFI,98o,12,0.95142764,0,0.021351445,0,0.027220877,0,0.048572322
cfr-fixed-2.5bb-diagnostic,42,30000000,CO RFI,T2o,12,0.97990555,0,0.005371521,0,0.014722919,0,0.020094439999999998
cfr-fixed-2.5bb-diagnostic,42,30000000,CO RFI,T3o,12,0.98007315,0,0.0062668743,0,0.013659896,0,0.0199267703
cfr-fixed-2.5bb-diagnostic,42,30000000,CO RFI,T4o,12,0.9777467,0,0.0055993055,0,0.016653981,0,0.022253286500000004
cfr-fixed-2.5bb-diagnostic,42,30000000,CO RFI,T5o,12,0.977681,0,0.006386294,0,0.01593278,0,0.022319074
cfr-fixed-2.5bb-diagnostic,42,30000000,CO RFI,T6o,12,0.97379637,0,0.00795701,0,0.018246654,0,0.026203664
cfr-fixed-2.5bb-diagnostic,42,30000000,CO RFI,T7o,12,0.9676903,0,0.011411739,0,0.020897936,0,0.032309674999999996
cfr-fixed-2.5bb-diagnostic,42,30000000,CO RFI,T8o,12,0.959281,0,0.015374965,0,0.025343953,0,0.040718918
cfr-fixed-2.5bb-diagnostic,42,30000000,CO RFI,T9o,12,0.9298739,0,0.036491692,0,0.03363439,0,0.070126082
cfr-fixed-2.5bb-diagnostic,42,30000000,CO RFI,J2o,12,0.97887534,0,0.004884129,0,0.01624052,0,0.021124649000000002
cfr-fixed-2.5bb-diagnostic,42,30000000,CO RFI,J3o,12,0.975876,0,0.006275873,0,0.017848102,0,0.024123975000000002
cfr-fixed-2.5bb-diagnostic,42,30000000,CO RFI,J4o,12,0.9743159,0,0.007358716,0,0.018325336,0,0.025684052000000002
cfr-fixed-2.5bb-diagnostic,42,30000000,CO RFI,J5o,12,0.97583914,0,0.0066614053,0,0.017499473,0,0.0241608783
cfr-fixed-2.5bb-diagnostic,42,30000000,CO RFI,J6o,12,0.9732006,0,0.006811742,0,0.01998766,0,0.026799402
cfr-fixed-2.5bb-diagnostic,42,30000000,CO RFI,J7o,12,0.9646306,0,0.011960559,0,0.023408875,0,0.035369434
cfr-fixed-2.5bb-diagnostic,42,30000000,CO RFI,J8o,12,0.95460176,0,0.01687029,0,0.028527992,0,0.045398282
cfr-fixed-2.5bb-diagnostic,42,30000000,CO RFI,J9o,12,0.9387984,0,0.02640585,0,0.03479575,0,0.0612016
cfr-fixed-2.5bb-diagnostic,42,30000000,CO RFI,JTo,12,0.80825084,0,0.13830566,0,0.053443555,0,0.191749215
cfr-fixed-2.5bb-diagnostic,42,30000000,CO RFI,Q2o,12,0.9741551,0,0.006313923,0,0.019530937,0,0.02584486
cfr-fixed-2.5bb-diagnostic,42,30000000,CO RFI,Q3o,12,0.97406185,0,0.008254211,0,0.017684003,0,0.025938214
cfr-fixed-2.5bb-diagnostic,42,30000000,CO RFI,Q4o,12,0.9719203,0,0.008538815,0,0.019540846,0,0.028079661
cfr-fixed-2.5bb-diagnostic,42,30000000,CO RFI,Q5o,12,0.9699172,0,0.0101500135,0,0.019932833,0,0.0300828465
cfr-fixed-2.5bb-diagnostic,42,30000000,CO RFI,Q6o,12,0.9661279,0,0.010767156,0,0.023104997,0,0.033872153
cfr-fixed-2.5bb-diagnostic,42,30000000,CO RFI,Q7o,12,0.96069014,0,0.010832116,0,0.028477749,0,0.039309865
cfr-fixed-2.5bb-diagnostic,42,30000000,CO RFI,Q8o,12,0.9529975,0,0.019232202,0,0.027770272,0,0.047002474
cfr-fixed-2.5bb-diagnostic,42,30000000,CO RFI,Q9o,12,0.9258141,0,0.03417371,0,0.040012192,0,0.074185902
cfr-fixed-2.5bb-diagnostic,42,30000000,CO RFI,QTo,12,0.54124975,0,0.374358,0,0.084392294,0,0.458750294
cfr-fixed-2.5bb-diagnostic,42,30000000,CO RFI,QJo,12,0.11200054,0,0.6973619,0,0.19063751,0,0.8879994099999999
cfr-fixed-2.5bb-diagnostic,42,30000000,CO RFI,K2o,12,0.96830976,0,0.01000979,0,0.021680461,0,0.031690251
cfr-fixed-2.5bb-diagnostic,42,30000000,CO RFI,K3o,12,0.9637619,0,0.01086266,0,0.025375398,0,0.036238058000000004
cfr-fixed-2.5bb-diagnostic,42,30000000,CO RFI,K4o,12,0.9588005,0,0.011071305,0,0.030128129,0,0.041199434
cfr-fixed-2.5bb-diagnostic,42,30000000,CO RFI,K5o,12,0.95247805,0,0.016045284,0,0.031476647,0,0.047521931
cfr-fixed-2.5bb-diagnostic,42,30000000,CO RFI,K6o,12,0.95317197,0,0.019017195,0,0.027810898,0,0.046828093
cfr-fixed-2.5bb-diagnostic,42,30000000,CO RFI,K7o,12,0.92755467,0,0.035565764,0,0.036879577,0,0.072445341
cfr-fixed-2.5bb-diagnostic,42,30000000,CO RFI,K8o,12,0.9377967,0,0.02738961,0,0.03481362,0,0.062203230000000005
cfr-fixed-2.5bb-diagnostic,42,30000000,CO RFI,K9o,12,0.8449823,0,0.0812044,0,0.073813245,0,0.15501764499999998
cfr-fixed-2.5bb-diagnostic,42,30000000,CO RFI,KTo,12,0.17089891,0,0.47365674,0,0.35544434,0,0.82910108
cfr-fixed-2.5bb-diagnostic,42,30000000,CO RFI,KJo,12,0.047121417,0,0.65866065,0,0.29421794,0,0.95287859
cfr-fixed-2.5bb-diagnostic,42,30000000,CO RFI,KQo,12,0.019373829,0,0.7868861,0,0.1937401,0,0.9806262
cfr-fixed-2.5bb-diagnostic,42,30000000,CO RFI,A2o,12,0.8918784,0,0.038970158,0,0.06915143,0,0.10812158799999999
cfr-fixed-2.5bb-diagnostic,42,30000000,CO RFI,A3o,12,0.78698117,0,0.16381882,0,0.049200006,0,0.213018826
cfr-fixed-2.5bb-diagnostic,42,30000000,CO RFI,A4o,12,0.7060538,0,0.030866308,0,0.2630799,0,0.293946208
cfr-fixed-2.5bb-diagnostic,42,30000000,CO RFI,A5o,12,0.7097481,0,0.19797924,0,0.09227265,0,0.29025189
cfr-fixed-2.5bb-diagnostic,42,30000000,CO RFI,A6o,12,0.81324065,0,0.09445015,0,0.092309214,0,0.18675936399999998
cfr-fixed-2.5bb-diagnostic,42,30000000,CO RFI,A7o,12,0.4267764,0,0.1343342,0,0.4388894,0,0.5732235999999999
cfr-fixed-2.5bb-diagnostic,42,30000000,CO RFI,A8o,12,0.12709247,0,0.13890897,0,0.73399854,0,0.87290751
cfr-fixed-2.5bb-diagnostic,42,30000000,CO RFI,A9o,12,0.035157997,0,0.39824215,0,0.56659985,0,0.964842
cfr-fixed-2.5bb-diagnostic,42,30000000,CO RFI,ATo,12,0.01023809,0,0.4783716,0,0.51139027,0,0.98976187
cfr-fixed-2.5bb-diagnostic,42,30000000,CO RFI,AJo,12,0.0078684045,0,0.36229518,0,0.6298364,0,0.9921315799999999
cfr-fixed-2.5bb-diagnostic,42,30000000,CO RFI,AQo,12,0.006045016,0,0.6798912,0,0.31406373,0,0.99395493
cfr-fixed-2.5bb-diagnostic,42,30000000,CO RFI,AKo,12,0.0034784293,0,0.5262614,0,0.47026017,0,0.99652157
cfr-fixed-2.5bb-diagnostic,42,30000000,BTN RFI,22,6,0.69313365,0,0.037094247,0,0.26977205,0,0.306866297
cfr-fixed-2.5bb-diagnostic,42,30000000,BTN RFI,33,6,0.46944726,0,0.103045955,0,0.42750683,0,0.530552785
cfr-fixed-2.5bb-diagnostic,42,30000000,BTN RFI,44,6,0.09195837,0,0.50341284,0,0.4046288,0,0.90804164
cfr-fixed-2.5bb-diagnostic,42,30000000,BTN RFI,55,6,0.03859647,0,0.33735892,0,0.62404454,0,0.96140346
cfr-fixed-2.5bb-diagnostic,42,30000000,BTN RFI,66,6,0.031331614,0,0.32406595,0,0.64460254,0,0.96866849
cfr-fixed-2.5bb-diagnostic,42,30000000,BTN RFI,77,6,0.016815802,0,0.62508434,0,0.35809985,0,0.98318419
cfr-fixed-2.5bb-diagnostic,42,30000000,BTN RFI,88,6,0.018354174,0,0.15270914,0,0.82893664,0,0.98164578
cfr-fixed-2.5bb-diagnostic,42,30000000,BTN RFI,99,6,0.009020794,0,0.5723434,0,0.41863582,0,0.9909792199999999
cfr-fixed-2.5bb-diagnostic,42,30000000,BTN RFI,TT,6,0.006612625,0,0.6921123,0,0.30127507,0,0.99338737
cfr-fixed-2.5bb-diagnostic,42,30000000,BTN RFI,JJ,6,0.004903934,0,0.7377717,0,0.2573244,0,0.9950961
cfr-fixed-2.5bb-diagnostic,42,30000000,BTN RFI,QQ,6,0.0039730556,0,0.8000062,0,0.1960208,0,0.996027
cfr-fixed-2.5bb-diagnostic,42,30000000,BTN RFI,KK,6,0.0035003726,0,0.8940642,0,0.102435514,0,0.996499714
cfr-fixed-2.5bb-diagnostic,42,30000000,BTN RFI,AA,6,0.0023012266,0,0.92728204,0,0.07041665,0,0.99769869
cfr-fixed-2.5bb-diagnostic,42,30000000,BTN RFI,32s,4,0.94501704,0,0.017754225,0,0.037228744,0,0.054982969
cfr-fixed-2.5bb-diagnostic,42,30000000,BTN RFI,42s,4,0.9467569,0,0.015474351,0,0.037768807,0,0.053243158
cfr-fixed-2.5bb-diagnostic,42,30000000,BTN RFI,43s,4,0.9249777,0,0.014254635,0,0.060767606,0,0.075022241
cfr-fixed-2.5bb-diagnostic,42,30000000,BTN RFI,52s,4,0.9416575,0,0.016155954,0,0.04218649,0,0.058342444
cfr-fixed-2.5bb-diagnostic,42,30000000,BTN RFI,53s,4,0.93052226,0,0.018693063,0,0.050784677,0,0.06947774
cfr-fixed-2.5bb-diagnostic,42,30000000,BTN RFI,54s,4,0.9268416,0,0.025427409,0,0.04773097,0,0.073158379
cfr-fixed-2.5bb-diagnostic,42,30000000,BTN RFI,62s,4,0.9391636,0,0.016443053,0,0.04439338,0,0.060836433
cfr-fixed-2.5bb-diagnostic,42,30000000,BTN RFI,63s,4,0.93629086,0,0.019471698,0,0.04423745,0,0.063709148
cfr-fixed-2.5bb-diagnostic,42,30000000,BTN RFI,64s,4,0.9221805,0,0.026806086,0,0.051013455,0,0.07781954099999999
cfr-fixed-2.5bb-diagnostic,42,30000000,BTN RFI,65s,4,0.90280807,0,0.031277083,0,0.06591487,0,0.097191953
cfr-fixed-2.5bb-diagnostic,42,30000000,BTN RFI,72s,4,0.9507651,0,0.013668085,0,0.035566855,0,0.049234940000000005
cfr-fixed-2.5bb-diagnostic,42,30000000,BTN RFI,73s,4,0.9343518,0,0.022975558,0,0.04267265,0,0.065648208
cfr-fixed-2.5bb-diagnostic,42,30000000,BTN RFI,74s,4,0.9182389,0,0.032535043,0,0.04922606,0,0.081761103
cfr-fixed-2.5bb-diagnostic,42,30000000,BTN RFI,75s,4,0.9035072,0,0.02791496,0,0.06857785,0,0.09649281
cfr-fixed-2.5bb-diagnostic,42,30000000,BTN RFI,76s,4,0.82640755,0,0.026226308,0,0.14736617,0,0.173592478
cfr-fixed-2.5bb-diagnostic,42,30000000,BTN RFI,82s,4,0.9434775,0,0.017438287,0,0.039084293,0,0.05652258
cfr-fixed-2.5bb-diagnostic,42,30000000,BTN RFI,83s,4,0.9520667,0,0.013837617,0,0.03409574,0,0.047933356999999996
cfr-fixed-2.5bb-diagnostic,42,30000000,BTN RFI,84s,4,0.9193813,0,0.017516196,0,0.0631024,0,0.080618596
cfr-fixed-2.5bb-diagnostic,42,30000000,BTN RFI,85s,4,0.9205865,0,0.020213809,0,0.05919965,0,0.07941345899999999
cfr-fixed-2.5bb-diagnostic,42,30000000,BTN RFI,86s,4,0.8673882,0,0.033117607,0,0.09949416,0,0.132611767
cfr-fixed-2.5bb-diagnostic,42,30000000,BTN RFI,87s,4,0.8594261,0,0.05067904,0,0.08989484,0,0.14057388
cfr-fixed-2.5bb-diagnostic,42,30000000,BTN RFI,92s,4,0.9427448,0,0.01884397,0,0.038411207,0,0.057255177000000004
cfr-fixed-2.5bb-diagnostic,42,30000000,BTN RFI,93s,4,0.9307055,0,0.023706883,0,0.045587648,0,0.069294531
cfr-fixed-2.5bb-diagnostic,42,30000000,BTN RFI,94s,4,0.92716926,0,0.025657875,0,0.047172867,0,0.072830742
cfr-fixed-2.5bb-diagnostic,42,30000000,BTN RFI,95s,4,0.90971446,0,0.037569575,0,0.05271593,0,0.090285505
cfr-fixed-2.5bb-diagnostic,42,30000000,BTN RFI,96s,4,0.8797149,0,0.050935414,0,0.06934967,0,0.120285084
cfr-fixed-2.5bb-diagnostic,42,30000000,BTN RFI,97s,4,0.857783,0,0.049168296,0,0.09304872,0,0.142217016
cfr-fixed-2.5bb-diagnostic,42,30000000,BTN RFI,98s,4,0.69434154,0,0.112977035,0,0.19268143,0,0.305658465
cfr-fixed-2.5bb-diagnostic,42,30000000,BTN RFI,T2s,4,0.9196132,0,0.026056133,0,0.054330714,0,0.080386847
cfr-fixed-2.5bb-diagnostic,42,30000000,BTN RFI,T3s,4,0.91576415,0,0.019774148,0,0.06446166,0,0.084235808
cfr-fixed-2.5bb-diagnostic,42,30000000,BTN RFI,T4s,4,0.9080811,0,0.03923907,0,0.052679744,0,0.091918814
cfr-fixed-2.5bb-diagnostic,42,30000000,BTN RFI,T5s,4,0.904133,0,0.046589106,0,0.04927788,0,0.095866986
cfr-fixed-2.5bb-diagnostic,42,30000000,BTN RFI,T6s,4,0.9008498,0,0.03347812,0,0.0656721,0,0.09915022
cfr-fixed-2.5bb-diagnostic,42,30000000,BTN RFI,T7s,4,0.6940306,0,0.21251772,0,0.09345176,0,0.30596948
cfr-fixed-2.5bb-diagnostic,42,30000000,BTN RFI,T8s,4,0.596948,0,0.21520717,0,0.18784483,0,0.40305199999999997
cfr-fixed-2.5bb-diagnostic,42,30000000,BTN RFI,T9s,4,0.57938707,0,0.18760218,0,0.23301078,0,0.42061296000000004
cfr-fixed-2.5bb-diagnostic,42,30000000,BTN RFI,J2s,4,0.9094459,0,0.030173946,0,0.060380194,0,0.09055414
cfr-fixed-2.5bb-diagnostic,42,30000000,BTN RFI,J3s,4,0.9169887,0,0.023334375,0,0.05967693,0,0.08301130500000001
cfr-fixed-2.5bb-diagnostic,42,30000000,BTN RFI,J4s,4,0.87850225,0,0.05898899,0,0.06250871,0,0.12149769999999999
cfr-fixed-2.5bb-diagnostic,42,30000000,BTN RFI,J5s,4,0.8913494,0,0.035973016,0,0.072677545,0,0.10865056099999999
cfr-fixed-2.5bb-diagnostic,42,30000000,BTN RFI,J6s,4,0.8643641,0,0.061611507,0,0.07402442,0,0.135635927
cfr-fixed-2.5bb-diagnostic,42,30000000,BTN RFI,J7s,4,0.8547979,0,0.06530008,0,0.07990205,0,0.14520212999999998
cfr-fixed-2.5bb-diagnostic,42,30000000,BTN RFI,J8s,4,0.6201185,0,0.26657015,0,0.11331129,0,0.37988144
cfr-fixed-2.5bb-diagnostic,42,30000000,BTN RFI,J9s,4,0.14543809,0,0.42365798,0,0.43090397,0,0.85456195
cfr-fixed-2.5bb-diagnostic,42,30000000,BTN RFI,JTs,4,0.12212371,0,0.36129716,0,0.51657915,0,0.87787631
cfr-fixed-2.5bb-diagnostic,42,30000000,BTN RFI,Q2s,4,0.87339073,0,0.05814134,0,0.068467915,0,0.126609255
cfr-fixed-2.5bb-diagnostic,42,30000000,BTN RFI,Q3s,4,0.86177474,0,0.06345042,0,0.074774794,0,0.13822521399999999
cfr-fixed-2.5bb-diagnostic,42,30000000,BTN RFI,Q4s,4,0.8598323,0,0.037130896,0,0.10303688,0,0.140167776
cfr-fixed-2.5bb-diagnostic,42,30000000,BTN RFI,Q5s,4,0.83794785,0,0.059260283,0,0.102791846,0,0.162052129
cfr-fixed-2.5bb-diagnostic,42,30000000,BTN RFI,Q6s,4,0.8111328,0,0.04607432,0,0.14279291,0,0.18886723
cfr-fixed-2.5bb-diagnostic,42,30000000,BTN RFI,Q7s,4,0.85668534,0,0.07151527,0,0.07179937,0,0.14331464
cfr-fixed-2.5bb-diagnostic,42,30000000,BTN RFI,Q8s,4,0.7585217,0,0.099999696,0,0.14147867,0,0.241478366
cfr-fixed-2.5bb-diagnostic,42,30000000,BTN RFI,Q9s,4,0.2509451,0,0.5734856,0,0.17556931,0,0.74905491
cfr-fixed-2.5bb-diagnostic,42,30000000,BTN RFI,QTs,4,0.0855088,0,0.69168997,0,0.22280121,0,0.91449118
cfr-fixed-2.5bb-diagnostic,42,30000000,BTN RFI,QJs,4,0.07063116,0,0.3457198,0,0.583649,0,0.9293688
cfr-fixed-2.5bb-diagnostic,42,30000000,BTN RFI,K2s,4,0.85136884,0,0.04847186,0,0.10015929,0,0.14863115
cfr-fixed-2.5bb-diagnostic,42,30000000,BTN RFI,K3s,4,0.83343667,0,0.06490219,0,0.10166116,0,0.16656335
cfr-fixed-2.5bb-diagnostic,42,30000000,BTN RFI,K4s,4,0.72910285,0,0.1405246,0,0.13037257,0,0.27089717
cfr-fixed-2.5bb-diagnostic,42,30000000,BTN RFI,K5s,4,0.38577628,0,0.4927292,0,0.12149458,0,0.61422378
cfr-fixed-2.5bb-diagnostic,42,30000000,BTN RFI,K6s,4,0.69743335,0,0.14774348,0,0.1548232,0,0.30256668
cfr-fixed-2.5bb-diagnostic,42,30000000,BTN RFI,K7s,4,0.67128134,0,0.124281555,0,0.20443714,0,0.328718695
cfr-fixed-2.5bb-diagnostic,42,30000000,BTN RFI,K8s,4,0.30542386,0,0.46725056,0,0.22732556,0,0.69457612
cfr-fixed-2.5bb-diagnostic,42,30000000,BTN RFI,K9s,4,0.06436806,0,0.6930156,0,0.24261639,0,0.93563199
cfr-fixed-2.5bb-diagnostic,42,30000000,BTN RFI,KTs,4,0.035213083,0,0.43528917,0,0.52949774,0,0.96478691
cfr-fixed-2.5bb-diagnostic,42,30000000,BTN RFI,KJs,4,0.05009499,0,0.16878104,0,0.781124,0,0.94990504
cfr-fixed-2.5bb-diagnostic,42,30000000,BTN RFI,KQs,4,0.020465573,0,0.62525946,0,0.35427496,0,0.97953442
cfr-fixed-2.5bb-diagnostic,42,30000000,BTN RFI,A2s,4,0.07711595,0,0.17747483,0,0.74540925,0,0.92288408
cfr-fixed-2.5bb-diagnostic,42,30000000,BTN RFI,A3s,4,0.0795104,0,0.23705074,0,0.6834389,0,0.92048964
cfr-fixed-2.5bb-diagnostic,42,30000000,BTN RFI,A4s,4,0.06441846,0,0.357289,0,0.57829255,0,0.93558155
cfr-fixed-2.5bb-diagnostic,42,30000000,BTN RFI,A5s,4,0.057943974,0,0.21139388,0,0.73066217,0,0.94205605
cfr-fixed-2.5bb-diagnostic,42,30000000,BTN RFI,A6s,4,0.1769107,0,0.46923637,0,0.35385293,0,0.8230893
cfr-fixed-2.5bb-diagnostic,42,30000000,BTN RFI,A7s,4,0.030136276,0,0.54663366,0,0.42323008,0,0.9698637400000001
cfr-fixed-2.5bb-diagnostic,42,30000000,BTN RFI,A8s,4,0.033558838,0,0.4132174,0,0.5532237,0,0.9664410999999999
cfr-fixed-2.5bb-diagnostic,42,30000000,BTN RFI,A9s,4,0.027291445,0,0.2520284,0,0.7206801,0,0.9727085
cfr-fixed-2.5bb-diagnostic,42,30000000,BTN RFI,ATs,4,0.014410185,0,0.47938558,0,0.5062042,0,0.98558978
cfr-fixed-2.5bb-diagnostic,42,30000000,BTN RFI,AJs,4,0.0127449855,0,0.16911311,0,0.8181419,0,0.9872550099999999
cfr-fixed-2.5bb-diagnostic,42,30000000,BTN RFI,AQs,4,0.009686986,0,0.25750265,0,0.7328104,0,0.9903130499999999
cfr-fixed-2.5bb-diagnostic,42,30000000,BTN RFI,AKs,4,0.005732986,0,0.3064986,0,0.68776846,0,0.9942670600000001
cfr-fixed-2.5bb-diagnostic,42,30000000,BTN RFI,32o,12,0.9758726,0,0.00662727,0,0.017500052,0,0.024127322
cfr-fixed-2.5bb-diagnostic,42,30000000,BTN RFI,42o,12,0.97798204,0,0.0058161113,0,0.016201835,0,0.0220179463
cfr-fixed-2.5bb-diagnostic,42,30000000,BTN RFI,43o,12,0.9718133,0,0.007658696,0,0.020527933,0,0.028186629
cfr-fixed-2.5bb-diagnostic,42,30000000,BTN RFI,52o,12,0.9740095,0,0.006714435,0,0.019276032,0,0.025990467
cfr-fixed-2.5bb-diagnostic,42,30000000,BTN RFI,53o,12,0.97162294,0,0.008527436,0,0.019849626,0,0.028377061999999998
cfr-fixed-2.5bb-diagnostic,42,30000000,BTN RFI,54o,12,0.96728635,0,0.008357935,0,0.0243557,0,0.032713635000000005
cfr-fixed-2.5bb-diagnostic,42,30000000,BTN RFI,62o,12,0.9774288,0,0.005338861,0,0.017232247,0,0.022571108
cfr-fixed-2.5bb-diagnostic,42,30000000,BTN RFI,63o,12,0.9724703,0,0.006244262,0,0.021285422,0,0.027529684
cfr-fixed-2.5bb-diagnostic,42,30000000,BTN RFI,64o,12,0.9707028,0,0.007318064,0,0.021979118,0,0.029297181999999998
cfr-fixed-2.5bb-diagnostic,42,30000000,BTN RFI,65o,12,0.96428585,0,0.009366657,0,0.02634749,0,0.035714147
cfr-fixed-2.5bb-diagnostic,42,30000000,BTN RFI,72o,12,0.9771866,0,0.005706213,0,0.017107135,0,0.022813347999999997
cfr-fixed-2.5bb-diagnostic,42,30000000,BTN RFI,73o,12,0.9747077,0,0.0061441776,0,0.019148063,0,0.0252922406
cfr-fixed-2.5bb-diagnostic,42,30000000,BTN RFI,74o,12,0.96945024,0,0.008189268,0,0.022360483,0,0.030549751
cfr-fixed-2.5bb-diagnostic,42,30000000,BTN RFI,75o,12,0.9647819,0,0.01006201,0,0.025156122,0,0.035218132
cfr-fixed-2.5bb-diagnostic,42,30000000,BTN RFI,76o,12,0.9588209,0,0.011171295,0,0.030007835,0,0.04117913
cfr-fixed-2.5bb-diagnostic,42,30000000,BTN RFI,82o,12,0.9747569,0,0.0067244116,0,0.018518716,0,0.0252431276
cfr-fixed-2.5bb-diagnostic,42,30000000,BTN RFI,83o,12,0.9755576,0,0.006022658,0,0.018419731,0,0.024442389000000002
cfr-fixed-2.5bb-diagnostic,42,30000000,BTN RFI,84o,12,0.9705245,0,0.0067609698,0,0.02271449,0,0.0294754598
cfr-fixed-2.5bb-diagnostic,42,30000000,BTN RFI,85o,12,0.9659974,0,0.0094263265,0,0.024576325,0,0.0340026515
cfr-fixed-2.5bb-diagnostic,42,30000000,BTN RFI,86o,12,0.95962524,0,0.01146485,0,0.028909897,0,0.040374747
cfr-fixed-2.5bb-diagnostic,42,30000000,BTN RFI,87o,12,0.95303935,0,0.014362616,0,0.03259805,0,0.046960666000000005
cfr-fixed-2.5bb-diagnostic,42,30000000,BTN RFI,92o,12,0.97183836,0,0.0063319895,0,0.021829752,0,0.0281617415
cfr-fixed-2.5bb-diagnostic,42,30000000,BTN RFI,93o,12,0.97222275,0,0.0065290015,0,0.021248214,0,0.0277772155
cfr-fixed-2.5bb-diagnostic,42,30000000,BTN RFI,94o,12,0.97082937,0,0.007839418,0,0.021331254,0,0.029170672
cfr-fixed-2.5bb-diagnostic,42,30000000,BTN RFI,95o,12,0.9668399,0,0.009226896,0,0.023933228,0,0.033160124
cfr-fixed-2.5bb-diagnostic,42,30000000,BTN RFI,96o,12,0.9636917,0,0.0102144,0,0.026093831,0,0.036308231
cfr-fixed-2.5bb-diagnostic,42,30000000,BTN RFI,97o,12,0.9478153,0,0.014422639,0,0.03776213,0,0.052184769
cfr-fixed-2.5bb-diagnostic,42,30000000,BTN RFI,98o,12,0.93800884,0,0.031196415,0,0.030794667,0,0.061991082
cfr-fixed-2.5bb-diagnostic,42,30000000,BTN RFI,T2o,12,0.97021353,0,0.008041385,0,0.021745063,0,0.029786448
cfr-fixed-2.5bb-diagnostic,42,30000000,BTN RFI,T3o,12,0.9716166,0,0.008800138,0,0.019583147,0,0.028383285
cfr-fixed-2.5bb-diagnostic,42,30000000,BTN RFI,T4o,12,0.9674863,0,0.0107928505,0,0.021720763,0,0.032513613499999997
cfr-fixed-2.5bb-diagnostic,42,30000000,BTN RFI,T5o,12,0.96460927,0,0.010130744,0,0.025259925,0,0.035390669
cfr-fixed-2.5bb-diagnostic,42,30000000,BTN RFI,T6o,12,0.9624211,0,0.011358168,0,0.026220638,0,0.037578806
cfr-fixed-2.5bb-diagnostic,42,30000000,BTN RFI,T7o,12,0.9545965,0,0.014517427,0,0.030886063,0,0.04540349
cfr-fixed-2.5bb-diagnostic,42,30000000,BTN RFI,T8o,12,0.943187,0,0.016035484,0,0.04077752,0,0.056813004
cfr-fixed-2.5bb-diagnostic,42,30000000,BTN RFI,T9o,12,0.92017037,0,0.030829502,0,0.049000133,0,0.07982963500000001
cfr-fixed-2.5bb-diagnostic,42,30000000,BTN RFI,J2o,12,0.9686616,0,0.008406727,0,0.02293174,0,0.031338466999999995
cfr-fixed-2.5bb-diagnostic,42,30000000,BTN RFI,J3o,12,0.96255934,0,0.01055634,0,0.026884291,0,0.037440631
cfr-fixed-2.5bb-diagnostic,42,30000000,BTN RFI,J4o,12,0.9653301,0,0.009563809,0,0.025106113,0,0.034669922
cfr-fixed-2.5bb-diagnostic,42,30000000,BTN RFI,J5o,12,0.9588944,0,0.010842512,0,0.030263126,0,0.041105638
cfr-fixed-2.5bb-diagnostic,42,30000000,BTN RFI,J6o,12,0.95702696,0,0.012078847,0,0.030894162,0,0.042973009
cfr-fixed-2.5bb-diagnostic,42,30000000,BTN RFI,J7o,12,0.94450694,0,0.014895206,0,0.04059784,0,0.055493046000000004
cfr-fixed-2.5bb-diagnostic,42,30000000,BTN RFI,J8o,12,0.9300447,0,0.024643531,0,0.0453117,0,0.069955231
cfr-fixed-2.5bb-diagnostic,42,30000000,BTN RFI,J9o,12,0.91641986,0,0.043565206,0,0.04001493,0,0.083580136
cfr-fixed-2.5bb-diagnostic,42,30000000,BTN RFI,JTo,12,0.53048307,0,0.37733492,0,0.09218199,0,0.46951691
cfr-fixed-2.5bb-diagnostic,42,30000000,BTN RFI,Q2o,12,0.96528363,0,0.008740504,0,0.025975848,0,0.034716352
cfr-fixed-2.5bb-diagnostic,42,30000000,BTN RFI,Q3o,12,0.9538853,0,0.011789272,0,0.03432545,0,0.046114722
cfr-fixed-2.5bb-diagnostic,42,30000000,BTN RFI,Q4o,12,0.9528765,0,0.014783225,0,0.03234024,0,0.047123465
cfr-fixed-2.5bb-diagnostic,42,30000000,BTN RFI,Q5o,12,0.95594335,0,0.013693675,0,0.030362941,0,0.044056616
cfr-fixed-2.5bb-diagnostic,42,30000000,BTN RFI,Q6o,12,0.9546659,0,0.015165986,0,0.030168192,0,0.045334178
cfr-fixed-2.5bb-diagnostic,42,30000000,BTN RFI,Q7o,12,0.9420046,0,0.013335515,0,0.04465983,0,0.057995345
cfr-fixed-2.5bb-diagnostic,42,30000000,BTN RFI,Q8o,12,0.92199874,0,0.028357765,0,0.049643572,0,0.078001337
cfr-fixed-2.5bb-diagnostic,42,30000000,BTN RFI,Q9o,12,0.8595164,0,0.06885431,0,0.071629345,0,0.14048365499999999
cfr-fixed-2.5bb-diagnostic,42,30000000,BTN RFI,QTo,12,0.6839504,0,0.15890305,0,0.15714653,0,0.31604958
cfr-fixed-2.5bb-diagnostic,42,30000000,BTN RFI,QJo,12,0.05264765,0,0.80012715,0,0.14722513,0,0.94735228
cfr-fixed-2.5bb-diagnostic,42,30000000,BTN RFI,K2o,12,0.954813,0,0.014485912,0,0.030700989,0,0.045186901
cfr-fixed-2.5bb-diagnostic,42,30000000,BTN RFI,K3o,12,0.9521859,0,0.015437219,0,0.032376803,0,0.047814022000000005
cfr-fixed-2.5bb-diagnostic,42,30000000,BTN RFI,K4o,12,0.9300189,0,0.02016794,0,0.049813144,0,0.069981084
cfr-fixed-2.5bb-diagnostic,42,30000000,BTN RFI,K5o,12,0.94011027,0,0.016788648,0,0.043101057,0,0.059889705
cfr-fixed-2.5bb-diagnostic,42,30000000,BTN RFI,K6o,12,0.9203598,0,0.02216422,0,0.057476033,0,0.079640253
cfr-fixed-2.5bb-diagnostic,42,30000000,BTN RFI,K7o,12,0.8882429,0,0.06317598,0,0.048581183,0,0.111757163
cfr-fixed-2.5bb-diagnostic,42,30000000,BTN RFI,K8o,12,0.8459823,0,0.08890868,0,0.06510896,0,0.15401764
cfr-fixed-2.5bb-diagnostic,42,30000000,BTN RFI,K9o,12,0.6592374,0,0.25266153,0,0.08810104,0,0.34076257000000004
cfr-fixed-2.5bb-diagnostic,42,30000000,BTN RFI,KTo,12,0.08109248,0,0.6160062,0,0.30290133,0,0.91890753
cfr-fixed-2.5bb-diagnostic,42,30000000,BTN RFI,KJo,12,0.036056258,0,0.21076213,0,0.7531816,0,0.96394373
cfr-fixed-2.5bb-diagnostic,42,30000000,BTN RFI,KQo,12,0.018171202,0,0.6751432,0,0.3066856,0,0.9818288000000001
cfr-fixed-2.5bb-diagnostic,42,30000000,BTN RFI,A2o,12,0.8007236,0,0.045022402,0,0.154254,0,0.19927640200000002
cfr-fixed-2.5bb-diagnostic,42,30000000,BTN RFI,A3o,12,0.75842315,0,0.0596264,0,0.18195042,0,0.24157682
cfr-fixed-2.5bb-diagnostic,42,30000000,BTN RFI,A4o,12,0.5835893,0,0.20594549,0,0.21046524,0,0.41641073
cfr-fixed-2.5bb-diagnostic,42,30000000,BTN RFI,A5o,12,0.19675344,0,0.2303204,0,0.57292616,0,0.8032465599999999
cfr-fixed-2.5bb-diagnostic,42,30000000,BTN RFI,A6o,12,0.43340972,0,0.17409334,0,0.392497,0,0.56659034
cfr-fixed-2.5bb-diagnostic,42,30000000,BTN RFI,A7o,12,0.054234095,0,0.49909708,0,0.44666877,0,0.94576585
cfr-fixed-2.5bb-diagnostic,42,30000000,BTN RFI,A8o,12,0.048054885,0,0.3314477,0,0.6204974,0,0.9519451
cfr-fixed-2.5bb-diagnostic,42,30000000,BTN RFI,A9o,12,0.02433487,0,0.14646457,0,0.8292005,0,0.97566507
cfr-fixed-2.5bb-diagnostic,42,30000000,BTN RFI,ATo,12,0.011550339,0,0.6564575,0,0.33199212,0,0.98844962
cfr-fixed-2.5bb-diagnostic,42,30000000,BTN RFI,AJo,12,0.009219977,0,0.22334594,0,0.76743406,0,0.99078
cfr-fixed-2.5bb-diagnostic,42,30000000,BTN RFI,AQo,12,0.007637915,0,0.31078467,0,0.68157744,0,0.99236211
cfr-fixed-2.5bb-diagnostic,42,30000000,BTN RFI,AKo,12,0.0037389656,0,0.5583066,0,0.43795446,0,0.9962610599999999
cfr-fixed-2.5bb-diagnostic,42,30000000,SB RFI,22,6,0.08826503,0,0,0.07633537,0.75062686,0.084772706,0.82696223
cfr-fixed-2.5bb-diagnostic,42,30000000,SB RFI,33,6,0.05217654,0,0,0.16747396,0.72818124,0.052168243,0.8956552
cfr-fixed-2.5bb-diagnostic,42,30000000,SB RFI,44,6,0.026706267,0,0,0.1405551,0.68635297,0.14638574,0.82690807
cfr-fixed-2.5bb-diagnostic,42,30000000,SB RFI,55,6,0.019514052,0,0,0.13542482,0.6079031,0.23715799,0.74332792
cfr-fixed-2.5bb-diagnostic,42,30000000,SB RFI,66,6,0.009690534,0,0,0.28639925,0.16212995,0.54178023,0.44852919999999996
cfr-fixed-2.5bb-diagnostic,42,30000000,SB RFI,77,6,0.0072685666,0,0,0.26402414,0.2885958,0.44011155,0.55261994
cfr-fixed-2.5bb-diagnostic,42,30000000,SB RFI,88,6,0.005957543,0,0,0.23325936,0.398364,0.36241904,0.63162336
cfr-fixed-2.5bb-diagnostic,42,30000000,SB RFI,99,6,0.0044070473,0,0,0.6162933,0.19625069,0.18304901,0.81254399
cfr-fixed-2.5bb-diagnostic,42,30000000,SB RFI,TT,6,0.004585714,0,0,0.114379816,0.06365874,0.8173758,0.17803855600000001
cfr-fixed-2.5bb-diagnostic,42,30000000,SB RFI,JJ,6,0.002788682,0,0,0.44506317,0.12903357,0.42311457,0.57409674
cfr-fixed-2.5bb-diagnostic,42,30000000,SB RFI,QQ,6,0.0021212671,0,0,0.35874715,0.108831175,0.53030044,0.467578325
cfr-fixed-2.5bb-diagnostic,42,30000000,SB RFI,KK,6,0.0014587155,0,0,0.49958503,0.092172705,0.40678352,0.591757735
cfr-fixed-2.5bb-diagnostic,42,30000000,SB RFI,AA,6,0.0009890863,0,0,0.5426752,0.041468907,0.4148668,0.584144107
cfr-fixed-2.5bb-diagnostic,42,30000000,SB RFI,32s,4,0.86554223,0,0,0.0332438,0.057696495,0.04351748,0.090940295
cfr-fixed-2.5bb-diagnostic,42,30000000,SB RFI,42s,4,0.8491649,0,0,0.051762007,0.074224584,0.024848567,0.12598659099999998
cfr-fixed-2.5bb-diagnostic,42,30000000,SB RFI,43s,4,0.66656584,0,0,0.073644735,0.07769785,0.18209149,0.151342585
cfr-fixed-2.5bb-diagnostic,42,30000000,SB RFI,52s,4,0.82668626,0,0,0.038664524,0.0643131,0.070336096,0.10297762399999999
cfr-fixed-2.5bb-diagnostic,42,30000000,SB RFI,53s,4,0.7472408,0,0,0.0688884,0.08269992,0.10117091,0.15158832
cfr-fixed-2.5bb-diagnostic,42,30000000,SB RFI,54s,4,0.47268373,0,0,0.086524546,0.17832418,0.26246756,0.264848726
cfr-fixed-2.5bb-diagnostic,42,30000000,SB RFI,62s,4,0.810492,0,0,0.06802406,0.062463664,0.059020303,0.130487724
cfr-fixed-2.5bb-diagnostic,42,30000000,SB RFI,63s,4,0.6156831,0,0,0.045564733,0.056532,0.2822202,0.102096733
cfr-fixed-2.5bb-diagnostic,42,30000000,SB RFI,64s,4,0.5997875,0,0,0.06904908,0.11767255,0.21349084,0.18672163
cfr-fixed-2.5bb-diagnostic,42,30000000,SB RFI,65s,4,0.483417,0,0,0.053872406,0.12951092,0.33319962,0.183383326
cfr-fixed-2.5bb-diagnostic,42,30000000,SB RFI,72s,4,0.6495842,0,0,0.0785522,0.05735726,0.21450645,0.13590946
cfr-fixed-2.5bb-diagnostic,42,30000000,SB RFI,73s,4,0.70920134,0,0,0.12246444,0.08380834,0.08452587,0.20627278
cfr-fixed-2.5bb-diagnostic,42,30000000,SB RFI,74s,4,0.55053866,0,0,0.20208035,0.06359301,0.18378793,0.26567335999999997
cfr-fixed-2.5bb-diagnostic,42,30000000,SB RFI,75s,4,0.3623497,0,0,0.12160903,0.101056874,0.41498446,0.22266590400000003
cfr-fixed-2.5bb-diagnostic,42,30000000,SB RFI,76s,4,0.31574008,0,0,0.07002903,0.0970632,0.5171676,0.16709223
cfr-fixed-2.5bb-diagnostic,42,30000000,SB RFI,82s,4,0.63446176,0,0,0.052031394,0.07573621,0.23777066,0.127767604
cfr-fixed-2.5bb-diagnostic,42,30000000,SB RFI,83s,4,0.8071878,0,0,0.060156345,0.064408585,0.068247266,0.12456493
cfr-fixed-2.5bb-diagnostic,42,30000000,SB RFI,84s,4,0.51704746,0,0,0.07497463,0.060202505,0.34777543,0.135177135
cfr-fixed-2.5bb-diagnostic,42,30000000,SB RFI,85s,4,0.44304168,0,0,0.16865166,0.084644,0.3036627,0.25329566000000003
cfr-fixed-2.5bb-diagnostic,42,30000000,SB RFI,86s,4,0.28807253,0,0,0.074996166,0.08867733,0.54825395,0.163673496
cfr-fixed-2.5bb-diagnostic,42,30000000,SB RFI,87s,4,0.13354577,0,0,0.10706997,0.09709475,0.6622895,0.20416472
cfr-fixed-2.5bb-diagnostic,42,30000000,SB RFI,92s,4,0.5456992,0,0,0.09008805,0.087005354,0.27720746,0.177093404
cfr-fixed-2.5bb-diagnostic,42,30000000,SB RFI,93s,4,0.5864817,0,0,0.13160962,0.09248918,0.18941942,0.22409880000000001
cfr-fixed-2.5bb-diagnostic,42,30000000,SB RFI,94s,4,0.5563703,0,0,0.07355337,0.069073245,0.3010031,0.142626615
cfr-fixed-2.5bb-diagnostic,42,30000000,SB RFI,95s,4,0.42058596,0,0,0.14306091,0.08084877,0.3555043,0.22390968
cfr-fixed-2.5bb-diagnostic,42,30000000,SB RFI,96s,4,0.44817436,0,0,0.09413737,0.079917386,0.37777093,0.174054756
cfr-fixed-2.5bb-diagnostic,42,30000000,SB RFI,97s,4,0.08366007,0,0,0.08063175,0.09714627,0.7385619,0.17777802
cfr-fixed-2.5bb-diagnostic,42,30000000,SB RFI,98s,4,0.04532112,0,0,0.21437962,0.1731192,0.56718,0.38749882
cfr-fixed-2.5bb-diagnostic,42,30000000,SB RFI,T2s,4,0.5147872,0,0,0.06495508,0.08632442,0.33393332,0.1512795
cfr-fixed-2.5bb-diagnostic,42,30000000,SB RFI,T3s,4,0.6827344,0,0,0.06437226,0.06319889,0.18969454,0.12757115
cfr-fixed-2.5bb-diagnostic,42,30000000,SB RFI,T4s,4,0.3774435,0,0,0.10141892,0.04933067,0.47180688,0.15074959
cfr-fixed-2.5bb-diagnostic,42,30000000,SB RFI,T5s,4,0.31490576,0,0,0.06809134,0.16311471,0.45388815,0.23120605
cfr-fixed-2.5bb-diagnostic,42,30000000,SB RFI,T6s,4,0.20991343,0,0,0.13462423,0.11336293,0.5420994,0.24798716
cfr-fixed-2.5bb-diagnostic,42,30000000,SB RFI,T7s,4,0.0885556,0,0,0.23755562,0.15826371,0.51562506,0.39581933
cfr-fixed-2.5bb-diagnostic,42,30000000,SB RFI,T8s,4,0.048407704,0,0,0.20418449,0.18189082,0.565517,0.38607531
cfr-fixed-2.5bb-diagnostic,42,30000000,SB RFI,T9s,4,0.04524677,0,0,0.6095143,0.11197694,0.23326202,0.72149124
cfr-fixed-2.5bb-diagnostic,42,30000000,SB RFI,J2s,4,0.46974868,0,0,0.13012408,0.08035558,0.31977162,0.21047966
cfr-fixed-2.5bb-diagnostic,42,30000000,SB RFI,J3s,4,0.36643574,0,0,0.12922305,0.062218446,0.44212276,0.191441496
cfr-fixed-2.5bb-diagnostic,42,30000000,SB RFI,J4s,4,0.24841435,0,0,0.13183612,0.11800705,0.50174254,0.24984317
cfr-fixed-2.5bb-diagnostic,42,30000000,SB RFI,J5s,4,0.31960854,0,0,0.14083308,0.13091947,0.40863886,0.27175255
cfr-fixed-2.5bb-diagnostic,42,30000000,SB RFI,J6s,4,0.11697176,0,0,0.12170274,0.105442226,0.6558833,0.227144966
cfr-fixed-2.5bb-diagnostic,42,30000000,SB RFI,J7s,4,0.11502085,0,0,0.13497609,0.111794196,0.63820887,0.246770286
cfr-fixed-2.5bb-diagnostic,42,30000000,SB RFI,J8s,4,0.031675577,0,0,0.16534206,0.15464318,0.6483392,0.31998524
cfr-fixed-2.5bb-diagnostic,42,30000000,SB RFI,J9s,4,0.026407903,0,0,0.10381482,0.19496337,0.67481387,0.29877819
cfr-fixed-2.5bb-diagnostic,42,30000000,SB RFI,JTs,4,0.016678289,0,0,0.40284264,0.21054807,0.369931,0.61339071
cfr-fixed-2.5bb-diagnostic,42,30000000,SB RFI,Q2s,4,0.26315904,0,0,0.28676707,0.1327311,0.3173428,0.41949817
cfr-fixed-2.5bb-diagnostic,42,30000000,SB RFI,Q3s,4,0.2023925,0,0,0.09487756,0.0805736,0.6221563,0.17545116
cfr-fixed-2.5bb-diagnostic,42,30000000,SB RFI,Q4s,4,0.1492132,0,0,0.4674078,0.0961046,0.2872745,0.5635124
cfr-fixed-2.5bb-diagnostic,42,30000000,SB RFI,Q5s,4,0.16102862,0,0,0.15498634,0.25109547,0.4328896,0.40608181
cfr-fixed-2.5bb-diagnostic,42,30000000,SB RFI,Q6s,4,0.0860111,0,0,0.114131786,0.37240478,0.42745233,0.486536566
cfr-fixed-2.5bb-diagnostic,42,30000000,SB RFI,Q7s,4,0.08128606,0,0,0.33910918,0.1032069,0.47639784,0.44231608
cfr-fixed-2.5bb-diagnostic,42,30000000,SB RFI,Q8s,4,0.035219982,0,0,0.17196435,0.18860926,0.60420644,0.36057361
cfr-fixed-2.5bb-diagnostic,42,30000000,SB RFI,Q9s,4,0.028973155,0,0,0.48362228,0.2000413,0.28736326,0.68366358
cfr-fixed-2.5bb-diagnostic,42,30000000,SB RFI,QTs,4,0.016320994,0,0,0.3464732,0.18642752,0.45077828,0.53290072
cfr-fixed-2.5bb-diagnostic,42,30000000,SB RFI,QJs,4,0.013620341,0,0,0.3106499,0.14422396,0.5315058,0.45487385999999996
cfr-fixed-2.5bb-diagnostic,42,30000000,SB RFI,K2s,4,0.25642225,0,0,0.13417593,0.21789171,0.39151007,0.35206764
cfr-fixed-2.5bb-diagnostic,42,30000000,SB RFI,K3s,4,0.05877315,0,0,0.09627067,0.3894834,0.45547283,0.48575407
cfr-fixed-2.5bb-diagnostic,42,30000000,SB RFI,K4s,4,0.07660202,0,0,0.10469149,0.3011287,0.5175778,0.40582019
cfr-fixed-2.5bb-diagnostic,42,30000000,SB RFI,K5s,4,0.073936984,0,0,0.309675,0.32096434,0.29542366,0.63063934
cfr-fixed-2.5bb-diagnostic,42,30000000,SB RFI,K6s,4,0.04246682,0,0,0.17472768,0.22824438,0.55456114,0.40297205999999997
cfr-fixed-2.5bb-diagnostic,42,30000000,SB RFI,K7s,4,0.03815221,0,0,0.34653464,0.3039866,0.31132644,0.65052124
cfr-fixed-2.5bb-diagnostic,42,30000000,SB RFI,K8s,4,0.05812205,0,0,0.19784608,0.36702058,0.37701133,0.56486666
cfr-fixed-2.5bb-diagnostic,42,30000000,SB RFI,K9s,4,0.017771287,0,0,0.25886425,0.42066184,0.30270264,0.67952609
cfr-fixed-2.5bb-diagnostic,42,30000000,SB RFI,KTs,4,0.011456419,0,0,0.24960692,0.27480406,0.46413264,0.5244109800000001
cfr-fixed-2.5bb-diagnostic,42,30000000,SB RFI,KJs,4,0.008992303,0,0,0.300263,0.36200163,0.328743,0.66226463
cfr-fixed-2.5bb-diagnostic,42,30000000,SB RFI,KQs,4,0.012337182,0,0,0.11220564,0.2947323,0.5807249,0.40693794
cfr-fixed-2.5bb-diagnostic,42,30000000,SB RFI,A2s,4,0.017993603,0,0,0.4376908,0.3318939,0.21242166,0.7695847
cfr-fixed-2.5bb-diagnostic,42,30000000,SB RFI,A3s,4,0.019940123,0,0,0.15178229,0.5240993,0.30417818,0.67588159
cfr-fixed-2.5bb-diagnostic,42,30000000,SB RFI,A4s,4,0.015992774,0,0,0.18665677,0.2720178,0.5253326,0.45867457
cfr-fixed-2.5bb-diagnostic,42,30000000,SB RFI,A5s,4,0.021120632,0,0,0.21145165,0.43973553,0.32769215,0.65118718
cfr-fixed-2.5bb-diagnostic,42,30000000,SB RFI,A6s,4,0.017014567,0,0,0.59280795,0.20977937,0.18039815,0.80258732
cfr-fixed-2.5bb-diagnostic,42,30000000,SB RFI,A7s,4,0.014142052,0,0,0.4336392,0.33399433,0.21822439,0.76763353
cfr-fixed-2.5bb-diagnostic,42,30000000,SB RFI,A8s,4,0.010350196,0,0,0.33264288,0.40297824,0.25402862,0.73562112
cfr-fixed-2.5bb-diagnostic,42,30000000,SB RFI,A9s,4,0.0076402244,0,0,0.49947518,0.28027892,0.21260567,0.7797541
cfr-fixed-2.5bb-diagnostic,42,30000000,SB RFI,ATs,4,0.0056895944,0,0,0.26710016,0.40212524,0.325085,0.6692254
cfr-fixed-2.5bb-diagnostic,42,30000000,SB RFI,AJs,4,0.0042947335,0,0,0.28329575,0.28268015,0.42972934,0.5659759
cfr-fixed-2.5bb-diagnostic,42,30000000,SB RFI,AQs,4,0.0039476817,0,0,0.4122738,0.38500008,0.19877844,0.7972738800000001
cfr-fixed-2.5bb-diagnostic,42,30000000,SB RFI,AKs,4,0.0026920927,0,0,0.26302,0.4542686,0.28001937,0.7172886
cfr-fixed-2.5bb-diagnostic,42,30000000,SB RFI,32o,12,0.9386352,0,0,0.01787513,0.032005295,0.0114844255,0.049880425000000006
cfr-fixed-2.5bb-diagnostic,42,30000000,SB RFI,42o,12,0.92225504,0,0,0.031195298,0.029679993,0.016869614,0.060875291
cfr-fixed-2.5bb-diagnostic,42,30000000,SB RFI,43o,12,0.90753424,0,0,0.029207671,0.033447634,0.029810462,0.062655305
cfr-fixed-2.5bb-diagnostic,42,30000000,SB RFI,52o,12,0.92223674,0,0,0.021915454,0.03410166,0.021746174,0.056017114
cfr-fixed-2.5bb-diagnostic,42,30000000,SB RFI,53o,12,0.909986,0,0,0.023028243,0.03375391,0.033231806,0.056782153
cfr-fixed-2.5bb-diagnostic,42,30000000,SB RFI,54o,12,0.8526912,0,0,0.034991577,0.042060323,0.07025683,0.0770519
cfr-fixed-2.5bb-diagnostic,42,30000000,SB RFI,62o,12,0.9315375,0,0,0.021728056,0.026995776,0.019738628,0.048723831999999995
cfr-fixed-2.5bb-diagnostic,42,30000000,SB RFI,63o,12,0.90296024,0,0,0.02521524,0.03960398,0.03222049,0.06481922
cfr-fixed-2.5bb-diagnostic,42,30000000,SB RFI,64o,12,0.883492,0,0,0.036324307,0.04055942,0.03962426,0.076883727
cfr-fixed-2.5bb-diagnostic,42,30000000,SB RFI,65o,12,0.66246504,0,0,0.03605675,0.03952088,0.26195735,0.07557763
cfr-fixed-2.5bb-diagnostic,42,30000000,SB RFI,72o,12,0.92264223,0,0,0.025800176,0.034841,0.01671661,0.060641176
cfr-fixed-2.5bb-diagnostic,42,30000000,SB RFI,73o,12,0.882575,0,0,0.02281028,0.036315408,0.058299437,0.059125687999999996
cfr-fixed-2.5bb-diagnostic,42,30000000,SB RFI,74o,12,0.8783038,0,0,0.038887694,0.04143853,0.041370038,0.080326224
cfr-fixed-2.5bb-diagnostic,42,30000000,SB RFI,75o,12,0.61644894,0,0,0.05415918,0.04006089,0.28933105,0.09422007
cfr-fixed-2.5bb-diagnostic,42,30000000,SB RFI,76o,12,0.40144205,0,0,0.05507492,0.035464983,0.50801814,0.090539903
cfr-fixed-2.5bb-diagnostic,42,30000000,SB RFI,82o,12,0.9249069,0,0,0.017587835,0.028980281,0.028524991,0.046568116
cfr-fixed-2.5bb-diagnostic,42,30000000,SB RFI,83o,12,0.91723144,0,0,0.025369385,0.031805634,0.025593515,0.057175019
cfr-fixed-2.5bb-diagnostic,42,30000000,SB RFI,84o,12,0.8486855,0,0,0.068663165,0.031199576,0.0514517,0.099862741
cfr-fixed-2.5bb-diagnostic,42,30000000,SB RFI,85o,12,0.60724056,0,0,0.034266036,0.03300322,0.3254902,0.067269256
cfr-fixed-2.5bb-diagnostic,42,30000000,SB RFI,86o,12,0.47514117,0,0,0.043043926,0.040792022,0.44102287,0.083835948
cfr-fixed-2.5bb-diagnostic,42,30000000,SB RFI,87o,12,0.15836509,0,0,0.041462373,0.05472475,0.74544775,0.096187123
cfr-fixed-2.5bb-diagnostic,42,30000000,SB RFI,92o,12,0.8820289,0,0,0.026094375,0.033370066,0.058506668,0.05946444099999999
cfr-fixed-2.5bb-diagnostic,42,30000000,SB RFI,93o,12,0.8832033,0,0,0.02721992,0.03587165,0.05370509,0.06309157
cfr-fixed-2.5bb-diagnostic,42,30000000,SB RFI,94o,12,0.85763484,0,0,0.051431447,0.037345666,0.05358802,0.08877711299999999
cfr-fixed-2.5bb-diagnostic,42,30000000,SB RFI,95o,12,0.5707831,0,0,0.04603665,0.04471683,0.33846337,0.09075348
cfr-fixed-2.5bb-diagnostic,42,30000000,SB RFI,96o,12,0.4918567,0,0,0.042458896,0.040596962,0.42508733,0.08305585800000001
cfr-fixed-2.5bb-diagnostic,42,30000000,SB RFI,97o,12,0.3916536,0,0,0.04196316,0.05902224,0.507361,0.1009854
cfr-fixed-2.5bb-diagnostic,42,30000000,SB RFI,98o,12,0.08627157,0,0,0.09106644,0.08327151,0.7393905,0.17433795000000002
cfr-fixed-2.5bb-diagnostic,42,30000000,SB RFI,T2o,12,0.72254026,0,0,0.0640169,0.032188855,0.18125391,0.096205755
cfr-fixed-2.5bb-diagnostic,42,30000000,SB RFI,T3o,12,0.7243145,0,0,0.044339094,0.038309414,0.193037,0.08264850800000001
cfr-fixed-2.5bb-diagnostic,42,30000000,SB RFI,T4o,12,0.5429364,0,0,0.023901897,0.030680435,0.4024812,0.054582332
cfr-fixed-2.5bb-diagnostic,42,30000000,SB RFI,T5o,12,0.48597226,0,0,0.032562733,0.038320933,0.4431441,0.07088366600000001
cfr-fixed-2.5bb-diagnostic,42,30000000,SB RFI,T6o,12,0.17793924,0,0,0.049491495,0.045165777,0.7274035,0.094657272
cfr-fixed-2.5bb-diagnostic,42,30000000,SB RFI,T7o,12,0.15554683,0,0,0.07496245,0.045202527,0.7242882,0.120164977
cfr-fixed-2.5bb-diagnostic,42,30000000,SB RFI,T8o,12,0.07747416,0,0,0.07431847,0.06756809,0.7806392,0.14188656
cfr-fixed-2.5bb-diagnostic,42,30000000,SB RFI,T9o,12,0.038278736,0,0,0.1407445,0.07582355,0.74515325,0.21656805
cfr-fixed-2.5bb-diagnostic,42,30000000,SB RFI,J2o,12,0.78108543,0,0,0.030894628,0.040469274,0.14755075,0.071363902
cfr-fixed-2.5bb-diagnostic,42,30000000,SB RFI,J3o,12,0.6792032,0,0,0.06476804,0.053416617,0.20261219,0.118184657
cfr-fixed-2.5bb-diagnostic,42,30000000,SB RFI,J4o,12,0.6361867,0,0,0.03752257,0.03658779,0.28970295,0.07411036
cfr-fixed-2.5bb-diagnostic,42,30000000,SB RFI,J5o,12,0.17851457,0,0,0.048119158,0.037665002,0.7357013,0.08578416
cfr-fixed-2.5bb-diagnostic,42,30000000,SB RFI,J6o,12,0.4396871,0,0,0.08976952,0.04206609,0.4284773,0.13183561
cfr-fixed-2.5bb-diagnostic,42,30000000,SB RFI,J7o,12,0.14266643,0,0,0.12899202,0.05356384,0.67477775,0.18255586000000001
cfr-fixed-2.5bb-diagnostic,42,30000000,SB RFI,J8o,12,0.031998906,0,0,0.0477436,0.0884695,0.831788,0.1362131
cfr-fixed-2.5bb-diagnostic,42,30000000,SB RFI,J9o,12,0.033370215,0,0,0.12037876,0.13096948,0.7152815,0.25134824
cfr-fixed-2.5bb-diagnostic,42,30000000,SB RFI,JTo,12,0.013432702,0,0,0.34663048,0.09008926,0.5498475,0.43671974
cfr-fixed-2.5bb-diagnostic,42,30000000,SB RFI,Q2o,12,0.53972244,0,0,0.04304837,0.035907257,0.38132185,0.078955627
cfr-fixed-2.5bb-diagnostic,42,30000000,SB RFI,Q3o,12,0.36536387,0,0,0.053966217,0.04995587,0.53071404,0.103922087
cfr-fixed-2.5bb-diagnostic,42,30000000,SB RFI,Q4o,12,0.41223827,0,0,0.03360896,0.069601305,0.48455152,0.103210265
cfr-fixed-2.5bb-diagnostic,42,30000000,SB RFI,Q5o,12,0.2749672,0,0,0.050632693,0.058615275,0.6157848,0.109247968
cfr-fixed-2.5bb-diagnostic,42,30000000,SB RFI,Q6o,12,0.05337615,0,0,0.059285592,0.083981715,0.8033566,0.143267307
cfr-fixed-2.5bb-diagnostic,42,30000000,SB RFI,Q7o,12,0.09685004,0,0,0.05846525,0.08293382,0.7617509,0.14139907000000002
cfr-fixed-2.5bb-diagnostic,42,30000000,SB RFI,Q8o,12,0.028210362,0,0,0.09470457,0.087719105,0.78936607,0.182423675
cfr-fixed-2.5bb-diagnostic,42,30000000,SB RFI,Q9o,12,0.022571316,0,0,0.11263675,0.08389215,0.7808998,0.1965289
cfr-fixed-2.5bb-diagnostic,42,30000000,SB RFI,QTo,12,0.015217279,0,0,0.27749965,0.3671349,0.3401482,0.6446345499999999
cfr-fixed-2.5bb-diagnostic,42,30000000,SB RFI,QJo,12,0.01718007,0,0,0.6648388,0.1256607,0.19232042,0.7904994999999999
cfr-fixed-2.5bb-diagnostic,42,30000000,SB RFI,K2o,12,0.55382633,0,0,0.074313305,0.059561286,0.3122991,0.133874591
cfr-fixed-2.5bb-diagnostic,42,30000000,SB RFI,K3o,12,0.19338685,0,0,0.11397198,0.059637066,0.6330041,0.173609046
cfr-fixed-2.5bb-diagnostic,42,30000000,SB RFI,K4o,12,0.11461069,0,0,0.08809786,0.07061724,0.7266742,0.1587151
cfr-fixed-2.5bb-diagnostic,42,30000000,SB RFI,K5o,12,0.05796434,0,0,0.07177875,0.07881683,0.79144007,0.15059558
cfr-fixed-2.5bb-diagnostic,42,30000000,SB RFI,K6o,12,0.0717029,0,0,0.36570352,0.11431302,0.44828057,0.48001654
cfr-fixed-2.5bb-diagnostic,42,30000000,SB RFI,K7o,12,0.06296822,0,0,0.18157227,0.13971575,0.6157437,0.32128802
cfr-fixed-2.5bb-diagnostic,42,30000000,SB RFI,K8o,12,0.027591156,0,0,0.30033976,0.11082023,0.56124884,0.41115999000000003
cfr-fixed-2.5bb-diagnostic,42,30000000,SB RFI,K9o,12,0.01629277,0,0,0.4990428,0.19115822,0.29350623,0.6902010199999999
cfr-fixed-2.5bb-diagnostic,42,30000000,SB RFI,KTo,12,0.013405858,0,0,0.19111693,0.1753675,0.62010974,0.36648442999999997
cfr-fixed-2.5bb-diagnostic,42,30000000,SB RFI,KJo,12,0.009224003,0,0,0.20095964,0.3249215,0.46489486,0.52588114
cfr-fixed-2.5bb-diagnostic,42,30000000,SB RFI,KQo,12,0.009431928,0,0,0.17326261,0.64285165,0.17445381,0.81611426
cfr-fixed-2.5bb-diagnostic,42,30000000,SB RFI,A2o,12,0.036878843,0,0,0.07787089,0.77429354,0.11095673,0.85216443
cfr-fixed-2.5bb-diagnostic,42,30000000,SB RFI,A3o,12,0.021498278,0,0,0.3394856,0.2844547,0.35456145,0.6239403
cfr-fixed-2.5bb-diagnostic,42,30000000,SB RFI,A4o,12,0.017527882,0,0,0.46261016,0.35897848,0.16088347,0.82158864
cfr-fixed-2.5bb-diagnostic,42,30000000,SB RFI,A5o,12,0.013094517,0,0,0.3621079,0.47702464,0.14777298,0.83913254
cfr-fixed-2.5bb-diagnostic,42,30000000,SB RFI,A6o,12,0.01899259,0,0,0.18847194,0.63100415,0.16153134,0.81947609
cfr-fixed-2.5bb-diagnostic,42,30000000,SB RFI,A7o,12,0.011233069,0,0,0.1428813,0.6813361,0.16454956,0.8242174
cfr-fixed-2.5bb-diagnostic,42,30000000,SB RFI,A8o,12,0.008006316,0,0,0.1695705,0.3027163,0.51970685,0.4722868
cfr-fixed-2.5bb-diagnostic,42,30000000,SB RFI,A9o,12,0.0049942806,0,0,0.36638412,0.43879485,0.18982668,0.80517897
cfr-fixed-2.5bb-diagnostic,42,30000000,SB RFI,ATo,12,0.003920921,0,0,0.1917626,0.47482082,0.3294957,0.66658342
cfr-fixed-2.5bb-diagnostic,42,30000000,SB RFI,AJo,12,0.0028927594,0,0,0.46011212,0.36736858,0.16962655,0.8274807
cfr-fixed-2.5bb-diagnostic,42,30000000,SB RFI,AQo,12,0.0033440304,0,0,0.14093463,0.26569876,0.5900226,0.40663339
cfr-fixed-2.5bb-diagnostic,42,30000000,SB RFI,AKo,12,0.0017402443,0,0,0.3897437,0.32143247,0.28708363,0.7111761700000001
joint-final,42,30000000,UTG RFI,22,6,0.9247455,0.016537245,0.018963678,0,0.03975347,0,0.075254393
joint-final,42,30000000,UTG RFI,33,6,0.8986862,0.030840674,0.024775352,0,0.04569782,0,0.101313846
joint-final,42,30000000,UTG RFI,44,6,0.65767103,0.08115356,0.079897694,0,0.18127765,0,0.34232890400000004
joint-final,42,30000000,UTG RFI,55,6,0.0404057,0.5901461,0.1324622,0,0.23698598,0,0.95959428
joint-final,42,30000000,UTG RFI,66,6,0.010058655,0.27966583,0.59350985,0,0.11676564,0,0.98994132
joint-final,42,30000000,UTG RFI,77,6,0.007896262,0.7032478,0.12500955,0,0.1638464,0,0.99210375
joint-final,42,30000000,UTG RFI,88,6,0.004735542,0.44510388,0.43347073,0,0.11668991,0,0.99526452
joint-final,42,30000000,UTG RFI,99,6,0.0023878445,0.38508692,0.48526773,0,0.1272575,0,0.99761215
joint-final,42,30000000,UTG RFI,TT,6,0.0022851343,0.17449793,0.7156583,0,0.107558645,0,0.997714875
joint-final,42,30000000,UTG RFI,JJ,6,0.001146226,0.27465788,0.5025583,0,0.22163758,0,0.99885376
joint-final,42,30000000,UTG RFI,QQ,6,0.0010037513,0.30534318,0.62114084,0,0.07251226,0,0.9989962800000001
joint-final,42,30000000,UTG RFI,KK,6,0.0005446846,0.51118606,0.43966246,0,0.0486068,0,0.9994553199999999
joint-final,42,30000000,UTG RFI,AA,6,0.00043574566,0.493572,0.45505837,0,0.05093398,0,0.99956435
joint-final,42,30000000,UTG RFI,32s,4,0.967779,0.00845392,0.006935175,0,0.016831895,0,0.03222099
joint-final,42,30000000,UTG RFI,42s,4,0.96348315,0.009895941,0.009123615,0,0.017497232,0,0.036516788
joint-final,42,30000000,UTG RFI,43s,4,0.95968556,0.011042991,0.008649192,0,0.020622242,0,0.040314425
joint-final,42,30000000,UTG RFI,52s,4,0.96410036,0.009667488,0.009182295,0,0.01704994,0,0.035899723
joint-final,42,30000000,UTG RFI,53s,4,0.953719,0.015441329,0.011286354,0,0.01955326,0,0.046280943
joint-final,42,30000000,UTG RFI,54s,4,0.9325501,0.019504227,0.014863389,0,0.03308229,0,0.067449906
joint-final,42,30000000,UTG RFI,62s,4,0.96098214,0.010970944,0.010096002,0,0.017950881,0,0.039017827
joint-final,42,30000000,UTG RFI,63s,4,0.9565036,0.012016659,0.01161146,0,0.01986824,0,0.043496359
joint-final,42,30000000,UTG RFI,64s,4,0.9504985,0.014027783,0.013857892,0,0.02161574,0,0.049501415
joint-final,42,30000000,UTG RFI,65s,4,0.9304552,0.021813786,0.014812416,0,0.03291856,0,0.069544762
joint-final,42,30000000,UTG RFI,72s,4,0.9686209,0.008889319,0.0070274356,0,0.015462314,0,0.0313790686
joint-final,42,30000000,UTG RFI,73s,4,0.96183735,0.010277499,0.010091189,0,0.017793965,0,0.038162653
joint-final,42,30000000,UTG RFI,74s,4,0.95121914,0.012140549,0.010874499,0,0.025765868,0,0.048780916
joint-final,42,30000000,UTG RFI,75s,4,0.94221145,0.015158145,0.01703362,0,0.025596824,0,0.057788589
joint-final,42,30000000,UTG RFI,76s,4,0.932016,0.01917436,0.021028353,0,0.02778124,0,0.067983953
joint-final,42,30000000,UTG RFI,82s,4,0.96622604,0.007198337,0.010113519,0,0.016462112,0,0.033773968
joint-final,42,30000000,UTG RFI,83s,4,0.96449196,0.008932331,0.008468831,0,0.018106874,0,0.035508036
joint-final,42,30000000,UTG RFI,84s,4,0.9584434,0.011799645,0.010834517,0,0.018922405,0,0.041556567
joint-final,42,30000000,UTG RFI,85s,4,0.9430728,0.017262071,0.017299842,0,0.022365361,0,0.056927274
joint-final,42,30000000,UTG RFI,86s,4,0.92309564,0.020980518,0.025415095,0,0.030508729,0,0.076904342
joint-final,42,30000000,UTG RFI,87s,4,0.89004654,0.025970066,0.04789287,0,0.036090564,0,0.1099535
joint-final,42,30000000,UTG RFI,92s,4,0.9681022,0.008669772,0.008865897,0,0.0143621275,0,0.0318977965
joint-final,42,30000000,UTG RFI,93s,4,0.96041936,0.010911659,0.010456761,0,0.018212223,0,0.039580643
joint-final,42,30000000,UTG RFI,94s,4,0.9611771,0.010545048,0.009110178,0,0.019167615,0,0.038822841
joint-final,42,30000000,UTG RFI,95s,4,0.9468008,0.01437703,0.017899863,0,0.020922296,0,0.053199189
joint-final,42,30000000,UTG RFI,96s,4,0.93344665,0.01802179,0.020427588,0,0.02810397,0,0.066553348
joint-final,42,30000000,UTG RFI,97s,4,0.8845914,0.055113,0.030940127,0,0.029355465,0,0.115408592
joint-final,42,30000000,UTG RFI,98s,4,0.8524884,0.046500865,0.05667747,0,0.04433326,0,0.147511595
joint-final,42,30000000,UTG RFI,T2s,4,0.9579504,0.012130033,0.01037506,0,0.019544488,0,0.042049581
joint-final,42,30000000,UTG RFI,T3s,4,0.955837,0.012073989,0.012104682,0,0.019984357,0,0.044163028
joint-final,42,30000000,UTG RFI,T4s,4,0.95086193,0.013391004,0.015419307,0,0.020327736,0,0.049138047
joint-final,42,30000000,UTG RFI,T5s,4,0.9477841,0.015941065,0.014125806,0,0.022148956,0,0.052215827
joint-final,42,30000000,UTG RFI,T6s,4,0.9296825,0.02575507,0.017774504,0,0.026787871,0,0.070317445
joint-final,42,30000000,UTG RFI,T7s,4,0.88172346,0.047590382,0.030344132,0,0.040342033,0,0.118276547
joint-final,42,30000000,UTG RFI,T8s,4,0.79457814,0.05408051,0.08456453,0,0.06677693,0,0.20542197
joint-final,42,30000000,UTG RFI,T9s,4,0.24261273,0.5779351,0.09580429,0,0.08364788,0,0.7573872700000001
joint-final,42,30000000,UTG RFI,J2s,4,0.9511641,0.012015669,0.013368054,0,0.02345217,0,0.048835893000000005
joint-final,42,30000000,UTG RFI,J3s,4,0.9466906,0.014204185,0.0148821045,0,0.024223104,0,0.053309393499999996
joint-final,42,30000000,UTG RFI,J4s,4,0.94830894,0.016093818,0.014481297,0,0.021115908,0,0.051691023
joint-final,42,30000000,UTG RFI,J5s,4,0.93734825,0.015802564,0.020532133,0,0.026316976,0,0.062651673
joint-final,42,30000000,UTG RFI,J6s,4,0.92577416,0.026306562,0.02120728,0,0.026712025,0,0.074225867
joint-final,42,30000000,UTG RFI,J7s,4,0.89824426,0.042348623,0.021758836,0,0.037648354,0,0.101755813
joint-final,42,30000000,UTG RFI,J8s,4,0.70565844,0.13568172,0.09077692,0,0.06788293,0,0.29434157
joint-final,42,30000000,UTG RFI,J9s,4,0.47502896,0.20275247,0.23133267,0,0.0908859,0,0.5249710399999999
joint-final,42,30000000,UTG RFI,JTs,4,0.036127396,0.25851917,0.51321024,0,0.19214325,0,0.96387266
joint-final,42,30000000,UTG RFI,Q2s,4,0.94275767,0.01511992,0.016208155,0,0.025914254,0,0.057242329
joint-final,42,30000000,UTG RFI,Q3s,4,0.9371526,0.019143993,0.016523996,0,0.027179325,0,0.062847314
joint-final,42,30000000,UTG RFI,Q4s,4,0.9251937,0.025643064,0.021903537,0,0.027259614,0,0.07480621500000001
joint-final,42,30000000,UTG RFI,Q5s,4,0.89523697,0.03225157,0.036991358,0,0.035520077,0,0.10476300499999999
joint-final,42,30000000,UTG RFI,Q6s,4,0.87489986,0.055240072,0.033070967,0,0.036789153,0,0.125100192
joint-final,42,30000000,UTG RFI,Q7s,4,0.86923736,0.03525354,0.05488373,0,0.040625364,0,0.130762634
joint-final,42,30000000,UTG RFI,Q8s,4,0.58958524,0.06034628,0.27627176,0,0.07379672,0,0.41041476
joint-final,42,30000000,UTG RFI,Q9s,4,0.061484933,0.5906201,0.1313334,0,0.21656154,0,0.93851504
joint-final,42,30000000,UTG RFI,QTs,4,0.020260103,0.5302965,0.21572444,0,0.23371892,0,0.9797398599999999
joint-final,42,30000000,UTG RFI,QJs,4,0.012665117,0.30664787,0.37827697,0,0.30241004,0,0.9873348799999999
joint-final,42,30000000,UTG RFI,K2s,4,0.89268416,0.028729571,0.031575218,0,0.047011036,0,0.107315825
joint-final,42,30000000,UTG RFI,K3s,4,0.8930779,0.040324338,0.022710498,0,0.043887332,0,0.106922168
joint-final,42,30000000,UTG RFI,K4s,4,0.82476664,0.046896826,0.08892877,0,0.03940775,0,0.175233346
joint-final,42,30000000,UTG RFI,K5s,4,0.7873055,0.11723569,0.05167087,0,0.043787982,0,0.21269454200000001
joint-final,42,30000000,UTG RFI,K6s,4,0.6210811,0.17346254,0.1527737,0,0.052682634,0,0.378918874
joint-final,42,30000000,UTG RFI,K7s,4,0.2065178,0.5046618,0.19794676,0,0.09087362,0,0.79348218
joint-final,42,30000000,UTG RFI,K8s,4,0.4087474,0.08125801,0.39290854,0,0.117086045,0,0.5912525949999999
joint-final,42,30000000,UTG RFI,K9s,4,0.041400004,0.69534177,0.091754355,0,0.17150387,0,0.9585999949999999
joint-final,42,30000000,UTG RFI,KTs,4,0.011957919,0.17711437,0.59461236,0,0.21631537,0,0.9880420999999999
joint-final,42,30000000,UTG RFI,KJs,4,0.0074484986,0.43536884,0.3285099,0,0.22867277,0,0.99255151
joint-final,42,30000000,UTG RFI,KQs,4,0.005113044,0.24682337,0.5183916,0,0.22967198,0,0.9948869499999999
joint-final,42,30000000,UTG RFI,A2s,4,0.1721566,0.15403882,0.18977135,0,0.48403323,0,0.8278434
joint-final,42,30000000,UTG RFI,A3s,4,0.15583114,0.5314838,0.1385491,0,0.17413595,0,0.84416885
joint-final,42,30000000,UTG RFI,A4s,4,0.08953075,0.16666147,0.52557045,0,0.21823733,0,0.91046925
joint-final,42,30000000,UTG RFI,A5s,4,0.022841077,0.3896623,0.398304,0,0.18919261,0,0.97715891
joint-final,42,30000000,UTG RFI,A6s,4,0.02865525,0.10087088,0.27082187,0,0.599652,0,0.97134475
joint-final,42,30000000,UTG RFI,A7s,4,0.029306535,0.19509323,0.5700319,0,0.2055683,0,0.9706934300000001
joint-final,42,30000000,UTG RFI,A8s,4,0.011676945,0.29466215,0.28728965,0,0.40637127,0,0.9883230700000001
joint-final,42,30000000,UTG RFI,A9s,4,0.00963929,0.18987462,0.661884,0,0.13860214,0,0.9903607600000001
joint-final,42,30000000,UTG RFI,ATs,4,0.005125745,0.24186103,0.5652575,0,0.18775575,0,0.99487428
joint-final,42,30000000,UTG RFI,AJs,4,0.0031923458,0.39418894,0.15680131,0,0.4458174,0,0.9968076499999999
joint-final,42,30000000,UTG RFI,AQs,4,0.0030395992,0.6063616,0.13217226,0,0.25842658,0,0.99696044
joint-final,42,30000000,UTG RFI,AKs,4,0.0018541941,0.24924098,0.46120661,0,0.28769824,0,0.99814583
joint-final,42,30000000,UTG RFI,32o,12,0.9884299,0.0022880188,0.0019565944,0,0.0073254467,0,0.0115700599
joint-final,42,30000000,UTG RFI,42o,12,0.9878846,0.0020884546,0.0022189845,0,0.0078080115,0,0.012115450600000001
joint-final,42,30000000,UTG RFI,43o,12,0.9857537,0.0029727651,0.0027278676,0,0.008545662,0,0.0142462947
joint-final,42,30000000,UTG RFI,52o,12,0.9867124,0.0025064345,0.0025524953,0,0.008228649,0,0.0132875788
joint-final,42,30000000,UTG RFI,53o,12,0.984328,0.0034684874,0.0032346232,0,0.008968995,0,0.0156721056
joint-final,42,30000000,UTG RFI,54o,12,0.9806568,0.004255855,0.004664267,0,0.010423076,0,0.019343198
joint-final,42,30000000,UTG RFI,62o,12,0.9878395,0.002225709,0.0019865308,0,0.0079482095,0,0.012160449299999999
joint-final,42,30000000,UTG RFI,63o,12,0.9861807,0.0028595626,0.0028942984,0,0.008065386,0,0.013819247000000002
joint-final,42,30000000,UTG RFI,64o,12,0.9828296,0.004029112,0.0033440231,0,0.009797361,0,0.017170496099999998
joint-final,42,30000000,UTG RFI,65o,12,0.97833455,0.0047422647,0.005461481,0,0.01146174,0,0.0216654857
joint-final,42,30000000,UTG RFI,72o,12,0.98951584,0.002050233,0.0018657263,0,0.0065682423,0,0.0104842016
joint-final,42,30000000,UTG RFI,73o,12,0.9871218,0.002610134,0.0023923402,0,0.007875725,0,0.012878199199999999
joint-final,42,30000000,UTG RFI,74o,12,0.98392594,0.0035886215,0.0032835447,0,0.009201905,0,0.016074071199999998
joint-final,42,30000000,UTG RFI,75o,12,0.9818638,0.003844828,0.003951076,0,0.010340339,0,0.018136243
joint-final,42,30000000,UTG RFI,76o,12,0.9765446,0.00560356,0.0061956816,0,0.011656097,0,0.0234553386
joint-final,42,30000000,UTG RFI,82o,12,0.9877753,0.0023474307,0.0023710683,0,0.0075061927,0,0.0122246917
joint-final,42,30000000,UTG RFI,83o,12,0.9881471,0.0023240051,0.0021589736,0,0.007369924,0,0.011852902700000001
joint-final,42,30000000,UTG RFI,84o,12,0.98538005,0.0031471804,0.0029203838,0,0.0085523855,0,0.0146199497
joint-final,42,30000000,UTG RFI,85o,12,0.98197275,0.0043749353,0.0038916692,0,0.00976068,0,0.0180272845
joint-final,42,30000000,UTG RFI,86o,12,0.9782967,0.005240038,0.005493838,0,0.010969359,0,0.021703235
joint-final,42,30000000,UTG RFI,87o,12,0.9715628,0.0075489413,0.0067495564,0,0.014138721,0,0.0284372187
joint-final,42,30000000,UTG RFI,92o,12,0.98812646,0.002471052,0.0022199806,0,0.007182516,0,0.0118735486
joint-final,42,30000000,UTG RFI,93o,12,0.98672575,0.002820439,0.002440232,0,0.008013628,0,0.013274299
joint-final,42,30000000,UTG RFI,94o,12,0.98629916,0.0029012086,0.0026419521,0,0.008157636,0,0.0137007967
joint-final,42,30000000,UTG RFI,95o,12,0.9842135,0.0033447929,0.0034572806,0,0.008984355,0,0.015786428499999998
joint-final,42,30000000,UTG RFI,96o,12,0.9792753,0.0044300123,0.0051749633,0,0.011119703,0,0.0207246786
joint-final,42,30000000,UTG RFI,97o,12,0.97359496,0.0074279536,0.0070227203,0,0.011954303,0,0.026404976900000002
joint-final,42,30000000,UTG RFI,98o,12,0.96248335,0.011515526,0.010333373,0,0.015667757,0,0.037516656
joint-final,42,30000000,UTG RFI,T2o,12,0.9858755,0.0028788517,0.0031060947,0,0.008139583,0,0.0141245294
joint-final,42,30000000,UTG RFI,T3o,12,0.9855954,0.0031520594,0.0031995822,0,0.008053028,0,0.0144046696
joint-final,42,30000000,UTG RFI,T4o,12,0.9843949,0.0032809267,0.003553981,0,0.008770126,0,0.0156050337
joint-final,42,30000000,UTG RFI,T5o,12,0.98391324,0.0037373987,0.0036072694,0,0.008742121,0,0.0160867891
joint-final,42,30000000,UTG RFI,T6o,12,0.9794181,0.0047979024,0.004744146,0,0.011039856,0,0.0205819044
joint-final,42,30000000,UTG RFI,T7o,12,0.97449905,0.0064623863,0.007975865,0,0.011062712,0,0.025500963300000002
joint-final,42,30000000,UTG RFI,T8o,12,0.96498436,0.0106077455,0.010173801,0,0.014234076,0,0.035015622499999996
joint-final,42,30000000,UTG RFI,T9o,12,0.93971103,0.027335532,0.015970118,0,0.016983254,0,0.060288904
joint-final,42,30000000,UTG RFI,J2o,12,0.98445183,0.0036619192,0.0033623814,0,0.008523778,0,0.0155480786
joint-final,42,30000000,UTG RFI,J3o,12,0.98403054,0.0037686608,0.0036835833,0,0.008517227,0,0.0159694711
joint-final,42,30000000,UTG RFI,J4o,12,0.98248255,0.0041085053,0.0039710156,0,0.009437971,0,0.0175174919
joint-final,42,30000000,UTG RFI,J5o,12,0.9814008,0.0045823357,0.003964789,0,0.010052131,0,0.0185992557
joint-final,42,30000000,UTG RFI,J6o,12,0.979623,0.0049808645,0.0051909834,0,0.010205104,0,0.0203769519
joint-final,42,30000000,UTG RFI,J7o,12,0.9727161,0.0072698444,0.0066696615,0,0.013344348,0,0.027283853900000002
joint-final,42,30000000,UTG RFI,J8o,12,0.96550447,0.0089727165,0.009277436,0,0.01624549,0,0.0344956425
joint-final,42,30000000,UTG RFI,J9o,12,0.9364767,0.022174127,0.023425408,0,0.017923724,0,0.063523259
joint-final,42,30000000,UTG RFI,JTo,12,0.5940673,0.11616702,0.2502563,0,0.039509416,0,0.40593273599999996
joint-final,42,30000000,UTG RFI,Q2o,12,0.9812102,0.0043789474,0.0043826587,0,0.010028171,0,0.018789777100000002
joint-final,42,30000000,UTG RFI,Q3o,12,0.98098975,0.0045177364,0.0042702598,0,0.010222263,0,0.0190102592
joint-final,42,30000000,UTG RFI,Q4o,12,0.97919595,0.0059302207,0.004801525,0,0.010072324,0,0.0208040697
joint-final,42,30000000,UTG RFI,Q5o,12,0.97661936,0.006317406,0.0056717745,0,0.011391459,0,0.0233806395
joint-final,42,30000000,UTG RFI,Q6o,12,0.9733085,0.006807483,0.0069599603,0,0.01292396,0,0.0266914033
joint-final,42,30000000,UTG RFI,Q7o,12,0.9730073,0.0066562346,0.007447471,0,0.012888884,0,0.0269925896
joint-final,42,30000000,UTG RFI,Q8o,12,0.95826066,0.013662836,0.011392889,0,0.016683703,0,0.041739428
joint-final,42,30000000,UTG RFI,Q9o,12,0.9110479,0.039905928,0.02494057,0,0.024105584,0,0.088952082
joint-final,42,30000000,UTG RFI,QTo,12,0.48261037,0.1437108,0.33139378,0,0.042285006,0,0.5173895860000001
joint-final,42,30000000,UTG RFI,QJo,12,0.03592817,0.5248258,0.38875303,0,0.05049295,0,0.96407178
joint-final,42,30000000,UTG RFI,K2o,12,0.97531796,0.006828933,0.005640009,0,0.0122130485,0,0.0246819905
joint-final,42,30000000,UTG RFI,K3o,12,0.97334105,0.0071024764,0.0068742824,0,0.012682186,0,0.0266589448
joint-final,42,30000000,UTG RFI,K4o,12,0.9705972,0.007338543,0.0077316677,0,0.014332577,0,0.029402787700000002
joint-final,42,30000000,UTG RFI,K5o,12,0.9633993,0.010477405,0.010186613,0,0.015936738,0,0.036600756
joint-final,42,30000000,UTG RFI,K6o,12,0.9556297,0.013476211,0.01476761,0,0.01612654,0,0.044370361000000004
joint-final,42,30000000,UTG RFI,K7o,12,0.9503538,0.016625013,0.013858413,0,0.019162802,0,0.049646228
joint-final,42,30000000,UTG RFI,K8o,12,0.9400387,0.018177267,0.018532,0,0.023252012,0,0.059961279
joint-final,42,30000000,UTG RFI,K9o,12,0.6042735,0.10020246,0.26486135,0,0.030662669,0,0.39572647899999996
joint-final,42,30000000,UTG RFI,KTo,12,0.023371246,0.27480924,0.6301497,0,0.07166975,0,0.9766286900000001
joint-final,42,30000000,UTG RFI,KJo,12,0.012570455,0.67973244,0.2341148,0,0.073582314,0,0.987429554
joint-final,42,30000000,UTG RFI,KQo,12,0.006335095,0.2546835,0.60719585,0,0.13178553,0,0.99366488
joint-final,42,30000000,UTG RFI,A2o,12,0.93108153,0.018229045,0.025601167,0,0.025088241,0,0.068918453
joint-final,42,30000000,UTG RFI,A3o,12,0.8723091,0.021559654,0.0788846,0,0.027246563,0,0.127690817
joint-final,42,30000000,UTG RFI,A4o,12,0.84435374,0.06622965,0.040630706,0,0.048785962,0,0.155646318
joint-final,42,30000000,UTG RFI,A5o,12,0.5599871,0.29795983,0.10116125,0,0.04089183,0,0.44001291
joint-final,42,30000000,UTG RFI,A6o,12,0.7796325,0.09454023,0.092873044,0,0.032954164,0,0.220367438
joint-final,42,30000000,UTG RFI,A7o,12,0.28402808,0.11648317,0.53019685,0,0.0692919,0,0.7159719200000001
joint-final,42,30000000,UTG RFI,A8o,12,0.07245388,0.68944925,0.16336073,0,0.074736156,0,0.927546136
joint-final,42,30000000,UTG RFI,A9o,12,0.019738978,0.64310527,0.19229272,0,0.14486308,0,0.98026107
joint-final,42,30000000,UTG RFI,ATo,12,0.0046416284,0.45794567,0.44567606,0,0.09173671,0,0.99535844
joint-final,42,30000000,UTG RFI,AJo,12,0.0024879524,0.38882446,0.40962404,0,0.19906354,0,0.99751204
joint-final,42,30000000,UTG RFI,AQo,12,0.0025619206,0.16974041,0.69054437,0,0.13715331,0,0.99743809
joint-final,42,30000000,UTG RFI,AKo,12,0.0015323715,0.58231944,0.295193,0,0.12095524,0,0.99846768
joint-final,42,30000000,HJ RFI,22,6,0.91482306,0.026135447,0.015114238,0,0.043927222,0,0.085176907
joint-final,42,30000000,HJ RFI,33,6,0.82563406,0.035646316,0.047680095,0,0.09103951,0,0.174365921
joint-final,42,30000000,HJ RFI,44,6,0.4167761,0.18209526,0.07595779,0,0.32517087,0,0.58322392
joint-final,42,30000000,HJ RFI,55,6,0.053008176,0.34295267,0.10267696,0,0.5013622,0,0.94699183
joint-final,42,30000000,HJ RFI,66,6,0.009639198,0.4662923,0.22741655,0,0.29665193,0,0.99036078
joint-final,42,30000000,HJ RFI,77,6,0.0076403664,0.3841746,0.30439672,0,0.30378827,0,0.99235959
joint-final,42,30000000,HJ RFI,88,6,0.00422582,0.2379014,0.54885876,0,0.2090141,0,0.99577426
joint-final,42,30000000,HJ RFI,99,6,0.0037834877,0.17809188,0.67007023,0,0.14805442,0,0.99621653
joint-final,42,30000000,HJ RFI,TT,6,0.0017645411,0.4520717,0.37268445,0,0.17347936,0,0.99823551
joint-final,42,30000000,HJ RFI,JJ,6,0.0017994536,0.22311969,0.6428899,0,0.13219093,0,0.99820052
joint-final,42,30000000,HJ RFI,QQ,6,0.0013296545,0.22994906,0.649103,0,0.11961832,0,0.99867038
joint-final,42,30000000,HJ RFI,KK,6,0.00073100044,0.37858686,0.5553022,0,0.065379955,0,0.999269015
joint-final,42,30000000,HJ RFI,AA,6,0.0006139992,0.7397587,0.1993348,0,0.060292613,0,0.999386113
joint-final,42,30000000,HJ RFI,32s,4,0.96497667,0.008556383,0.007066411,0,0.019400427,0,0.035023221
joint-final,42,30000000,HJ RFI,42s,4,0.96133715,0.009839964,0.007988712,0,0.020834167,0,0.038662843
joint-final,42,30000000,HJ RFI,43s,4,0.9536551,0.0101912515,0.012911407,0,0.023242153,0,0.0463448115
joint-final,42,30000000,HJ RFI,52s,4,0.9539858,0.009741966,0.0103288265,0,0.025943425,0,0.046014217499999996
joint-final,42,30000000,HJ RFI,53s,4,0.9471748,0.01390032,0.013554686,0,0.025370294,0,0.052825300000000006
joint-final,42,30000000,HJ RFI,54s,4,0.92460865,0.017878896,0.01937842,0,0.038134012,0,0.07539132800000001
joint-final,42,30000000,HJ RFI,62s,4,0.9589034,0.010876932,0.009777203,0,0.020442534,0,0.041096669
joint-final,42,30000000,HJ RFI,63s,4,0.9503628,0.012270227,0.013393458,0,0.023973595,0,0.04963728
joint-final,42,30000000,HJ RFI,64s,4,0.94312423,0.013656806,0.0159624,0,0.027256522,0,0.056875728
joint-final,42,30000000,HJ RFI,65s,4,0.9217131,0.020330083,0.020855347,0,0.03710141,0,0.07828684
joint-final,42,30000000,HJ RFI,72s,4,0.9639404,0.007751851,0.008878556,0,0.019429196,0,0.036059602999999996
joint-final,42,30000000,HJ RFI,73s,4,0.9534237,0.010260822,0.013668841,0,0.022646656,0,0.046576319
joint-final,42,30000000,HJ RFI,74s,4,0.94696116,0.013037881,0.017315881,0,0.022684999,0,0.053038761000000004
joint-final,42,30000000,HJ RFI,75s,4,0.9367329,0.0153635135,0.017375765,0,0.030527834,0,0.0632671125
joint-final,42,30000000,HJ RFI,76s,4,0.8991307,0.034584258,0.021524481,0,0.044760518,0,0.100869257
joint-final,42,30000000,HJ RFI,82s,4,0.9567582,0.0113357995,0.009455678,0,0.022450259,0,0.0432417365
joint-final,42,30000000,HJ RFI,83s,4,0.9614915,0.009169952,0.009844738,0,0.019493857,0,0.038508547000000004
joint-final,42,30000000,HJ RFI,84s,4,0.9423393,0.014087726,0.0150914285,0,0.028481586,0,0.0576607405
joint-final,42,30000000,HJ RFI,85s,4,0.9360967,0.016608553,0.016067592,0,0.03122724,0,0.06390338500000001
joint-final,42,30000000,HJ RFI,86s,4,0.9052263,0.023557883,0.028751308,0,0.042464457,0,0.094773648
joint-final,42,30000000,HJ RFI,87s,4,0.8961696,0.028050875,0.03157891,0,0.044200607,0,0.10383039200000001
joint-final,42,30000000,HJ RFI,92s,4,0.954128,0.011470228,0.0131594045,0,0.02124235,0,0.0458719825
joint-final,42,30000000,HJ RFI,93s,4,0.951644,0.011876571,0.012549218,0,0.023930198,0,0.048355987
joint-final,42,30000000,HJ RFI,94s,4,0.9539413,0.012125356,0.0126479855,0,0.021285325,0,0.0460586665
joint-final,42,30000000,HJ RFI,95s,4,0.93986005,0.017864417,0.015091737,0,0.027183918,0,0.060140072
joint-final,42,30000000,HJ RFI,96s,4,0.91858774,0.020286795,0.02013609,0,0.04098942,0,0.08141230499999999
joint-final,42,30000000,HJ RFI,97s,4,0.8899363,0.025512556,0.033769548,0,0.050781637,0,0.11006374099999999
joint-final,42,30000000,HJ RFI,98s,4,0.80712396,0.070947126,0.06553993,0,0.05638901,0,0.192876066
joint-final,42,30000000,HJ RFI,T2s,4,0.95139337,0.011403689,0.0132105425,0,0.023992311,0,0.0486065425
joint-final,42,30000000,HJ RFI,T3s,4,0.9509395,0.014624846,0.012252859,0,0.022182781,0,0.049060486
joint-final,42,30000000,HJ RFI,T4s,4,0.94324243,0.017001646,0.014622406,0,0.025133487,0,0.056757538999999996
joint-final,42,30000000,HJ RFI,T5s,4,0.94189113,0.019508485,0.01411372,0,0.024486694,0,0.058108899
joint-final,42,30000000,HJ RFI,T6s,4,0.91715544,0.020015474,0.023415592,0,0.039413385,0,0.082844451
joint-final,42,30000000,HJ RFI,T7s,4,0.8755552,0.049922965,0.03467865,0,0.039843194,0,0.12444480899999999
joint-final,42,30000000,HJ RFI,T8s,4,0.8121553,0.05836461,0.04648695,0,0.08299312,0,0.18784467999999999
joint-final,42,30000000,HJ RFI,T9s,4,0.46040905,0.36253875,0.12194863,0,0.05510359,0,0.53959097
joint-final,42,30000000,HJ RFI,J2s,4,0.9418459,0.0180003,0.01711001,0,0.023043774,0,0.058154083999999995
joint-final,42,30000000,HJ RFI,J3s,4,0.9265149,0.015317315,0.016104445,0,0.04206333,0,0.07348509
joint-final,42,30000000,HJ RFI,J4s,4,0.930319,0.020254333,0.019777413,0,0.0296492,0,0.069680946
joint-final,42,30000000,HJ RFI,J5s,4,0.91750616,0.028581785,0.021593668,0,0.032318357,0,0.08249381
joint-final,42,30000000,HJ RFI,J6s,4,0.9181013,0.030128803,0.021572016,0,0.030197842,0,0.081898661
joint-final,42,30000000,HJ RFI,J7s,4,0.8747299,0.04601156,0.042850677,0,0.03640787,0,0.125270107
joint-final,42,30000000,HJ RFI,J8s,4,0.66456264,0.050017398,0.22408918,0,0.061330814,0,0.335437392
joint-final,42,30000000,HJ RFI,J9s,4,0.3846073,0.3686316,0.18878211,0,0.057979032,0,0.615392742
joint-final,42,30000000,HJ RFI,JTs,4,0.039018672,0.5269373,0.22914644,0,0.2048976,0,0.96098134
joint-final,42,30000000,HJ RFI,Q2s,4,0.93242866,0.017844046,0.021285709,0,0.02844163,0,0.067571385
joint-final,42,30000000,HJ RFI,Q3s,4,0.9275963,0.021328328,0.01921613,0,0.031859327,0,0.072403785
joint-final,42,30000000,HJ RFI,Q4s,4,0.91001666,0.027040279,0.0180195,0,0.044923633,0,0.089983412
joint-final,42,30000000,HJ RFI,Q5s,4,0.88889194,0.025110602,0.04828907,0,0.03770843,0,0.111108102
joint-final,42,30000000,HJ RFI,Q6s,4,0.87907875,0.04278323,0.044893973,0,0.033243958,0,0.120921161
joint-final,42,30000000,HJ RFI,Q7s,4,0.8361185,0.054712594,0.056233045,0,0.052935805,0,0.16388144400000001
joint-final,42,30000000,HJ RFI,Q8s,4,0.5604842,0.19493489,0.15058699,0,0.09399399,0,0.43951587000000003
joint-final,42,30000000,HJ RFI,Q9s,4,0.3131061,0.13441527,0.3566451,0,0.19583356,0,0.68689393
joint-final,42,30000000,HJ RFI,QTs,4,0.025064336,0.5532491,0.18727766,0,0.23440887,0,0.97493563
joint-final,42,30000000,HJ RFI,QJs,4,0.012853261,0.35853705,0.48523542,0,0.14337431,0,0.98714678
joint-final,42,30000000,HJ RFI,K2s,4,0.8154743,0.09555663,0.0393985,0,0.04957053,0,0.18452566
joint-final,42,30000000,HJ RFI,K3s,4,0.87260556,0.02676242,0.05658374,0,0.0440483,0,0.12739446
joint-final,42,30000000,HJ RFI,K4s,4,0.83451915,0.0631439,0.052456267,0,0.04988066,0,0.165480827
joint-final,42,30000000,HJ RFI,K5s,4,0.801597,0.06519642,0.072782576,0,0.060423985,0,0.198402981
joint-final,42,30000000,HJ RFI,K6s,4,0.71164566,0.15318383,0.066016264,0,0.06915425,0,0.288354344
joint-final,42,30000000,HJ RFI,K7s,4,0.34551746,0.35514858,0.17335242,0,0.1259816,0,0.6544826
joint-final,42,30000000,HJ RFI,K8s,4,0.19444351,0.39989352,0.33059168,0,0.075071275,0,0.805556475
joint-final,42,30000000,HJ RFI,K9s,4,0.07562229,0.46830767,0.19058265,0,0.26548737,0,0.92437769
joint-final,42,30000000,HJ RFI,KTs,4,0.018043768,0.12897463,0.29111192,0,0.56186974,0,0.9819562900000001
joint-final,42,30000000,HJ RFI,KJs,4,0.008163804,0.5797717,0.28684372,0,0.1252207,0,0.99183612
joint-final,42,30000000,HJ RFI,KQs,4,0.0065441187,0.40660906,0.4349247,0,0.15192215,0,0.99345591
joint-final,42,30000000,HJ RFI,A2s,4,0.1496209,0.29194415,0.43155578,0,0.12687917,0,0.8503791
joint-final,42,30000000,HJ RFI,A3s,4,0.05696619,0.101837434,0.36487502,0,0.47632134,0,0.943033794
joint-final,42,30000000,HJ RFI,A4s,4,0.11216128,0.26397464,0.09954453,0,0.52431947,0,0.88783864
joint-final,42,30000000,HJ RFI,A5s,4,0.025347106,0.36096826,0.33377066,0,0.27991396,0,0.97465288
joint-final,42,30000000,HJ RFI,A6s,4,0.03613522,0.5602394,0.1795353,0,0.2240902,0,0.9638649
joint-final,42,30000000,HJ RFI,A7s,4,0.028660709,0.24914734,0.24930646,0,0.47288555,0,0.97133935
joint-final,42,30000000,HJ RFI,A8s,4,0.011781367,0.22791095,0.4705769,0,0.28973073,0,0.9882185800000001
joint-final,42,30000000,HJ RFI,A9s,4,0.0076132794,0.37060374,0.3321589,0,0.2896241,0,0.9923867399999999
joint-final,42,30000000,HJ RFI,ATs,4,0.0058690086,0.6236098,0.21987285,0,0.15064842,0,0.99413107
joint-final,42,30000000,HJ RFI,AJs,4,0.0043317038,0.26392046,0.21685514,0,0.51489276,0,0.99566836
joint-final,42,30000000,HJ RFI,AQs,4,0.0024336698,0.28032562,0.3522347,0,0.36500603,0,0.99756635
joint-final,42,30000000,HJ RFI,AKs,4,0.0028795025,0.07630332,0.34608027,0,0.57473695,0,0.99712054
joint-final,42,30000000,HJ RFI,32o,12,0.9865234,0.0022020312,0.0024456438,0,0.008828958,0,0.013476633
joint-final,42,30000000,HJ RFI,42o,12,0.98537314,0.0026660038,0.0025423334,0,0.009418488,0,0.014626825199999999
joint-final,42,30000000,HJ RFI,43o,12,0.98293287,0.0033207189,0.0032687318,0,0.010477601,0,0.0170670517
joint-final,42,30000000,HJ RFI,52o,12,0.98481506,0.0023892897,0.0029726508,0,0.009823034,0,0.0151849745
joint-final,42,30000000,HJ RFI,53o,12,0.98160183,0.0035075105,0.0040926463,0,0.010797988,0,0.0183981448
joint-final,42,30000000,HJ RFI,54o,12,0.97888947,0.0042827027,0.004783009,0,0.012044857,0,0.021110568700000002
joint-final,42,30000000,HJ RFI,62o,12,0.9853509,0.0024237472,0.0027052274,0,0.009520132,0,0.0146491066
joint-final,42,30000000,HJ RFI,63o,12,0.98391604,0.0031182296,0.0028352446,0,0.010130508,0,0.0160839822
joint-final,42,30000000,HJ RFI,64o,12,0.9802087,0.0039733686,0.004236819,0,0.011581151,0,0.0197913386
joint-final,42,30000000,HJ RFI,65o,12,0.97676533,0.0054083485,0.0054915347,0,0.0123348385,0,0.023234721700000002
joint-final,42,30000000,HJ RFI,72o,12,0.9871683,0.002207728,0.0021690372,0,0.0084549,0,0.0128316652
joint-final,42,30000000,HJ RFI,73o,12,0.9849403,0.0027328364,0.0029861627,0,0.009340668,0,0.0150596671
joint-final,42,30000000,HJ RFI,74o,12,0.98179007,0.0038300992,0.0030805212,0,0.011299276,0,0.0182098964
joint-final,42,30000000,HJ RFI,75o,12,0.97619224,0.005230683,0.0049441005,0,0.013632946,0,0.0238077295
joint-final,42,30000000,HJ RFI,76o,12,0.970936,0.0072807977,0.006728232,0,0.015054957,0,0.029063986700000002
joint-final,42,30000000,HJ RFI,82o,12,0.9862144,0.0024379918,0.0023662879,0,0.00898137,0,0.013785649700000001
joint-final,42,30000000,HJ RFI,83o,12,0.98582,0.002554671,0.0030543352,0,0.008570969,0,0.0141799752
joint-final,42,30000000,HJ RFI,84o,12,0.9823505,0.003231414,0.003625196,0,0.010792853,0,0.017649463
joint-final,42,30000000,HJ RFI,85o,12,0.978773,0.004859891,0.004506083,0,0.01186093,0,0.021226904
joint-final,42,30000000,HJ RFI,86o,12,0.97491986,0.005742905,0.006727239,0,0.012609984,0,0.025080128
joint-final,42,30000000,HJ RFI,87o,12,0.9705643,0.0069891918,0.007768516,0,0.014678,0,0.0294357078
joint-final,42,30000000,HJ RFI,92o,12,0.9837918,0.0026105533,0.0032429239,0,0.010354691,0,0.016208168199999998
joint-final,42,30000000,HJ RFI,93o,12,0.98311096,0.0036200376,0.0034696118,0,0.009799375,0,0.0168890244
joint-final,42,30000000,HJ RFI,94o,12,0.9838528,0.0030439806,0.0032906183,0,0.009812643,0,0.016147241899999998
joint-final,42,30000000,HJ RFI,95o,12,0.9797942,0.00369775,0.0045721554,0,0.011935851,0,0.0202057564
joint-final,42,30000000,HJ RFI,96o,12,0.97582847,0.0056252996,0.0055770427,0,0.012969218,0,0.0241715603
joint-final,42,30000000,HJ RFI,97o,12,0.96957034,0.008176035,0.0069457474,0,0.015307843,0,0.0304296254
joint-final,42,30000000,HJ RFI,98o,12,0.95630044,0.0117805805,0.011225133,0,0.020693865,0,0.0436995785
joint-final,42,30000000,HJ RFI,T2o,12,0.9844962,0.003180814,0.0028538096,0,0.009469154,0,0.015503777600000001
joint-final,42,30000000,HJ RFI,T3o,12,0.9818623,0.0038240368,0.0032692351,0,0.011044473,0,0.018137744900000002
joint-final,42,30000000,HJ RFI,T4o,12,0.98228645,0.0036695693,0.003489791,0,0.010554174,0,0.0177135343
joint-final,42,30000000,HJ RFI,T5o,12,0.9810392,0.004343056,0.004112516,0,0.010505213,0,0.018960785
joint-final,42,30000000,HJ RFI,T6o,12,0.9742042,0.005735034,0.00554231,0,0.0145184295,0,0.0257957735
joint-final,42,30000000,HJ RFI,T7o,12,0.9685766,0.0075424155,0.0076477444,0,0.016233271,0,0.0314234309
joint-final,42,30000000,HJ RFI,T8o,12,0.9576816,0.01202324,0.012491187,0,0.01780402,0,0.042318447
joint-final,42,30000000,HJ RFI,T9o,12,0.93118703,0.02069646,0.023179142,0,0.024937412,0,0.068813014
joint-final,42,30000000,HJ RFI,J2o,12,0.9825979,0.0040061856,0.003592185,0,0.0098038195,0,0.0174021901
joint-final,42,30000000,HJ RFI,J3o,12,0.9797486,0.0044428525,0.004074924,0,0.01173356,0,0.0202513365
joint-final,42,30000000,HJ RFI,J4o,12,0.97851586,0.0051598204,0.004241841,0,0.012082493,0,0.0214841544
joint-final,42,30000000,HJ RFI,J5o,12,0.9758537,0.0055244523,0.0056677996,0,0.012954035,0,0.024146286899999998
joint-final,42,30000000,HJ RFI,J6o,12,0.9762528,0.0055559785,0.005142717,0,0.013048482,0,0.0237471775
joint-final,42,30000000,HJ RFI,J7o,12,0.9677667,0.008701785,0.008341735,0,0.01518975,0,0.03223327
joint-final,42,30000000,HJ RFI,J8o,12,0.95249844,0.01433925,0.015368461,0,0.017793879,0,0.047501589999999996
joint-final,42,30000000,HJ RFI,J9o,12,0.93487483,0.02057952,0.02412236,0,0.020423299,0,0.065125179
joint-final,42,30000000,HJ RFI,JTo,12,0.5865964,0.27465084,0.09841582,0,0.040336937,0,0.413403597
joint-final,42,30000000,HJ RFI,Q2o,12,0.9772519,0.005040363,0.004701352,0,0.013006394,0,0.022748109
joint-final,42,30000000,HJ RFI,Q3o,12,0.9772036,0.0052004447,0.0049332413,0,0.012662724,0,0.02279641
joint-final,42,30000000,HJ RFI,Q4o,12,0.9729345,0.0067947228,0.0062811505,0,0.013989619,0,0.0270654923
joint-final,42,30000000,HJ RFI,Q5o,12,0.9711737,0.0062581017,0.006794444,0,0.015773695,0,0.028826240700000002
joint-final,42,30000000,HJ RFI,Q6o,12,0.96859306,0.0077248504,0.008577104,0,0.015104979,0,0.0314069334
joint-final,42,30000000,HJ RFI,Q7o,12,0.9678396,0.008276435,0.0084362235,0,0.0154477395,0,0.032160398
joint-final,42,30000000,HJ RFI,Q8o,12,0.94931155,0.015075952,0.016445749,0,0.019166669,0,0.050688369999999996
joint-final,42,30000000,HJ RFI,Q9o,12,0.9062435,0.03239863,0.026223615,0,0.03513427,0,0.093756515
joint-final,42,30000000,HJ RFI,QTo,12,0.3122408,0.34611604,0.2936842,0,0.047958907,0,0.6877591470000001
joint-final,42,30000000,HJ RFI,QJo,12,0.11040261,0.47332296,0.3284621,0,0.08781236,0,0.88959742
joint-final,42,30000000,HJ RFI,K2o,12,0.9716896,0.0059012943,0.0063949204,0,0.016014205,0,0.0283104197
joint-final,42,30000000,HJ RFI,K3o,12,0.96738726,0.00819146,0.008844243,0,0.015577065,0,0.032612768
joint-final,42,30000000,HJ RFI,K4o,12,0.96174,0.010152567,0.009034804,0,0.019072607,0,0.038259978
joint-final,42,30000000,HJ RFI,K5o,12,0.95392746,0.012108875,0.010977019,0,0.022986626,0,0.04607252
joint-final,42,30000000,HJ RFI,K6o,12,0.94870114,0.013088748,0.015278793,0,0.022931311,0,0.051298852
joint-final,42,30000000,HJ RFI,K7o,12,0.93862516,0.017626172,0.020199893,0,0.023548827,0,0.061374892
joint-final,42,30000000,HJ RFI,K8o,12,0.9003762,0.041957133,0.022744186,0,0.03492243,0,0.099623749
joint-final,42,30000000,HJ RFI,K9o,12,0.6589589,0.19334877,0.09231572,0,0.055376563,0,0.341041053
joint-final,42,30000000,HJ RFI,KTo,12,0.026060415,0.47012264,0.38994324,0,0.11387373,0,0.97393961
joint-final,42,30000000,HJ RFI,KJo,12,0.01835075,0.33383727,0.5554917,0,0.09232032,0,0.98164929
joint-final,42,30000000,HJ RFI,KQo,12,0.0060153254,0.4594342,0.4417001,0,0.09285032,0,0.99398462
joint-final,42,30000000,HJ RFI,A2o,12,0.8827833,0.051450554,0.02389906,0,0.04186708,0,0.11721669400000001
joint-final,42,30000000,HJ RFI,A3o,12,0.8240377,0.0925905,0.045025993,0,0.03834588,0,0.175962373
joint-final,42,30000000,HJ RFI,A4o,12,0.7837364,0.104426,0.05840024,0,0.053437334,0,0.21626357400000001
joint-final,42,30000000,HJ RFI,A5o,12,0.5499985,0.26385364,0.13648626,0,0.049661547,0,0.450001447
joint-final,42,30000000,HJ RFI,A6o,12,0.65283746,0.1746939,0.10779333,0,0.06467536,0,0.34716259000000005
joint-final,42,30000000,HJ RFI,A7o,12,0.24169682,0.23797491,0.4419939,0,0.07833434,0,0.75830315
joint-final,42,30000000,HJ RFI,A8o,12,0.05186507,0.46782905,0.32095107,0,0.15935478,0,0.9481349
joint-final,42,30000000,HJ RFI,A9o,12,0.012836187,0.3109648,0.5405005,0,0.13569854,0,0.98716384
joint-final,42,30000000,HJ RFI,ATo,12,0.004558682,0.5470183,0.28574902,0,0.162674,0,0.99544132
joint-final,42,30000000,HJ RFI,AJo,12,0.0026357595,0.35815352,0.31030926,0,0.32890144,0,0.9973642199999999
joint-final,42,30000000,HJ RFI,AQo,12,0.0018675072,0.38982028,0.43367827,0,0.17463398,0,0.99813253
joint-final,42,30000000,HJ RFI,AKo,12,0.0019029806,0.6094449,0.20220639,0,0.18644565,0,0.9980969399999999
joint-final,42,30000000,CO RFI,22,6,0.87062794,0.028211595,0.031993303,0,0.06916718,0,0.129372078
joint-final,42,30000000,CO RFI,33,6,0.7537685,0.05258106,0.072360136,0,0.121290304,0,0.2462315
joint-final,42,30000000,CO RFI,44,6,0.17175305,0.13461962,0.21069148,0,0.48293585,0,0.82824695
joint-final,42,30000000,CO RFI,55,6,0.029595515,0.21152744,0.3999588,0,0.35891825,0,0.97040449
joint-final,42,30000000,CO RFI,66,6,0.014945342,0.21586934,0.32363248,0,0.44555286,0,0.98505468
joint-final,42,30000000,CO RFI,77,6,0.007158941,0.16603427,0.4661353,0,0.36067152,0,0.99284109
joint-final,42,30000000,CO RFI,88,6,0.0056013367,0.40845644,0.25034055,0,0.33560175,0,0.99439874
joint-final,42,30000000,CO RFI,99,6,0.0056968993,0.7335684,0.13813029,0,0.12260439,0,0.99430308
joint-final,42,30000000,CO RFI,TT,6,0.0025723407,0.35779235,0.560662,0,0.07897328,0,0.99742763
joint-final,42,30000000,CO RFI,JJ,6,0.001771336,0.49045503,0.31356844,0,0.1942052,0,0.99822867
joint-final,42,30000000,CO RFI,QQ,6,0.0012807088,0.38223165,0.47763905,0,0.13884857,0,0.99871927
joint-final,42,30000000,CO RFI,KK,6,0.0010585709,0.36494035,0.5432619,0,0.09073918,0,0.99894143
joint-final,42,30000000,CO RFI,AA,6,0.0004103924,0.38661626,0.5430483,0,0.06992503,0,0.99958959
joint-final,42,30000000,CO RFI,32s,4,0.9519786,0.008387618,0.01273628,0,0.026897477,0,0.048021375
joint-final,42,30000000,CO RFI,42s,4,0.94495136,0.010799138,0.010587669,0,0.03366188,0,0.055048687
joint-final,42,30000000,CO RFI,43s,4,0.9437907,0.015219011,0.012474594,0,0.028515793,0,0.056209398
joint-final,42,30000000,CO RFI,52s,4,0.94724023,0.011114581,0.0106050335,0,0.031040208,0,0.0527598225
joint-final,42,30000000,CO RFI,53s,4,0.9412089,0.012792678,0.014068695,0,0.03192968,0,0.058791053
joint-final,42,30000000,CO RFI,54s,4,0.93256515,0.015120621,0.014799451,0,0.03751478,0,0.067434852
joint-final,42,30000000,CO RFI,62s,4,0.9561967,0.010314835,0.011149632,0,0.022338813,0,0.04380328
joint-final,42,30000000,CO RFI,63s,4,0.9452816,0.011381783,0.013559429,0,0.029777152,0,0.054718364
joint-final,42,30000000,CO RFI,64s,4,0.92413956,0.017944885,0.019031752,0,0.03888384,0,0.07586047700000001
joint-final,42,30000000,CO RFI,65s,4,0.90830857,0.027666172,0.022458918,0,0.04156637,0,0.09169146
joint-final,42,30000000,CO RFI,72s,4,0.9516019,0.009913468,0.009871147,0,0.028613418,0,0.048398033
joint-final,42,30000000,CO RFI,73s,4,0.94132763,0.016464569,0.01210518,0,0.030102717,0,0.058672466
joint-final,42,30000000,CO RFI,74s,4,0.9349348,0.012627349,0.018507838,0,0.033930022,0,0.065065209
joint-final,42,30000000,CO RFI,75s,4,0.92124313,0.018980753,0.023705479,0,0.036070634,0,0.078756866
joint-final,42,30000000,CO RFI,76s,4,0.85933036,0.054526016,0.024803748,0,0.06133986,0,0.140669624
joint-final,42,30000000,CO RFI,82s,4,0.94877523,0.00988917,0.0101785585,0,0.031157102,0,0.0512248305
joint-final,42,30000000,CO RFI,83s,4,0.9521966,0.011412641,0.011430832,0,0.02495988,0,0.047803353
joint-final,42,30000000,CO RFI,84s,4,0.9430687,0.016090212,0.012505059,0,0.028336016,0,0.056931287
joint-final,42,30000000,CO RFI,85s,4,0.9208247,0.02031615,0.018940989,0,0.039918188,0,0.079175327
joint-final,42,30000000,CO RFI,86s,4,0.8863984,0.033873517,0.023674058,0,0.056054067,0,0.113601642
joint-final,42,30000000,CO RFI,87s,4,0.85519624,0.046319306,0.046518516,0,0.051965974,0,0.14480379599999998
joint-final,42,30000000,CO RFI,92s,4,0.9491402,0.011223247,0.012079328,0,0.02755719,0,0.050859765
joint-final,42,30000000,CO RFI,93s,4,0.9424843,0.014047179,0.016430775,0,0.027037745,0,0.057515699
joint-final,42,30000000,CO RFI,94s,4,0.94760793,0.012074324,0.012512456,0,0.02780526,0,0.05239204
joint-final,42,30000000,CO RFI,95s,4,0.9316288,0.018614925,0.015575594,0,0.034180634,0,0.068371153
joint-final,42,30000000,CO RFI,96s,4,0.8994191,0.032543164,0.02392805,0,0.044109624,0,0.100580838
joint-final,42,30000000,CO RFI,97s,4,0.86488366,0.03836674,0.04925008,0,0.04749947,0,0.13511629
joint-final,42,30000000,CO RFI,98s,4,0.7641653,0.11779032,0.05545889,0,0.062585466,0,0.23583467600000002
joint-final,42,30000000,CO RFI,T2s,4,0.93366724,0.012322162,0.019126639,0,0.03488397,0,0.066332771
joint-final,42,30000000,CO RFI,T3s,4,0.9275953,0.019279528,0.016068935,0,0.037056256,0,0.072404719
joint-final,42,30000000,CO RFI,T4s,4,0.9228221,0.01812823,0.02087129,0,0.038178373,0,0.077177893
joint-final,42,30000000,CO RFI,T5s,4,0.91709876,0.023508485,0.017698644,0,0.041694123,0,0.082901252
joint-final,42,30000000,CO RFI,T6s,4,0.909988,0.022866303,0.026664514,0,0.040481154,0,0.090011971
joint-final,42,30000000,CO RFI,T7s,4,0.7897871,0.13576101,0.032743733,0,0.041708145,0,0.210212888
joint-final,42,30000000,CO RFI,T8s,4,0.74848795,0.062482584,0.11309751,0,0.07593195,0,0.251512044
joint-final,42,30000000,CO RFI,T9s,4,0.31098214,0.26436946,0.11914074,0,0.30550772,0,0.68901792
joint-final,42,30000000,CO RFI,J2s,4,0.93381584,0.016629912,0.016056005,0,0.033498213,0,0.06618413000000001
joint-final,42,30000000,CO RFI,J3s,4,0.9297883,0.015228314,0.01986901,0,0.035114344,0,0.070211668
joint-final,42,30000000,CO RFI,J4s,4,0.92121804,0.017273365,0.020780101,0,0.040728476,0,0.078781942
joint-final,42,30000000,CO RFI,J5s,4,0.8930259,0.020297721,0.045045856,0,0.041630574,0,0.106974151
joint-final,42,30000000,CO RFI,J6s,4,0.8981665,0.021393785,0.0253041,0,0.05513564,0,0.101833525
joint-final,42,30000000,CO RFI,J7s,4,0.8480555,0.059950523,0.03901587,0,0.052978124,0,0.151944517
joint-final,42,30000000,CO RFI,J8s,4,0.82551336,0.05719809,0.06824585,0,0.04904268,0,0.17448661999999998
joint-final,42,30000000,CO RFI,J9s,4,0.36292025,0.25503266,0.2553246,0,0.12672251,0,0.63707977
joint-final,42,30000000,CO RFI,JTs,4,0.03224054,0.402469,0.41976342,0,0.14552702,0,0.96775944
joint-final,42,30000000,CO RFI,Q2s,4,0.89332885,0.038275965,0.029787503,0,0.03860762,0,0.106671088
joint-final,42,30000000,CO RFI,Q3s,4,0.9141058,0.025274938,0.02411515,0,0.036504164,0,0.085894252
joint-final,42,30000000,CO RFI,Q4s,4,0.90052956,0.03684777,0.025196811,0,0.037425857,0,0.099470438
joint-final,42,30000000,CO RFI,Q5s,4,0.8540406,0.053160205,0.034287605,0,0.058511563,0,0.145959373
joint-final,42,30000000,CO RFI,Q6s,4,0.8565804,0.038265042,0.058278795,0,0.046875898,0,0.143419735
joint-final,42,30000000,CO RFI,Q7s,4,0.82478094,0.067068815,0.054955933,0,0.0531943,0,0.175219048
joint-final,42,30000000,CO RFI,Q8s,4,0.43437222,0.36809143,0.086046055,0,0.11149028,0,0.565627765
joint-final,42,30000000,CO RFI,Q9s,4,0.13414973,0.62583846,0.11910675,0,0.120905064,0,0.865850274
joint-final,42,30000000,CO RFI,QTs,4,0.030830266,0.5660784,0.13393658,0,0.26915476,0,0.96916974
joint-final,42,30000000,CO RFI,QJs,4,0.019687362,0.21735258,0.3467266,0,0.41623348,0,0.98031266
joint-final,42,30000000,CO RFI,K2s,4,0.8430472,0.041766997,0.03084711,0,0.08433863,0,0.156952737
joint-final,42,30000000,CO RFI,K3s,4,0.8011345,0.06809434,0.079191074,0,0.05158009,0,0.198865504
joint-final,42,30000000,CO RFI,K4s,4,0.7378802,0.098321825,0.06253055,0,0.10126749,0,0.262119865
joint-final,42,30000000,CO RFI,K5s,4,0.7321696,0.052661184,0.08358825,0,0.13158098,0,0.26783041399999996
joint-final,42,30000000,CO RFI,K6s,4,0.53565335,0.16316612,0.21410395,0,0.0870766,0,0.46434666999999996
joint-final,42,30000000,CO RFI,K7s,4,0.35008863,0.09239464,0.36228597,0,0.1952308,0,0.6499114100000001
joint-final,42,30000000,CO RFI,K8s,4,0.24327895,0.5197606,0.0884324,0,0.14852805,0,0.75672105
joint-final,42,30000000,CO RFI,K9s,4,0.06338088,0.47502077,0.08853963,0,0.3730587,0,0.9366191
joint-final,42,30000000,CO RFI,KTs,4,0.015514376,0.46171165,0.24100347,0,0.28177056,0,0.9844856799999999
joint-final,42,30000000,CO RFI,KJs,4,0.0114397025,0.35624307,0.13496785,0,0.49734938,0,0.9885603000000001
joint-final,42,30000000,CO RFI,KQs,4,0.008371179,0.5473796,0.22567667,0,0.21857256,0,0.99162883
joint-final,42,30000000,CO RFI,A2s,4,0.12983297,0.45431188,0.222226,0,0.1936292,0,0.87016708
joint-final,42,30000000,CO RFI,A3s,4,0.11723411,0.50805104,0.21553546,0,0.15917936,0,0.88276586
joint-final,42,30000000,CO RFI,A4s,4,0.059709527,0.15789744,0.5351289,0,0.24726416,0,0.9402905
joint-final,42,30000000,CO RFI,A5s,4,0.0391259,0.13592502,0.08233263,0,0.7426165,0,0.96087415
joint-final,42,30000000,CO RFI,A6s,4,0.0266189,0.21515352,0.5291569,0,0.22907063,0,0.97338105
joint-final,42,30000000,CO RFI,A7s,4,0.030174397,0.14715214,0.6209603,0,0.20171316,0,0.9698256000000001
joint-final,42,30000000,CO RFI,A8s,4,0.015610957,0.546722,0.16978979,0,0.26787725,0,0.98438904
joint-final,42,30000000,CO RFI,A9s,4,0.016703393,0.11864626,0.36560622,0,0.4990441,0,0.98329658
joint-final,42,30000000,CO RFI,ATs,4,0.0061700363,0.12780543,0.63375574,0,0.23226881,0,0.99382998
joint-final,42,30000000,CO RFI,AJs,4,0.004163136,0.22893666,0.4643857,0,0.30251455,0,0.99583691
joint-final,42,30000000,CO RFI,AQs,4,0.0033176104,0.13953389,0.48380953,0,0.37333894,0,0.99668236
joint-final,42,30000000,CO RFI,AKs,4,0.0025224367,0.14086561,0.46394914,0,0.39266276,0,0.99747751
joint-final,42,30000000,CO RFI,32o,12,0.9826691,0.0031828817,0.0026812872,0,0.011466741,0,0.0173309099
joint-final,42,30000000,CO RFI,42o,12,0.98034054,0.003584097,0.0028681995,0,0.013207162,0,0.0196594585
joint-final,42,30000000,CO RFI,43o,12,0.9789663,0.0036310663,0.0038280764,0,0.013574473,0,0.0210336157
joint-final,42,30000000,CO RFI,52o,12,0.97840804,0.0036740974,0.004019178,0,0.013898685,0,0.0215919604
joint-final,42,30000000,CO RFI,53o,12,0.97670436,0.0046464507,0.0038332192,0,0.0148161035,0,0.0232957734
joint-final,42,30000000,CO RFI,54o,12,0.9721711,0.0050686267,0.0060233646,0,0.016736934,0,0.027828925299999998
joint-final,42,30000000,CO RFI,62o,12,0.9805038,0.0032291268,0.0037909858,0,0.012476125,0,0.0194962376
joint-final,42,30000000,CO RFI,63o,12,0.9796829,0.003684067,0.003952273,0,0.012680787,0,0.020317127
joint-final,42,30000000,CO RFI,64o,12,0.9757161,0.005180571,0.004598624,0,0.014504743,0,0.024283938
joint-final,42,30000000,CO RFI,65o,12,0.9722515,0.0060744206,0.0047199675,0,0.01695412,0,0.0277485081
joint-final,42,30000000,CO RFI,72o,12,0.9839893,0.00289208,0.0027212678,0,0.010397337,0,0.0160106848
joint-final,42,30000000,CO RFI,73o,12,0.9803042,0.0033093838,0.0035848126,0,0.012801605,0,0.0196958014
joint-final,42,30000000,CO RFI,74o,12,0.9766314,0.0040111216,0.0038346357,0,0.015522814,0,0.023368571299999998
joint-final,42,30000000,CO RFI,75o,12,0.97244,0.005298686,0.0060185175,0,0.0162428,0,0.027560003500000003
joint-final,42,30000000,CO RFI,76o,12,0.96955913,0.006818523,0.0064890007,0,0.017133353,0,0.0304408767
joint-final,42,30000000,CO RFI,82o,12,0.97988206,0.0035018004,0.0030513203,0,0.013564826,0,0.0201179467
joint-final,42,30000000,CO RFI,83o,12,0.9826212,0.003053516,0.0028977483,0,0.011427641,0,0.0173789053
joint-final,42,30000000,CO RFI,84o,12,0.9780657,0.0046962793,0.00360959,0,0.013628423,0,0.0219342923
joint-final,42,30000000,CO RFI,85o,12,0.974661,0.0058135395,0.0040915795,0,0.015433844,0,0.025338963
joint-final,42,30000000,CO RFI,86o,12,0.9665419,0.0068142596,0.0077326503,0,0.01891122,0,0.0334581299
joint-final,42,30000000,CO RFI,87o,12,0.9574585,0.011263445,0.009303353,0,0.021974659,0,0.042541457000000005
joint-final,42,30000000,CO RFI,92o,12,0.9803608,0.0040134597,0.003232057,0,0.012393678,0,0.0196391947
joint-final,42,30000000,CO RFI,93o,12,0.9796914,0.0041970625,0.004040019,0,0.012071577,0,0.0203086585
joint-final,42,30000000,CO RFI,94o,12,0.9778638,0.0043525402,0.003970084,0,0.013813665,0,0.0221362892
joint-final,42,30000000,CO RFI,95o,12,0.9756323,0.005390602,0.0042178403,0,0.01475924,0,0.0243676823
joint-final,42,30000000,CO RFI,96o,12,0.96981287,0.007481164,0.00687546,0,0.015830494,0,0.030187118
joint-final,42,30000000,CO RFI,97o,12,0.96220285,0.008802306,0.008735104,0,0.020259675,0,0.037797085
joint-final,42,30000000,CO RFI,98o,12,0.94972134,0.014009786,0.011496047,0,0.024772849,0,0.050278682
joint-final,42,30000000,CO RFI,T2o,12,0.97833246,0.004182023,0.0045110215,0,0.012974516,0,0.021667560500000002
joint-final,42,30000000,CO RFI,T3o,12,0.97762656,0.004265503,0.0044319406,0,0.013675986,0,0.0223734296
joint-final,42,30000000,CO RFI,T4o,12,0.9780867,0.00435426,0.004263202,0,0.01329583,0,0.021913292
joint-final,42,30000000,CO RFI,T5o,12,0.97470856,0.005139692,0.0052078026,0,0.014943936,0,0.0252914306
joint-final,42,30000000,CO RFI,T6o,12,0.9700324,0.006989693,0.0071137967,0,0.01586406,0,0.0299675497
joint-final,42,30000000,CO RFI,T7o,12,0.9629785,0.010546,0.0090623,0,0.017413314,0,0.037021614
joint-final,42,30000000,CO RFI,T8o,12,0.9465343,0.014675499,0.015732965,0,0.023057219,0,0.053465683
joint-final,42,30000000,CO RFI,T9o,12,0.9161258,0.034927342,0.01876136,0,0.030185454,0,0.083874156
joint-final,42,30000000,CO RFI,J2o,12,0.9774705,0.0039886027,0.0043690475,0,0.014171881,0,0.0225295312
joint-final,42,30000000,CO RFI,J3o,12,0.97457,0.0054190904,0.0048186523,0,0.015192312,0,0.0254300547
joint-final,42,30000000,CO RFI,J4o,12,0.9735634,0.0059058815,0.005500879,0,0.01502978,0,0.0264365405
joint-final,42,30000000,CO RFI,J5o,12,0.9690656,0.0074305767,0.0065253526,0,0.01697843,0,0.0309343593
joint-final,42,30000000,CO RFI,J6o,12,0.97069335,0.00666586,0.0060248105,0,0.016615944,0,0.0293066145
joint-final,42,30000000,CO RFI,J7o,12,0.9611499,0.0102060065,0.009657996,0,0.018986225,0,0.0388502275
joint-final,42,30000000,CO RFI,J8o,12,0.94319767,0.01837159,0.014849379,0,0.023581386,0,0.056802355
joint-final,42,30000000,CO RFI,J9o,12,0.9045726,0.024622971,0.04199984,0,0.0288046,0,0.09542741099999999
joint-final,42,30000000,CO RFI,JTo,12,0.44975162,0.2867432,0.15297356,0,0.110531636,0,0.550248396
joint-final,42,30000000,CO RFI,Q2o,12,0.9700014,0.006833819,0.0067439084,0,0.016420845,0,0.0299985724
joint-final,42,30000000,CO RFI,Q3o,12,0.96678305,0.006189496,0.00570884,0,0.021318633,0,0.033216969
joint-final,42,30000000,CO RFI,Q4o,12,0.96608245,0.007852887,0.006550597,0,0.01951406,0,0.033917544
joint-final,42,30000000,CO RFI,Q5o,12,0.9646565,0.008955469,0.0068593994,0,0.019528735,0,0.0353436034
joint-final,42,30000000,CO RFI,Q6o,12,0.95988345,0.009372418,0.010324761,0,0.020419328,0,0.040116507
joint-final,42,30000000,CO RFI,Q7o,12,0.9578347,0.009046718,0.011124055,0,0.021994542,0,0.042165315
joint-final,42,30000000,CO RFI,Q8o,12,0.9074182,0.038545925,0.028605316,0,0.025430545,0,0.092581786
joint-final,42,30000000,CO RFI,Q9o,12,0.79849494,0.06004127,0.08920579,0,0.05225797,0,0.20150503
joint-final,42,30000000,CO RFI,QTo,12,0.3035707,0.16025843,0.4537538,0,0.082417026,0,0.696429256
joint-final,42,30000000,CO RFI,QJo,12,0.042707913,0.6378963,0.18525189,0,0.13414383,0,0.9572920199999999
joint-final,42,30000000,CO RFI,K2o,12,0.9609599,0.010265368,0.008364928,0,0.020409718,0,0.039040014
joint-final,42,30000000,CO RFI,K3o,12,0.9582401,0.009560357,0.009658667,0,0.02254087,0,0.041759894
joint-final,42,30000000,CO RFI,K4o,12,0.9487822,0.0152052315,0.011015009,0,0.024997564,0,0.0512178045
joint-final,42,30000000,CO RFI,K5o,12,0.94313484,0.014446376,0.017769963,0,0.024648821,0,0.05686516
joint-final,42,30000000,CO RFI,K6o,12,0.92985123,0.02180672,0.018000366,0,0.030341692,0,0.070148778
joint-final,42,30000000,CO RFI,K7o,12,0.8968138,0.044440985,0.017978193,0,0.04076707,0,0.10318624800000001
joint-final,42,30000000,CO RFI,K8o,12,0.8820026,0.056459956,0.023859007,0,0.037678435,0,0.117997398
joint-final,42,30000000,CO RFI,K9o,12,0.675382,0.1075666,0.15132213,0,0.06572924,0,0.32461797
joint-final,42,30000000,CO RFI,KTo,12,0.031316992,0.14768009,0.5201048,0,0.30089805,0,0.96868294
joint-final,42,30000000,CO RFI,KJo,12,0.0123757245,0.45426148,0.3823092,0,0.15105353,0,0.98762421
joint-final,42,30000000,CO RFI,KQo,12,0.0073525202,0.5041001,0.3559639,0,0.13258353,0,0.9926475300000001
joint-final,42,30000000,CO RFI,A2o,12,0.84173626,0.03379305,0.056773305,0,0.067697294,0,0.158263649
joint-final,42,30000000,CO RFI,A3o,12,0.7770371,0.056321967,0.07139969,0,0.09524123,0,0.222962887
joint-final,42,30000000,CO RFI,A4o,12,0.51134074,0.107207246,0.3105385,0,0.07091353,0,0.48865927600000003
joint-final,42,30000000,CO RFI,A5o,12,0.4476759,0.11220312,0.15492499,0,0.28519598,0,0.55232409
joint-final,42,30000000,CO RFI,A6o,12,0.5093958,0.21183175,0.09413076,0,0.18464169,0,0.4906042
joint-final,42,30000000,CO RFI,A7o,12,0.26452482,0.10171848,0.43955782,0,0.19419879,0,0.73547509
joint-final,42,30000000,CO RFI,A8o,12,0.019320037,0.2658831,0.41737315,0,0.29742372,0,0.98067997
joint-final,42,30000000,CO RFI,A9o,12,0.011244669,0.23597796,0.3620416,0,0.39073578,0,0.98875534
joint-final,42,30000000,CO RFI,ATo,12,0.004522852,0.41809124,0.3783311,0,0.1990548,0,0.99547714
joint-final,42,30000000,CO RFI,AJo,12,0.0042303796,0.16316207,0.26390755,0,0.56869996,0,0.9957695799999999
joint-final,42,30000000,CO RFI,AQo,12,0.0026771666,0.6376086,0.14999288,0,0.20972139,0,0.99732287
joint-final,42,30000000,CO RFI,AKo,12,0.0018183569,0.5570575,0.27732772,0,0.16379632,0,0.99818154
joint-final,42,30000000,BTN RFI,22,6,0.68703556,0.060375582,0.061346527,0,0.19124235,0,0.31296445900000003
joint-final,42,30000000,BTN RFI,33,6,0.5012556,0.028358905,0.34471872,0,0.1256667,0,0.498744325
joint-final,42,30000000,BTN RFI,44,6,0.12232712,0.17436975,0.18042918,0,0.522874,0,0.8776729299999999
joint-final,42,30000000,BTN RFI,55,6,0.01942752,0.5001448,0.1693262,0,0.31110147,0,0.9805724699999999
joint-final,42,30000000,BTN RFI,66,6,0.019081106,0.2261883,0.15784407,0,0.5968865,0,0.98091887
joint-final,42,30000000,BTN RFI,77,6,0.01203716,0.109793566,0.59058076,0,0.28758848,0,0.987962806
joint-final,42,30000000,BTN RFI,88,6,0.007554082,0.1315331,0.6753305,0,0.18558232,0,0.99244592
joint-final,42,30000000,BTN RFI,99,6,0.004163825,0.23647703,0.4492153,0,0.31014386,0,0.99583619
joint-final,42,30000000,BTN RFI,TT,6,0.0030011171,0.32799768,0.46044567,0,0.20855558,0,0.99699893
joint-final,42,30000000,BTN RFI,JJ,6,0.0027483879,0.6304534,0.26023814,0,0.10656009,0,0.9972516300000001
joint-final,42,30000000,BTN RFI,QQ,6,0.0016003832,0.3482302,0.5401508,0,0.11001857,0,0.99839957
joint-final,42,30000000,BTN RFI,KK,6,0.0015045067,0.5282453,0.37710938,0,0.093140736,0,0.998495416
joint-final,42,30000000,BTN RFI,AA,6,0.0006413394,0.4771905,0.48433116,0,0.03783704,0,0.9993587
joint-final,42,30000000,BTN RFI,32s,4,0.9377939,0.014331399,0.015458,0,0.032416806,0,0.062206205
joint-final,42,30000000,BTN RFI,42s,4,0.93260527,0.015434236,0.013170426,0,0.038790118,0,0.06739478
joint-final,42,30000000,BTN RFI,43s,4,0.9096902,0.01533836,0.023576997,0,0.051394425,0,0.090309782
joint-final,42,30000000,BTN RFI,52s,4,0.93505824,0.010580556,0.015059103,0,0.03930203,0,0.064941689
joint-final,42,30000000,BTN RFI,53s,4,0.91747415,0.024914792,0.016742578,0,0.040868435,0,0.08252580500000001
joint-final,42,30000000,BTN RFI,54s,4,0.8740804,0.025232026,0.022481779,0,0.07820577,0,0.125919575
joint-final,42,30000000,BTN RFI,62s,4,0.940075,0.014159129,0.012974591,0,0.03279125,0,0.05992497
joint-final,42,30000000,BTN RFI,63s,4,0.9259331,0.01429446,0.013165877,0,0.046606455,0,0.07406679199999999
joint-final,42,30000000,BTN RFI,64s,4,0.8818417,0.028253686,0.02345901,0,0.06644559,0,0.118158286
joint-final,42,30000000,BTN RFI,65s,4,0.86257416,0.061756708,0.028360764,0,0.047308404,0,0.137425876
joint-final,42,30000000,BTN RFI,72s,4,0.9383052,0.015955344,0.016408889,0,0.029330531,0,0.061694764
joint-final,42,30000000,BTN RFI,73s,4,0.9292282,0.017936043,0.01706593,0,0.03576977,0,0.070771743
joint-final,42,30000000,BTN RFI,74s,4,0.89470017,0.02689358,0.018528368,0,0.05987781,0,0.105299758
joint-final,42,30000000,BTN RFI,75s,4,0.8763323,0.02501761,0.02198348,0,0.07666655,0,0.12366764
joint-final,42,30000000,BTN RFI,76s,4,0.8762551,0.03492706,0.035618328,0,0.05319954,0,0.123744928
joint-final,42,30000000,BTN RFI,82s,4,0.92586374,0.022313511,0.0145934215,0,0.037229333,0,0.0741362655
joint-final,42,30000000,BTN RFI,83s,4,0.9202461,0.024126673,0.01668279,0,0.038944457,0,0.07975392
joint-final,42,30000000,BTN RFI,84s,4,0.9258098,0.017467532,0.01888806,0,0.03783466,0,0.074190252
joint-final,42,30000000,BTN RFI,85s,4,0.89826125,0.027771443,0.02088699,0,0.05308035,0,0.101738783
joint-final,42,30000000,BTN RFI,86s,4,0.8578086,0.0348214,0.049382325,0,0.0579877,0,0.142191425
joint-final,42,30000000,BTN RFI,87s,4,0.7994392,0.08771094,0.046291485,0,0.06655848,0,0.200560905
joint-final,42,30000000,BTN RFI,92s,4,0.91956043,0.018115388,0.015782537,0,0.046541642,0,0.080439567
joint-final,42,30000000,BTN RFI,93s,4,0.92989635,0.016253276,0.018299285,0,0.03555104,0,0.070103601
joint-final,42,30000000,BTN RFI,94s,4,0.9148639,0.017760402,0.022364933,0,0.045010842,0,0.08513617700000001
joint-final,42,30000000,BTN RFI,95s,4,0.8991879,0.021649903,0.025421115,0,0.053741068,0,0.10081208600000001
joint-final,42,30000000,BTN RFI,96s,4,0.8726186,0.027642338,0.04232392,0,0.05741513,0,0.127381388
joint-final,42,30000000,BTN RFI,97s,4,0.79681295,0.04649808,0.073063605,0,0.0836254,0,0.203187085
joint-final,42,30000000,BTN RFI,98s,4,0.7181918,0.11093851,0.08216101,0,0.08870863,0,0.28180815000000004
joint-final,42,30000000,BTN RFI,T2s,4,0.907778,0.023531001,0.02200188,0,0.046689056,0,0.092221937
joint-final,42,30000000,BTN RFI,T3s,4,0.91772896,0.02417011,0.020408446,0,0.03769249,0,0.082271046
joint-final,42,30000000,BTN RFI,T4s,4,0.870015,0.041769613,0.023240594,0,0.064974785,0,0.129984992
joint-final,42,30000000,BTN RFI,T5s,4,0.8983472,0.02887465,0.030031709,0,0.042746384,0,0.101652743
joint-final,42,30000000,BTN RFI,T6s,4,0.86818033,0.037741005,0.038912524,0,0.055166118,0,0.13181964699999998
joint-final,42,30000000,BTN RFI,T7s,4,0.53262633,0.29040378,0.033622984,0,0.14334701,0,0.467373774
joint-final,42,30000000,BTN RFI,T8s,4,0.6755134,0.07097007,0.1555585,0,0.097958036,0,0.324486606
joint-final,42,30000000,BTN RFI,T9s,4,0.2304384,0.20199524,0.17963445,0,0.3879319,0,0.76956159
joint-final,42,30000000,BTN RFI,J2s,4,0.9079154,0.023727337,0.024279399,0,0.044077907,0,0.092084643
joint-final,42,30000000,BTN RFI,J3s,4,0.8951127,0.037973594,0.02317071,0,0.043743018,0,0.104887322
joint-final,42,30000000,BTN RFI,J4s,4,0.90259916,0.030800557,0.02135063,0,0.045249604,0,0.097400791
joint-final,42,30000000,BTN RFI,J5s,4,0.84184825,0.032835767,0.0639012,0,0.06141477,0,0.15815173700000001
joint-final,42,30000000,BTN RFI,J6s,4,0.83473957,0.034342058,0.041960265,0,0.088958085,0,0.165260408
joint-final,42,30000000,BTN RFI,J7s,4,0.74544483,0.08541311,0.08198749,0,0.0871546,0,0.2545552
joint-final,42,30000000,BTN RFI,J8s,4,0.3883674,0.22737469,0.30473053,0,0.07952745,0,0.61163267
joint-final,42,30000000,BTN RFI,J9s,4,0.40265182,0.12564215,0.3597567,0,0.11194931,0,0.59734816
joint-final,42,30000000,BTN RFI,JTs,4,0.062366143,0.17498006,0.6383063,0,0.124347515,0,0.937633875
joint-final,42,30000000,BTN RFI,Q2s,4,0.86507756,0.034909047,0.03801346,0,0.061999995,0,0.134922502
joint-final,42,30000000,BTN RFI,Q3s,4,0.8442005,0.02405062,0.0374123,0,0.09433653,0,0.15579945
joint-final,42,30000000,BTN RFI,Q4s,4,0.85282534,0.050796334,0.03585985,0,0.060518563,0,0.147174747
joint-final,42,30000000,BTN RFI,Q5s,4,0.81116754,0.0510464,0.0509927,0,0.08679335,0,0.18883245
joint-final,42,30000000,BTN RFI,Q6s,4,0.76482695,0.0723019,0.050685044,0,0.112186044,0,0.235172988
joint-final,42,30000000,BTN RFI,Q7s,4,0.71077526,0.15152161,0.048799172,0,0.0889039,0,0.289224682
joint-final,42,30000000,BTN RFI,Q8s,4,0.19700731,0.36483008,0.13900378,0,0.2991589,0,0.80299276
joint-final,42,30000000,BTN RFI,Q9s,4,0.40632817,0.36584246,0.101249866,0,0.12657954,0,0.593671866
joint-final,42,30000000,BTN RFI,QTs,4,0.026954973,0.38395518,0.439798,0,0.14929192,0,0.9730451
joint-final,42,30000000,BTN RFI,QJs,4,0.038388148,0.2983956,0.17765431,0,0.48556197,0,0.96161188
joint-final,42,30000000,BTN RFI,K2s,4,0.79987335,0.046517167,0.052065376,0,0.10154413,0,0.20012667299999998
joint-final,42,30000000,BTN RFI,K3s,4,0.8177826,0.054964047,0.06313522,0,0.06411819,0,0.18221745700000003
joint-final,42,30000000,BTN RFI,K4s,4,0.6302861,0.15762062,0.1112042,0,0.10088909,0,0.36971391
joint-final,42,30000000,BTN RFI,K5s,4,0.38393745,0.21424846,0.08983475,0,0.3119793,0,0.61606251
joint-final,42,30000000,BTN RFI,K6s,4,0.44778273,0.21333796,0.11249834,0,0.22638093,0,0.55221723
joint-final,42,30000000,BTN RFI,K7s,4,0.29740915,0.4769916,0.0683369,0,0.15726236,0,0.70259086
joint-final,42,30000000,BTN RFI,K8s,4,0.10993009,0.48053098,0.09867211,0,0.31086683,0,0.89006992
joint-final,42,30000000,BTN RFI,K9s,4,0.06888665,0.13221407,0.6046789,0,0.19422032,0,0.93111329
joint-final,42,30000000,BTN RFI,KTs,4,0.017329004,0.24775603,0.5128297,0,0.22208525,0,0.9826709800000001
joint-final,42,30000000,BTN RFI,KJs,4,0.020219456,0.67023444,0.14857765,0,0.1609685,0,0.97978059
joint-final,42,30000000,BTN RFI,KQs,4,0.010528593,0.19365956,0.607614,0,0.18819788,0,0.98947144
joint-final,42,30000000,BTN RFI,A2s,4,0.1448446,0.35360444,0.22669315,0,0.27485782,0,0.8551554100000001
joint-final,42,30000000,BTN RFI,A3s,4,0.07769067,0.123009935,0.56712437,0,0.23217504,0,0.9223093450000001
joint-final,42,30000000,BTN RFI,A4s,4,0.02779609,0.4300095,0.28849277,0,0.25370163,0,0.9722039
joint-final,42,30000000,BTN RFI,A5s,4,0.035155516,0.14221717,0.21986434,0,0.602763,0,0.96484451
joint-final,42,30000000,BTN RFI,A6s,4,0.06232484,0.18354559,0.16223772,0,0.5918918,0,0.93767511
joint-final,42,30000000,BTN RFI,A7s,4,0.02507077,0.110420674,0.31059745,0,0.5539111,0,0.974929224
joint-final,42,30000000,BTN RFI,A8s,4,0.014516763,0.43711677,0.11688201,0,0.43148443,0,0.9854832099999999
joint-final,42,30000000,BTN RFI,A9s,4,0.011419669,0.1848452,0.12573251,0,0.67800266,0,0.98858037
joint-final,42,30000000,BTN RFI,ATs,4,0.005759815,0.24863076,0.4800298,0,0.2655796,0,0.99424016
joint-final,42,30000000,BTN RFI,AJs,4,0.0049702846,0.3725904,0.1460961,0,0.47634318,0,0.99502968
joint-final,42,30000000,BTN RFI,AQs,4,0.0039031089,0.49490917,0.14095037,0,0.36023733,0,0.99609687
joint-final,42,30000000,BTN RFI,AKs,4,0.0034815161,0.22550765,0.24211138,0,0.5288995,0,0.9965185299999999
joint-final,42,30000000,BTN RFI,32o,12,0.9724125,0.0047988524,0.005373274,0,0.017415337,0,0.027587463399999998
joint-final,42,30000000,BTN RFI,42o,12,0.97231895,0.0053919074,0.0050865947,0,0.017202577,0,0.0276810791
joint-final,42,30000000,BTN RFI,43o,12,0.9673808,0.006209681,0.005580602,0,0.020828865,0,0.032619148
joint-final,42,30000000,BTN RFI,52o,12,0.97320336,0.0056581167,0.00481156,0,0.016326968,0,0.0267966447
joint-final,42,30000000,BTN RFI,53o,12,0.9669481,0.0057414738,0.007740544,0,0.01956987,0,0.0330518878
joint-final,42,30000000,BTN RFI,54o,12,0.9628218,0.0068747364,0.007977105,0,0.022326374,0,0.0371782154
joint-final,42,30000000,BTN RFI,62o,12,0.9713518,0.0049276077,0.0054497654,0,0.018270835,0,0.0286482081
joint-final,42,30000000,BTN RFI,63o,12,0.9661572,0.006436619,0.0057213684,0,0.021684784,0,0.0338427714
joint-final,42,30000000,BTN RFI,64o,12,0.9651627,0.0067327395,0.0063881134,0,0.021716462,0,0.0348373149
joint-final,42,30000000,BTN RFI,65o,12,0.95899206,0.0078098513,0.00844581,0,0.024752311,0,0.0410079723
joint-final,42,30000000,BTN RFI,72o,12,0.97216654,0.0051909634,0.0049083703,0,0.017734144,0,0.0278334777
joint-final,42,30000000,BTN RFI,73o,12,0.9697096,0.004943695,0.005324396,0,0.02002236,0,0.030290451
joint-final,42,30000000,BTN RFI,74o,12,0.96599185,0.00781628,0.0070943017,0,0.01909756,0,0.0340081417
joint-final,42,30000000,BTN RFI,75o,12,0.9597334,0.008199824,0.0071602683,0,0.024906512,0,0.040266604299999995
joint-final,42,30000000,BTN RFI,76o,12,0.9533965,0.015431114,0.008056186,0,0.023116222,0,0.046603521999999994
joint-final,42,30000000,BTN RFI,82o,12,0.97202736,0.0053353137,0.004984373,0,0.017652977,0,0.0279726637
joint-final,42,30000000,BTN RFI,83o,12,0.9720318,0.0052377125,0.0050577,0,0.01767277,0,0.0279681825
joint-final,42,30000000,BTN RFI,84o,12,0.9683187,0.0066606067,0.0059510306,0,0.019069636,0,0.0316812733
joint-final,42,30000000,BTN RFI,85o,12,0.96321577,0.008228645,0.0079107415,0,0.02064488,0,0.0367842665
joint-final,42,30000000,BTN RFI,86o,12,0.9501814,0.009643139,0.009141861,0,0.03103363,0,0.04981863
joint-final,42,30000000,BTN RFI,87o,12,0.9328175,0.01636694,0.017468799,0,0.033346746,0,0.067182485
joint-final,42,30000000,BTN RFI,92o,12,0.9662836,0.0063072257,0.0061150827,0,0.021294052,0,0.0337163604
joint-final,42,30000000,BTN RFI,93o,12,0.969949,0.0059866775,0.0057235793,0,0.018340703,0,0.0300509598
joint-final,42,30000000,BTN RFI,94o,12,0.9708839,0.005215316,0.004883038,0,0.019017799,0,0.029116153
joint-final,42,30000000,BTN RFI,95o,12,0.9626173,0.007904589,0.008506609,0,0.020971535,0,0.037382733
joint-final,42,30000000,BTN RFI,96o,12,0.95162743,0.010640473,0.009982302,0,0.027749801,0,0.048372576
joint-final,42,30000000,BTN RFI,97o,12,0.9504353,0.010869447,0.01315328,0,0.02554196,0,0.049564686999999996
joint-final,42,30000000,BTN RFI,98o,12,0.92581695,0.019783696,0.020255452,0,0.034143876,0,0.074183024
joint-final,42,30000000,BTN RFI,T2o,12,0.96512514,0.0064379,0.0056043984,0,0.022832565,0,0.0348748634
joint-final,42,30000000,BTN RFI,T3o,12,0.9639039,0.0071923337,0.006611448,0,0.022292316,0,0.036096097699999996
joint-final,42,30000000,BTN RFI,T4o,12,0.9625482,0.008230066,0.007543337,0,0.021678405,0,0.037451808
joint-final,42,30000000,BTN RFI,T5o,12,0.96167916,0.007984822,0.008798527,0,0.021537535,0,0.038320884
joint-final,42,30000000,BTN RFI,T6o,12,0.9479609,0.01111141,0.010567582,0,0.030360093,0,0.052039085
joint-final,42,30000000,BTN RFI,T7o,12,0.93773365,0.015900522,0.013731289,0,0.032634497,0,0.062266308
joint-final,42,30000000,BTN RFI,T8o,12,0.9216771,0.015785081,0.027097564,0,0.035440184,0,0.078322829
joint-final,42,30000000,BTN RFI,T9o,12,0.8677576,0.04139839,0.04449444,0,0.046349578,0,0.132242408
joint-final,42,30000000,BTN RFI,J2o,12,0.962578,0.007980685,0.007201449,0,0.022239925,0,0.037422059
joint-final,42,30000000,BTN RFI,J3o,12,0.96191067,0.0073595797,0.007916573,0,0.02281321,0,0.0380893627
joint-final,42,30000000,BTN RFI,J4o,12,0.95810944,0.009548505,0.008555683,0,0.023786344,0,0.041890532
joint-final,42,30000000,BTN RFI,J5o,12,0.9509277,0.009958489,0.012243251,0,0.026870593,0,0.049072333
joint-final,42,30000000,BTN RFI,J6o,12,0.94718564,0.008909709,0.013315511,0,0.030589154,0,0.052814374
joint-final,42,30000000,BTN RFI,J7o,12,0.94239503,0.0134786,0.0149240615,0,0.029202325,0,0.057604986500000004
joint-final,42,30000000,BTN RFI,J8o,12,0.90888906,0.03553154,0.019825336,0,0.0357541,0,0.091110976
joint-final,42,30000000,BTN RFI,J9o,12,0.8461537,0.0539888,0.059182763,0,0.040674787,0,0.15384635
joint-final,42,30000000,BTN RFI,JTo,12,0.3612164,0.40138176,0.17006488,0,0.06733699,0,0.6387836299999999
joint-final,42,30000000,BTN RFI,Q2o,12,0.954668,0.011521624,0.009233577,0,0.024576835,0,0.045332036
joint-final,42,30000000,BTN RFI,Q3o,12,0.95532656,0.010931659,0.009371028,0,0.024370821,0,0.044673508
joint-final,42,30000000,BTN RFI,Q4o,12,0.94341063,0.010589725,0.012636418,0,0.033363257,0,0.0565894
joint-final,42,30000000,BTN RFI,Q5o,12,0.9449855,0.011569769,0.012751965,0,0.030692773,0,0.055014507000000004
joint-final,42,30000000,BTN RFI,Q6o,12,0.9338902,0.015485475,0.016983379,0,0.03364094,0,0.066109794
joint-final,42,30000000,BTN RFI,Q7o,12,0.9404973,0.014823424,0.014586144,0,0.030093195,0,0.059502763
joint-final,42,30000000,BTN RFI,Q8o,12,0.89394706,0.019888807,0.034531824,0,0.05163234,0,0.106052971
joint-final,42,30000000,BTN RFI,Q9o,12,0.792194,0.045264836,0.08410883,0,0.07843236,0,0.207806026
joint-final,42,30000000,BTN RFI,QTo,12,0.17474407,0.5489519,0.15655448,0,0.119749494,0,0.825255874
joint-final,42,30000000,BTN RFI,QJo,12,0.051640652,0.28883427,0.27041626,0,0.38910887,0,0.9483594
joint-final,42,30000000,BTN RFI,K2o,12,0.92426205,0.015971918,0.013117862,0,0.046648182,0,0.075737962
joint-final,42,30000000,BTN RFI,K3o,12,0.9339432,0.013719697,0.016468808,0,0.035868302,0,0.066056807
joint-final,42,30000000,BTN RFI,K4o,12,0.9229166,0.016713427,0.017313344,0,0.04305668,0,0.077083451
joint-final,42,30000000,BTN RFI,K5o,12,0.89259297,0.02704202,0.024114303,0,0.05625072,0,0.107407043
joint-final,42,30000000,BTN RFI,K6o,12,0.8787292,0.042619634,0.03562551,0,0.043025583,0,0.121270727
joint-final,42,30000000,BTN RFI,K7o,12,0.8828744,0.03082531,0.031745497,0,0.054554813,0,0.11712562
joint-final,42,30000000,BTN RFI,K8o,12,0.8005669,0.032273114,0.100274354,0,0.066885576,0,0.199433044
joint-final,42,30000000,BTN RFI,K9o,12,0.36512646,0.26619676,0.2424527,0,0.12622415,0,0.63487361
joint-final,42,30000000,BTN RFI,KTo,12,0.03792005,0.18598422,0.57464606,0,0.20144968,0,0.96207996
joint-final,42,30000000,BTN RFI,KJo,12,0.018377682,0.1818977,0.26502788,0,0.53469664,0,0.98162222
joint-final,42,30000000,BTN RFI,KQo,12,0.011280829,0.26573968,0.6140803,0,0.10889916,0,0.9887191399999999
joint-final,42,30000000,BTN RFI,A2o,12,0.6849611,0.11888185,0.051104132,0,0.14505294,0,0.315038922
joint-final,42,30000000,BTN RFI,A3o,12,0.33924723,0.05661908,0.2917862,0,0.31234753,0,0.66075281
joint-final,42,30000000,BTN RFI,A4o,12,0.4184671,0.21254328,0.10449034,0,0.26449934,0,0.58153296
joint-final,42,30000000,BTN RFI,A5o,12,0.22333983,0.16935548,0.24671178,0,0.3605929,0,0.77666016
joint-final,42,30000000,BTN RFI,A6o,12,0.049806457,0.17755213,0.14167067,0,0.6309707,0,0.9501935
joint-final,42,30000000,BTN RFI,A7o,12,0.03136675,0.31624258,0.3386768,0,0.31371388,0,0.96863326
joint-final,42,30000000,BTN RFI,A8o,12,0.016955443,0.34257832,0.23403123,0,0.406435,0,0.98304455
joint-final,42,30000000,BTN RFI,A9o,12,0.014386215,0.22616565,0.11592876,0,0.6435194,0,0.9856138099999999
joint-final,42,30000000,BTN RFI,ATo,12,0.0053178617,0.17039336,0.42421052,0,0.40007827,0,0.99468215
joint-final,42,30000000,BTN RFI,AJo,12,0.005709731,0.15281615,0.16030964,0,0.68116444,0,0.99429023
joint-final,42,30000000,BTN RFI,AQo,12,0.002844892,0.19664891,0.5042376,0,0.29626855,0,0.99715506
joint-final,42,30000000,BTN RFI,AKo,12,0.0021826373,0.5882258,0.17570074,0,0.23389079,0,0.99781733
joint-final,42,30000000,SB RFI,22,6,0.055127922,0,0,0.15723012,0.7160457,0.07159631,0.87327582
joint-final,42,30000000,SB RFI,33,6,0.043186087,0,0,0.14593579,0.7286985,0.082179606,0.87463429
joint-final,42,30000000,SB RFI,44,6,0.04442284,0,0,0.17531873,0.6552178,0.1250406,0.8305365299999999
joint-final,42,30000000,SB RFI,55,6,0.016336283,0,0,0.39187914,0.41448912,0.17729548,0.80636826
joint-final,42,30000000,SB RFI,66,6,0.011526784,0,0,0.44084218,0.2981241,0.24950688,0.73896628
joint-final,42,30000000,SB RFI,77,6,0.007058511,0,0,0.3934449,0.24576035,0.35373616,0.63920525
joint-final,42,30000000,SB RFI,88,6,0.0073502148,0,0,0.5035596,0.21133573,0.27775437,0.71489533
joint-final,42,30000000,SB RFI,99,6,0.0051753023,0,0,0.33711144,0.26163363,0.39607957,0.59874507
joint-final,42,30000000,SB RFI,TT,6,0.0046383636,0,0,0.20431277,0.2453747,0.5456742,0.44968747
joint-final,42,30000000,SB RFI,JJ,6,0.0027980963,0,0,0.56541,0.229858,0.20193386,0.795268
joint-final,42,30000000,SB RFI,QQ,6,0.0026153687,0,0,0.23751733,0.13155168,0.62831557,0.36906901000000003
joint-final,42,30000000,SB RFI,KK,6,0.0013462288,0,0,0.40642765,0.20830457,0.3839216,0.6147322199999999
joint-final,42,30000000,SB RFI,AA,6,0.0012587823,0,0,0.25433344,0.052181598,0.69222623,0.306515038
joint-final,42,30000000,SB RFI,32s,4,0.7817172,0,0,0.05364149,0.09957895,0.06506244,0.15322044
joint-final,42,30000000,SB RFI,42s,4,0.8271737,0,0,0.04961723,0.05441778,0.06879138,0.10403501
joint-final,42,30000000,SB RFI,43s,4,0.71511996,0,0,0.081434734,0.07048523,0.13296014,0.151919964
joint-final,42,30000000,SB RFI,52s,4,0.77435726,0,0,0.07314724,0.100556806,0.051938694,0.173704046
joint-final,42,30000000,SB RFI,53s,4,0.656007,0,0,0.0612228,0.066638276,0.21613197,0.127861076
joint-final,42,30000000,SB RFI,54s,4,0.61125326,0,0,0.053419363,0.16101354,0.17431384,0.214432903
joint-final,42,30000000,SB RFI,62s,4,0.783927,0,0,0.06863411,0.05026561,0.097173296,0.11889972
joint-final,42,30000000,SB RFI,63s,4,0.7602009,0,0,0.06497742,0.08365087,0.09117076,0.14862829
joint-final,42,30000000,SB RFI,64s,4,0.54471534,0,0,0.093155764,0.10242657,0.25970227,0.195582334
joint-final,42,30000000,SB RFI,65s,4,0.37424782,0,0,0.19611019,0.12778829,0.30185375,0.32389848
joint-final,42,30000000,SB RFI,72s,4,0.8321292,0,0,0.05107347,0.06335414,0.05344324,0.11442761000000001
joint-final,42,30000000,SB RFI,73s,4,0.77883923,0,0,0.06286728,0.088862866,0.06943055,0.151730146
joint-final,42,30000000,SB RFI,74s,4,0.67140824,0,0,0.060613733,0.0836464,0.18433163,0.144260133
joint-final,42,30000000,SB RFI,75s,4,0.17058289,0,0,0.07837421,0.082227424,0.66881543,0.160601634
joint-final,42,30000000,SB RFI,76s,4,0.39458513,0,0,0.12139379,0.11761437,0.36640677,0.23900816
joint-final,42,30000000,SB RFI,82s,4,0.8089855,0,0,0.05833532,0.070435785,0.06224343,0.128771105
joint-final,42,30000000,SB RFI,83s,4,0.74472797,0,0,0.08931893,0.08022388,0.08572926,0.16954281
joint-final,42,30000000,SB RFI,84s,4,0.7827575,0,0,0.08726462,0.07493817,0.05503971,0.16220278999999999
joint-final,42,30000000,SB RFI,85s,4,0.6470585,0,0,0.0498701,0.07062907,0.23244229,0.12049917
joint-final,42,30000000,SB RFI,86s,4,0.3539718,0,0,0.098391205,0.08556479,0.46207216,0.18395599499999998
joint-final,42,30000000,SB RFI,87s,4,0.29185188,0,0,0.10699752,0.09381118,0.50733936,0.2008087
joint-final,42,30000000,SB RFI,92s,4,0.7801548,0,0,0.051056314,0.096484184,0.0723047,0.147540498
joint-final,42,30000000,SB RFI,93s,4,0.73396164,0,0,0.08144087,0.05583279,0.12876469,0.13727366
joint-final,42,30000000,SB RFI,94s,4,0.56380033,0,0,0.17443375,0.08286625,0.17889975,0.2573
joint-final,42,30000000,SB RFI,95s,4,0.43509308,0,0,0.0678077,0.06301612,0.43408307,0.13082381999999998
joint-final,42,30000000,SB RFI,96s,4,0.4650884,0,0,0.118134454,0.07162776,0.34514937,0.18976221399999998
joint-final,42,30000000,SB RFI,97s,4,0.26304817,0,0,0.1715842,0.1119846,0.4533829,0.2835688
joint-final,42,30000000,SB RFI,98s,4,0.098689444,0,0,0.28802657,0.30754757,0.3057364,0.59557414
joint-final,42,30000000,SB RFI,T2s,4,0.679349,0,0,0.1549275,0.058404725,0.10731876,0.213332225
joint-final,42,30000000,SB RFI,T3s,4,0.5202396,0,0,0.15203758,0.11030613,0.21741678,0.26234371
joint-final,42,30000000,SB RFI,T4s,4,0.49843985,0,0,0.066299446,0.11367727,0.32158333,0.17997671599999998
joint-final,42,30000000,SB RFI,T5s,4,0.56868345,0,0,0.070467114,0.061469518,0.29937991,0.131936632
joint-final,42,30000000,SB RFI,T6s,4,0.27706945,0,0,0.181826,0.11454143,0.42656314,0.29636743
joint-final,42,30000000,SB RFI,T7s,4,0.107292876,0,0,0.2078795,0.117654055,0.5671736,0.325533555
joint-final,42,30000000,SB RFI,T8s,4,0.05910324,0,0,0.13416125,0.15827462,0.6484609,0.29243587000000004
joint-final,42,30000000,SB RFI,T9s,4,0.04565637,0,0,0.16167817,0.38241634,0.4102492,0.5440945100000001
joint-final,42,30000000,SB RFI,J2s,4,0.5234148,0,0,0.15674567,0.1041325,0.21570702,0.26087817
joint-final,42,30000000,SB RFI,J3s,4,0.4113209,0,0,0.11820127,0.07295734,0.3975205,0.19115861
joint-final,42,30000000,SB RFI,J4s,4,0.40627608,0,0,0.12774415,0.07455552,0.39142424,0.20229967
joint-final,42,30000000,SB RFI,J5s,4,0.4267311,0,0,0.24596049,0.083714865,0.24359351,0.329675355
joint-final,42,30000000,SB RFI,J6s,4,0.28282043,0,0,0.26780275,0.08819542,0.36118138,0.35599817
joint-final,42,30000000,SB RFI,J7s,4,0.13008314,0,0,0.18661582,0.30205357,0.38124752,0.48866939
joint-final,42,30000000,SB RFI,J8s,4,0.0855555,0,0,0.32776347,0.4294647,0.15721634,0.75722817
joint-final,42,30000000,SB RFI,J9s,4,0.04413157,0,0,0.51334405,0.11589991,0.32662442,0.62924396
joint-final,42,30000000,SB RFI,JTs,4,0.02235701,0,0,0.57066846,0.09373004,0.31324446,0.6643985
joint-final,42,30000000,SB RFI,Q2s,4,0.4023821,0,0,0.09528744,0.17139448,0.33093598,0.26668192
joint-final,42,30000000,SB RFI,Q3s,4,0.34350732,0,0,0.15238447,0.18200648,0.32210177,0.33439094999999996
joint-final,42,30000000,SB RFI,Q4s,4,0.2996111,0,0,0.16175231,0.22891778,0.3097189,0.39067008999999997
joint-final,42,30000000,SB RFI,Q5s,4,0.16717537,0,0,0.31654704,0.117385864,0.39889175,0.433932904
joint-final,42,30000000,SB RFI,Q6s,4,0.14038315,0,0,0.23156717,0.36253354,0.26551616,0.59410071
joint-final,42,30000000,SB RFI,Q7s,4,0.10357222,0,0,0.13373385,0.15214953,0.6105444,0.28588338
joint-final,42,30000000,SB RFI,Q8s,4,0.061161205,0,0,0.38911968,0.28053558,0.26918355,0.6696552600000001
joint-final,42,30000000,SB RFI,Q9s,4,0.039724592,0,0,0.22606382,0.41907877,0.31513286,0.64514259
joint-final,42,30000000,SB RFI,QTs,4,0.02840964,0,0,0.2573787,0.36710876,0.34710285,0.62448746
joint-final,42,30000000,SB RFI,QJs,4,0.023157889,0,0,0.49932322,0.31607044,0.16144851,0.81539366
joint-final,42,30000000,SB RFI,K2s,4,0.16621438,0,0,0.17385215,0.13372175,0.5262117,0.3075739
joint-final,42,30000000,SB RFI,K3s,4,0.11505161,0,0,0.33357728,0.3288183,0.22255285,0.66239558
joint-final,42,30000000,SB RFI,K4s,4,0.16704085,0,0,0.23400433,0.06444972,0.53450507,0.29845405
joint-final,42,30000000,SB RFI,K5s,4,0.07073502,0,0,0.17649388,0.21064429,0.54212683,0.38713817
joint-final,42,30000000,SB RFI,K6s,4,0.067344956,0,0,0.29494935,0.15500112,0.48270458,0.44995047
joint-final,42,30000000,SB RFI,K7s,4,0.037668455,0,0,0.6516214,0.11845413,0.192256,0.7700755300000001
joint-final,42,30000000,SB RFI,K8s,4,0.034068827,0,0,0.20855089,0.54196316,0.2154171,0.75051405
joint-final,42,30000000,SB RFI,K9s,4,0.023158114,0,0,0.3214499,0.39322248,0.26216948,0.71467238
joint-final,42,30000000,SB RFI,KTs,4,0.015535398,0,0,0.43369228,0.27007127,0.2807011,0.7037635499999999
joint-final,42,30000000,SB RFI,KJs,4,0.014002395,0,0,0.48083577,0.28883594,0.21632592,0.76967171
joint-final,42,30000000,SB RFI,KQs,4,0.0112454975,0,0,0.6319581,0.15147176,0.20532459,0.78342986
joint-final,42,30000000,SB RFI,A2s,4,0.024626184,0,0,0.22500072,0.6323685,0.11800459,0.85736922
joint-final,42,30000000,SB RFI,A3s,4,0.017524574,0,0,0.5688083,0.3301283,0.0835388,0.8989366000000001
joint-final,42,30000000,SB RFI,A4s,4,0.019247958,0,0,0.31955516,0.45754614,0.20365074,0.7771013
joint-final,42,30000000,SB RFI,A5s,4,0.016479643,0,0,0.27143955,0.53719324,0.17488752,0.80863279
joint-final,42,30000000,SB RFI,A6s,4,0.013526043,0,0,0.4740227,0.35117942,0.1612718,0.82520212
joint-final,42,30000000,SB RFI,A7s,4,0.013941477,0,0,0.21282598,0.56355906,0.20967352,0.77638504
joint-final,42,30000000,SB RFI,A8s,4,0.008419551,0,0,0.39065826,0.35030857,0.25061366,0.74096683
joint-final,42,30000000,SB RFI,A9s,4,0.010142184,0,0,0.17286494,0.7032149,0.11377797,0.8760798399999999
joint-final,42,30000000,SB RFI,ATs,4,0.008801647,0,0,0.19807915,0.6839422,0.10917702,0.8820213499999999
joint-final,42,30000000,SB RFI,AJs,4,0.0056200684,0,0,0.4788365,0.38163418,0.13390924,0.8604706799999999
joint-final,42,30000000,SB RFI,AQs,4,0.004281858,0,0,0.22423209,0.3391329,0.43235314,0.56336499
joint-final,42,30000000,SB RFI,AKs,4,0.0037393472,0,0,0.58848065,0.24846326,0.15931675,0.83694391
joint-final,42,30000000,SB RFI,32o,12,0.9248484,0,0,0.02095857,0.038258076,0.015934916,0.059216646
joint-final,42,30000000,SB RFI,42o,12,0.9218908,0,0,0.02237074,0.032924082,0.02281442,0.055294822
joint-final,42,30000000,SB RFI,43o,12,0.91366255,0,0,0.026036179,0.044440687,0.015860504,0.070476866
joint-final,42,30000000,SB RFI,52o,12,0.92662853,0,0,0.018288512,0.03224486,0.022838155,0.050533372
joint-final,42,30000000,SB RFI,53o,12,0.890679,0,0,0.020896398,0.049505107,0.038919494,0.070401505
joint-final,42,30000000,SB RFI,54o,12,0.86329937,0,0,0.034248825,0.050694443,0.051757365,0.08494326799999999
joint-final,42,30000000,SB RFI,62o,12,0.93359834,0,0,0.018620081,0.030493341,0.0172882,0.049113422000000004
joint-final,42,30000000,SB RFI,63o,12,0.9130068,0,0,0.018099705,0.033801544,0.035092037,0.051901249
joint-final,42,30000000,SB RFI,64o,12,0.87718374,0,0,0.03270133,0.038572468,0.05154248,0.071273798
joint-final,42,30000000,SB RFI,65o,12,0.78263396,0,0,0.058889646,0.06061129,0.09786524,0.119500936
joint-final,42,30000000,SB RFI,72o,12,0.9291484,0,0,0.024137663,0.030648569,0.016065396,0.054786232000000004
joint-final,42,30000000,SB RFI,73o,12,0.88428265,0,0,0.027290978,0.048876118,0.03955029,0.076167096
joint-final,42,30000000,SB RFI,74o,12,0.8460799,0,0,0.03626974,0.049952,0.06769852,0.08622174
joint-final,42,30000000,SB RFI,75o,12,0.75923914,0,0,0.032258846,0.039199706,0.1693023,0.07145855200000001
joint-final,42,30000000,SB RFI,76o,12,0.5750635,0,0,0.09253471,0.041873097,0.29052854,0.134407807
joint-final,42,30000000,SB RFI,82o,12,0.90638256,0,0,0.023904756,0.041321266,0.028391434,0.065226022
joint-final,42,30000000,SB RFI,83o,12,0.91828275,0,0,0.020916715,0.031998895,0.028801663,0.05291561
joint-final,42,30000000,SB RFI,84o,12,0.87922966,0,0,0.041097354,0.037576303,0.04209664,0.07867365700000001
joint-final,42,30000000,SB RFI,85o,12,0.6963962,0,0,0.034978293,0.04005579,0.22856985,0.075034083
joint-final,42,30000000,SB RFI,86o,12,0.68002915,0,0,0.035182096,0.044212352,0.24057637,0.079394448
joint-final,42,30000000,SB RFI,87o,12,0.26236966,0,0,0.092626974,0.042292733,0.6027107,0.134919707
joint-final,42,30000000,SB RFI,92o,12,0.89035434,0,0,0.02532147,0.04051057,0.043813583,0.06583204000000001
joint-final,42,30000000,SB RFI,93o,12,0.88792163,0,0,0.024401357,0.040254787,0.04742222,0.064656144
joint-final,42,30000000,SB RFI,94o,12,0.85774183,0,0,0.026698234,0.0343384,0.08122159,0.061036634
joint-final,42,30000000,SB RFI,95o,12,0.8326263,0,0,0.0501284,0.046928443,0.07031684,0.097056843
joint-final,42,30000000,SB RFI,96o,12,0.65205836,0,0,0.041544493,0.041424975,0.26497218,0.082969468
joint-final,42,30000000,SB RFI,97o,12,0.4240533,0,0,0.059439182,0.040710106,0.47579736,0.100149288
joint-final,42,30000000,SB RFI,98o,12,0.04087684,0,0,0.05859322,0.053285893,0.847244,0.111879113
joint-final,42,30000000,SB RFI,T2o,12,0.8849811,0,0,0.03670719,0.03723827,0.041073535,0.07394545999999999
joint-final,42,30000000,SB RFI,T3o,12,0.6790995,0,0,0.027493054,0.030539561,0.26286793,0.058032614999999996
joint-final,42,30000000,SB RFI,T4o,12,0.7943564,0,0,0.05729783,0.047180325,0.101165436,0.104478155
joint-final,42,30000000,SB RFI,T5o,12,0.5861157,0,0,0.059686884,0.032426737,0.32177058,0.092113621
joint-final,42,30000000,SB RFI,T6o,12,0.4427105,0,0,0.032443818,0.0359205,0.48892522,0.06836431800000001
joint-final,42,30000000,SB RFI,T7o,12,0.2849061,0,0,0.08095712,0.090189494,0.5439473,0.17114661399999997
joint-final,42,30000000,SB RFI,T8o,12,0.09696947,0,0,0.17833044,0.06919928,0.65550077,0.24752972
joint-final,42,30000000,SB RFI,T9o,12,0.032012753,0,0,0.14658977,0.080906175,0.74049133,0.227495945
joint-final,42,30000000,SB RFI,J2o,12,0.87903666,0,0,0.045834124,0.042932536,0.032196634,0.08876666
joint-final,42,30000000,SB RFI,J3o,12,0.7315451,0,0,0.0387202,0.04841241,0.18132223,0.08713261
joint-final,42,30000000,SB RFI,J4o,12,0.60634863,0,0,0.035349738,0.04674574,0.31155586,0.082095478
joint-final,42,30000000,SB RFI,J5o,12,0.5490521,0,0,0.03584016,0.059097115,0.3560106,0.094937275
joint-final,42,30000000,SB RFI,J6o,12,0.47339803,0,0,0.04064408,0.04471222,0.44124573,0.0853563
joint-final,42,30000000,SB RFI,J7o,12,0.35396945,0,0,0.06793762,0.051081914,0.527011,0.11901953400000001
joint-final,42,30000000,SB RFI,J8o,12,0.091606796,0,0,0.05947676,0.06695137,0.781965,0.12642813
joint-final,42,30000000,SB RFI,J9o,12,0.027487667,0,0,0.08763333,0.11645328,0.7684257,0.20408661
joint-final,42,30000000,SB RFI,JTo,12,0.014035884,0,0,0.19199626,0.25105178,0.54291606,0.44304804
joint-final,42,30000000,SB RFI,Q2o,12,0.81293935,0,0,0.0350055,0.04430413,0.10775106,0.07930962999999999
joint-final,42,30000000,SB RFI,Q3o,12,0.6256079,0,0,0.033881344,0.037827536,0.30268326,0.07170888
joint-final,42,30000000,SB RFI,Q4o,12,0.6060383,0,0,0.05938805,0.04055835,0.29401532,0.09994639999999999
joint-final,42,30000000,SB RFI,Q5o,12,0.42632076,0,0,0.038718082,0.063811615,0.4711495,0.102529697
joint-final,42,30000000,SB RFI,Q6o,12,0.3464125,0,0,0.13230613,0.06229499,0.45898628,0.19460112
joint-final,42,30000000,SB RFI,Q7o,12,0.11328045,0,0,0.096392155,0.06137049,0.7289569,0.15776264499999998
joint-final,42,30000000,SB RFI,Q8o,12,0.02486051,0,0,0.0978078,0.08818653,0.7891452,0.18599432999999999
joint-final,42,30000000,SB RFI,Q9o,12,0.029435173,0,0,0.44838056,0.08253593,0.4396483,0.53091649
joint-final,42,30000000,SB RFI,QTo,12,0.021457244,0,0,0.510873,0.3734497,0.09422,0.8843227
joint-final,42,30000000,SB RFI,QJo,12,0.01465706,0,0,0.5520037,0.1933056,0.24003367,0.7453093
joint-final,42,30000000,SB RFI,K2o,12,0.4604523,0,0,0.104495905,0.100861944,0.33418995,0.20535784899999998
joint-final,42,30000000,SB RFI,K3o,12,0.36728033,0,0,0.0481972,0.078635186,0.5058873,0.126832386
joint-final,42,30000000,SB RFI,K4o,12,0.33306816,0,0,0.17358018,0.09544067,0.397911,0.26902085
joint-final,42,30000000,SB RFI,K5o,12,0.13792278,0,0,0.114628375,0.08579268,0.6616561,0.20042105500000001
joint-final,42,30000000,SB RFI,K6o,12,0.10624413,0,0,0.3320324,0.08707227,0.47465122,0.41910467
joint-final,42,30000000,SB RFI,K7o,12,0.09688849,0,0,0.32028592,0.10754233,0.47528327,0.42782825
joint-final,42,30000000,SB RFI,K8o,12,0.09682383,0,0,0.24345198,0.38325566,0.2764685,0.62670764
joint-final,42,30000000,SB RFI,K9o,12,0.031847276,0,0,0.17661871,0.63761574,0.15391827,0.81423445
joint-final,42,30000000,SB RFI,KTo,12,0.0114111975,0,0,0.24912433,0.27311528,0.46634918,0.52223961
joint-final,42,30000000,SB RFI,KJo,12,0.010374869,0,0,0.21603669,0.36878452,0.4048039,0.58482121
joint-final,42,30000000,SB RFI,KQo,12,0.008773127,0,0,0.23965597,0.4155731,0.33599782,0.65522907
joint-final,42,30000000,SB RFI,A2o,12,0.035123102,0,0,0.42135903,0.42047766,0.12304025,0.84183669
joint-final,42,30000000,SB RFI,A3o,12,0.029922746,0,0,0.17607535,0.64537185,0.14862998,0.8214471999999999
joint-final,42,30000000,SB RFI,A4o,12,0.018385697,0,0,0.27050152,0.6131672,0.09794554,0.88366872
joint-final,42,30000000,SB RFI,A5o,12,0.017924162,0,0,0.12717134,0.31445533,0.54044914,0.44162667
joint-final,42,30000000,SB RFI,A6o,12,0.020119118,0,0,0.16151829,0.7199823,0.09838033,0.8815005899999999
joint-final,42,30000000,SB RFI,A7o,12,0.008581798,0,0,0.33161828,0.26872346,0.39107645,0.60034174
joint-final,42,30000000,SB RFI,A8o,12,0.007932678,0,0,0.4899595,0.37788135,0.12422644,0.86784085
joint-final,42,30000000,SB RFI,A9o,12,0.0090697035,0,0,0.2207573,0.6349694,0.13520359,0.8557267
joint-final,42,30000000,SB RFI,ATo,12,0.0046826205,0,0,0.21756901,0.27179244,0.50595593,0.48936145000000003
joint-final,42,30000000,SB RFI,AJo,12,0.0034090101,0,0,0.30627003,0.55185837,0.13846253,0.8581284
joint-final,42,30000000,SB RFI,AQo,12,0.0033981767,0,0,0.4893249,0.21227548,0.2950014,0.70160038
joint-final,42,30000000,SB RFI,AKo,12,0.0027620003,0,0,0.62966096,0.16091394,0.20666312,0.7905749000000001
joint-final,42,60000000,UTG RFI,22,6,0.95571333,0.009970439,0.011645021,0,0.022671241,0,0.044286701
joint-final,42,60000000,UTG RFI,33,6,0.93192637,0.017845621,0.017624786,0,0.032603264,0,0.068073671
joint-final,42,60000000,UTG RFI,44,6,0.83330125,0.04550638,0.040640682,0,0.08055167,0,0.16669873200000002
joint-final,42,60000000,UTG RFI,55,6,0.114748426,0.46317643,0.22432223,0,0.19775291,0,0.88525157
joint-final,42,60000000,UTG RFI,66,6,0.009530571,0.21996659,0.60090643,0,0.16959637,0,0.99046939
joint-final,42,60000000,UTG RFI,77,6,0.0066725654,0.5831264,0.27419952,0,0.13600156,0,0.99332748
joint-final,42,60000000,UTG RFI,88,6,0.0032953576,0.27538583,0.53493345,0,0.18638538,0,0.99670466
joint-final,42,60000000,UTG RFI,99,6,0.001811159,0.46471947,0.35380518,0,0.17966413,0,0.99818878
joint-final,42,60000000,UTG RFI,TT,6,0.0014068633,0.3069222,0.593133,0,0.09853803,0,0.99859323
joint-final,42,60000000,UTG RFI,JJ,6,0.0009815096,0.3157148,0.5659027,0,0.117401,0,0.9990185
joint-final,42,60000000,UTG RFI,QQ,6,0.0007033555,0.35290077,0.5917085,0,0.054687407,0,0.9992966769999999
joint-final,42,60000000,UTG RFI,KK,6,0.00041101035,0.5440456,0.417277,0,0.0382663,0,0.9995889
joint-final,42,60000000,UTG RFI,AA,6,0.00026422256,0.54985553,0.4182507,0,0.031629525,0,0.999735755
joint-final,42,60000000,UTG RFI,32s,4,0.9758277,0.0056352513,0.005742427,0,0.012794639,0,0.0241723173
joint-final,42,60000000,UTG RFI,42s,4,0.97680783,0.0060197837,0.005150813,0,0.012021532,0,0.0231921287
joint-final,42,60000000,UTG RFI,43s,4,0.9718773,0.0072036213,0.0063875215,0,0.014531518,0,0.0281226608
joint-final,42,60000000,UTG RFI,52s,4,0.9734953,0.0069412193,0.0064222678,0,0.013141189,0,0.0265046761
joint-final,42,60000000,UTG RFI,53s,4,0.9658914,0.010703962,0.008442922,0,0.014961707,0,0.034108591
joint-final,42,60000000,UTG RFI,54s,4,0.9593224,0.012776908,0.008914322,0,0.018986376,0,0.040677606
joint-final,42,60000000,UTG RFI,62s,4,0.9747219,0.006532971,0.0054134117,0,0.013331753,0,0.0252781357
joint-final,42,60000000,UTG RFI,63s,4,0.97111493,0.008573939,0.007516675,0,0.012794435,0,0.028885049
joint-final,42,60000000,UTG RFI,64s,4,0.9661683,0.010426459,0.009100788,0,0.014304468,0,0.033831715
joint-final,42,60000000,UTG RFI,65s,4,0.95578027,0.012492032,0.011555577,0,0.020172182,0,0.044219791
joint-final,42,60000000,UTG RFI,72s,4,0.97823155,0.0053998185,0.0056989184,0,0.0106697865,0,0.0217685234
joint-final,42,60000000,UTG RFI,73s,4,0.9729934,0.007347371,0.0063577928,0,0.01330143,0,0.0270065938
joint-final,42,60000000,UTG RFI,74s,4,0.9667378,0.009690891,0.0072260583,0,0.016345259,0,0.0332622083
joint-final,42,60000000,UTG RFI,75s,4,0.95657045,0.011260255,0.014177723,0,0.017991556,0,0.043429534
joint-final,42,60000000,UTG RFI,76s,4,0.95081794,0.014799351,0.013712928,0,0.020669729,0,0.049182008
joint-final,42,60000000,UTG RFI,82s,4,0.97699124,0.0054070046,0.0056496486,0,0.011952094,0,0.0230087472
joint-final,42,60000000,UTG RFI,83s,4,0.9755038,0.0060426877,0.006283041,0,0.012170493,0,0.0244962217
joint-final,42,60000000,UTG RFI,84s,4,0.97227514,0.0069895484,0.007337236,0,0.013398098,0,0.0277248824
joint-final,42,60000000,UTG RFI,85s,4,0.9624208,0.01108928,0.010052502,0,0.016437402,0,0.037579184
joint-final,42,60000000,UTG RFI,86s,4,0.9510049,0.0131894965,0.014914364,0,0.020891216,0,0.0489950765
joint-final,42,60000000,UTG RFI,87s,4,0.924481,0.02364811,0.026020657,0,0.025850277,0,0.07551904400000001
joint-final,42,60000000,UTG RFI,92s,4,0.97489214,0.007743401,0.0056982506,0,0.01166618,0,0.025107831599999998
joint-final,42,60000000,UTG RFI,93s,4,0.9733295,0.007624632,0.005967633,0,0.013078234,0,0.026670499
joint-final,42,60000000,UTG RFI,94s,4,0.9729817,0.007183088,0.0061486447,0,0.013686514,0,0.027018246699999998
joint-final,42,60000000,UTG RFI,95s,4,0.9618546,0.009857926,0.011486787,0,0.016800666,0,0.038145379
joint-final,42,60000000,UTG RFI,96s,4,0.9515771,0.014598274,0.013800685,0,0.020023927,0,0.048422886
joint-final,42,60000000,UTG RFI,97s,4,0.9219337,0.022431107,0.021872463,0,0.0337627,0,0.07806627
joint-final,42,60000000,UTG RFI,98s,4,0.90026087,0.039059132,0.03180976,0,0.02887023,0,0.099739122
joint-final,42,60000000,UTG RFI,T2s,4,0.97183216,0.007957113,0.0066780723,0,0.01353264,0,0.0281678253
joint-final,42,60000000,UTG RFI,T3s,4,0.97163016,0.00792131,0.007179195,0,0.013269378,0,0.028369883000000002
joint-final,42,60000000,UTG RFI,T4s,4,0.96575063,0.009054087,0.00914585,0,0.016049497,0,0.034249434
joint-final,42,60000000,UTG RFI,T5s,4,0.9632466,0.009946362,0.010332398,0,0.016474657,0,0.036753417
joint-final,42,60000000,UTG RFI,T6s,4,0.95512116,0.016224455,0.009797346,0,0.018857041,0,0.044878842
joint-final,42,60000000,UTG RFI,T7s,4,0.93626386,0.021726435,0.017886642,0,0.024123061,0,0.063736138
joint-final,42,60000000,UTG RFI,T8s,4,0.88242847,0.031664062,0.04550227,0,0.040405147,0,0.117571479
joint-final,42,60000000,UTG RFI,T9s,4,0.4774206,0.40496573,0.07838701,0,0.039226748,0,0.522579488
joint-final,42,60000000,UTG RFI,J2s,4,0.9713735,0.0070946673,0.008498747,0,0.013033157,0,0.0286265713
joint-final,42,60000000,UTG RFI,J3s,4,0.96650165,0.008725228,0.009051596,0,0.015721498,0,0.033498322
joint-final,42,60000000,UTG RFI,J4s,4,0.9647378,0.010233894,0.009415524,0,0.01561283,0,0.035262247999999996
joint-final,42,60000000,UTG RFI,J5s,4,0.9624661,0.0102039445,0.010344023,0,0.01698591,0,0.0375338775
joint-final,42,60000000,UTG RFI,J6s,4,0.9558504,0.013492878,0.01083063,0,0.019826092,0,0.0441496
joint-final,42,60000000,UTG RFI,J7s,4,0.9389737,0.019208709,0.015538998,0,0.026278589,0,0.061026296
joint-final,42,60000000,UTG RFI,J8s,4,0.8729214,0.05052675,0.037882347,0,0.03866945,0,0.127078547
joint-final,42,60000000,UTG RFI,J9s,4,0.7676369,0.0728788,0.094941415,0,0.06454285,0,0.23236306499999998
joint-final,42,60000000,UTG RFI,JTs,4,0.0571135,0.285405,0.42454687,0,0.2329346,0,0.94288647
joint-final,42,60000000,UTG RFI,Q2s,4,0.96065676,0.009598762,0.011278127,0,0.018466406,0,0.039343295
joint-final,42,60000000,UTG RFI,Q3s,4,0.9587818,0.011286687,0.0100472905,0,0.019884197,0,0.041218174499999996
joint-final,42,60000000,UTG RFI,Q4s,4,0.9534905,0.013609243,0.013224303,0,0.019676005,0,0.046509550999999996
joint-final,42,60000000,UTG RFI,Q5s,4,0.9392428,0.017311325,0.019140173,0,0.024305701,0,0.060757199
joint-final,42,60000000,UTG RFI,Q6s,4,0.9296412,0.025164412,0.021522405,0,0.02367201,0,0.070358827
joint-final,42,60000000,UTG RFI,Q7s,4,0.92401916,0.025035787,0.02453939,0,0.026405638,0,0.07598081500000001
joint-final,42,60000000,UTG RFI,Q8s,4,0.83514833,0.03210523,0.091829754,0,0.040916596,0,0.16485158
joint-final,42,60000000,UTG RFI,Q9s,4,0.25408354,0.5629868,0.09569155,0,0.08723817,0,0.74591652
joint-final,42,60000000,UTG RFI,QTs,4,0.018369494,0.6615754,0.19836646,0,0.12168868,0,0.98163054
joint-final,42,60000000,UTG RFI,QJs,4,0.012424161,0.53264505,0.19196583,0,0.26296493,0,0.9875758099999999
joint-final,42,60000000,UTG RFI,K2s,4,0.9415252,0.016578225,0.015789028,0,0.026107622,0,0.058474874999999996
joint-final,42,60000000,UTG RFI,K3s,4,0.9306313,0.024333855,0.016378136,0,0.028656771,0,0.069368762
joint-final,42,60000000,UTG RFI,K4s,4,0.91875076,0.023720793,0.03287796,0,0.024650527,0,0.08124928
joint-final,42,60000000,UTG RFI,K5s,4,0.9032756,0.039452568,0.025728365,0,0.03154353,0,0.096724463
joint-final,42,60000000,UTG RFI,K6s,4,0.8474939,0.062278472,0.0556441,0,0.034583483,0,0.152506055
joint-final,42,60000000,UTG RFI,K7s,4,0.65761566,0.22054951,0.07605606,0,0.045778733,0,0.342384303
joint-final,42,60000000,UTG RFI,K8s,4,0.69834274,0.050922927,0.20012058,0,0.050613727,0,0.301657234
joint-final,42,60000000,UTG RFI,K9s,4,0.12740357,0.6131967,0.14823222,0,0.11116758,0,0.8725965
joint-final,42,60000000,UTG RFI,KTs,4,0.011766041,0.30466476,0.37293705,0,0.31063214,0,0.9882339499999999
joint-final,42,60000000,UTG RFI,KJs,4,0.008540496,0.27970603,0.58844286,0,0.123310626,0,0.991459516
joint-final,42,60000000,UTG RFI,KQs,4,0.0045796884,0.49170822,0.2392568,0,0.2644553,0,0.99542032
joint-final,42,60000000,UTG RFI,A2s,4,0.61592644,0.067131184,0.12571512,0,0.19122727,0,0.38407357400000003
joint-final,42,60000000,UTG RFI,A3s,4,0.44091707,0.37345695,0.09033417,0,0.095291756,0,0.5590828760000001
joint-final,42,60000000,UTG RFI,A4s,4,0.11646717,0.31109217,0.4357489,0,0.13669173,0,0.8835328
joint-final,42,60000000,UTG RFI,A5s,4,0.036352642,0.21382456,0.2909907,0,0.4588321,0,0.96364736
joint-final,42,60000000,UTG RFI,A6s,4,0.09389992,0.08977145,0.4274436,0,0.38888505,0,0.9061001
joint-final,42,60000000,UTG RFI,A7s,4,0.059199892,0.12339566,0.5425702,0,0.27483422,0,0.94080008
joint-final,42,60000000,UTG RFI,A8s,4,0.012091886,0.3055551,0.43275186,0,0.2496012,0,0.98790816
joint-final,42,60000000,UTG RFI,A9s,4,0.013112346,0.116036214,0.6394438,0,0.23140766,0,0.986887674
joint-final,42,60000000,UTG RFI,ATs,4,0.006164952,0.20352527,0.6282951,0,0.16201465,0,0.99383502
joint-final,42,60000000,UTG RFI,AJs,4,0.0030122811,0.503579,0.13536216,0,0.35804653,0,0.99698769
joint-final,42,60000000,UTG RFI,AQs,4,0.0021187763,0.40200958,0.21475151,0,0.38112015,0,0.99788124
joint-final,42,60000000,UTG RFI,AKs,4,0.0019963076,0.13966137,0.25733656,0,0.6010058,0,0.99800373
joint-final,42,60000000,UTG RFI,32o,12,0.99210817,0.0014253834,0.0013838812,0,0.0050825696,0,0.0078918342
joint-final,42,60000000,UTG RFI,42o,12,0.9913393,0.0015002411,0.0015336098,0,0.0056269094,0,0.0086607603
joint-final,42,60000000,UTG RFI,43o,12,0.9901778,0.0018671376,0.001832513,0,0.006122492,0,0.0098221426
joint-final,42,60000000,UTG RFI,52o,12,0.99076504,0.0017006428,0.0017220479,0,0.0058121756,0,0.0092348663
joint-final,42,60000000,UTG RFI,53o,12,0.9892857,0.002207638,0.0019872452,0,0.006519397,0,0.010714280199999999
joint-final,42,60000000,UTG RFI,54o,12,0.9868077,0.002632435,0.002893073,0,0.0076667354,0,0.0131922434
joint-final,42,60000000,UTG RFI,62o,12,0.99143994,0.0015374793,0.0013873365,0,0.0056352383,0,0.0085600541
joint-final,42,60000000,UTG RFI,63o,12,0.9905691,0.0018171548,0.0018413253,0,0.005772339,0,0.0094308191
joint-final,42,60000000,UTG RFI,64o,12,0.98801774,0.0025475728,0.0021107798,0,0.007323858,0,0.0119822106
joint-final,42,60000000,UTG RFI,65o,12,0.9858105,0.0032638267,0.0033045493,0,0.007621103,0,0.014189479
joint-final,42,60000000,UTG RFI,72o,12,0.9923153,0.0013028377,0.0013666854,0,0.005015227,0,0.0076847501
joint-final,42,60000000,UTG RFI,73o,12,0.99109226,0.0016532689,0.0017325629,0,0.005521908,0,0.0089077398
joint-final,42,60000000,UTG RFI,74o,12,0.9887138,0.0023800419,0.002204346,0,0.006701862,0,0.0112862499
joint-final,42,60000000,UTG RFI,75o,12,0.9869638,0.0026635309,0.002921495,0,0.0074511115,0,0.0130361374
joint-final,42,60000000,UTG RFI,76o,12,0.9832837,0.003534102,0.0044513484,0,0.00873079,0,0.0167162404
joint-final,42,60000000,UTG RFI,82o,12,0.9914536,0.0015447399,0.0015870219,0,0.005414654,0,0.0085464158
joint-final,42,60000000,UTG RFI,83o,12,0.99190843,0.0015799785,0.0014128768,0,0.005098672,0,0.0080915273
joint-final,42,60000000,UTG RFI,84o,12,0.98928034,0.0020919163,0.001993342,0,0.0066343537,0,0.010719612
joint-final,42,60000000,UTG RFI,85o,12,0.9875592,0.0027264624,0.0026166819,0,0.0070976955,0,0.012440839799999999
joint-final,42,60000000,UTG RFI,86o,12,0.98504674,0.0033104494,0.003617573,0,0.008025277,0,0.014953299400000002
joint-final,42,60000000,UTG RFI,87o,12,0.9809449,0.004951448,0.0044929483,0,0.009610663,0,0.0190550593
joint-final,42,60000000,UTG RFI,92o,12,0.99127823,0.0016422066,0.0015734385,0,0.0055061844,0,0.0087218295
joint-final,42,60000000,UTG RFI,93o,12,0.9909106,0.0018176778,0.0016391448,0,0.0056326916,0,0.009089514199999999
joint-final,42,60000000,UTG RFI,94o,12,0.9903661,0.0019663994,0.0018355207,0,0.005832025,0,0.0096339451
joint-final,42,60000000,UTG RFI,95o,12,0.98872364,0.002295968,0.0023846321,0,0.00659568,0,0.0112762801
joint-final,42,60000000,UTG RFI,96o,12,0.9856285,0.0030541827,0.0034840251,0,0.007833287,0,0.014371494799999999
joint-final,42,60000000,UTG RFI,97o,12,0.98249865,0.0045196544,0.004552478,0,0.008429223,0,0.0175013554
joint-final,42,60000000,UTG RFI,98o,12,0.9752658,0.0069267326,0.0062907366,0,0.011516706,0,0.0247341752
joint-final,42,60000000,UTG RFI,T2o,12,0.99004686,0.0019308679,0.0019033896,0,0.0061188284,0,0.0099530859
joint-final,42,60000000,UTG RFI,T3o,12,0.98987997,0.0019367379,0.00196547,0,0.0062178345,0,0.0101200424
joint-final,42,60000000,UTG RFI,T4o,12,0.9893901,0.0021402938,0.0022816826,0,0.0061879815,0,0.0106099579
joint-final,42,60000000,UTG RFI,T5o,12,0.9890529,0.0023109051,0.0023226026,0,0.006313573,0,0.0109470807
joint-final,42,60000000,UTG RFI,T6o,12,0.98662525,0.002900386,0.002941671,0,0.0075326827,0,0.0133747397
joint-final,42,60000000,UTG RFI,T7o,12,0.9828397,0.004086054,0.004276675,0,0.008797516,0,0.017160245
joint-final,42,60000000,UTG RFI,T8o,12,0.9772528,0.0062044016,0.0063722027,0,0.010170606,0,0.0227472103
joint-final,42,60000000,UTG RFI,T9o,12,0.9639015,0.013591022,0.009171026,0,0.0133363325,0,0.0360983805
joint-final,42,60000000,UTG RFI,J2o,12,0.98964524,0.002237401,0.0020230205,0,0.0060943863,0,0.0103548078
joint-final,42,60000000,UTG RFI,J3o,12,0.98897195,0.002357118,0.0022274225,0,0.00644345,0,0.0110279905
joint-final,42,60000000,UTG RFI,J4o,12,0.9880448,0.0026904535,0.0024729003,0,0.006791813,0,0.0119551668
joint-final,42,60000000,UTG RFI,J5o,12,0.98736256,0.002808761,0.0025733751,0,0.007255267,0,0.0126374031
joint-final,42,60000000,UTG RFI,J6o,12,0.9868289,0.0031185462,0.0030502507,0,0.0070022633,0,0.013171060200000001
joint-final,42,60000000,UTG RFI,J7o,12,0.9832034,0.0042902767,0.0036239696,0,0.008882358,0,0.0167966043
joint-final,42,60000000,UTG RFI,J8o,12,0.9781017,0.00585021,0.005199441,0,0.010848672,0,0.021898323
joint-final,42,60000000,UTG RFI,J9o,12,0.9640261,0.011742683,0.010910138,0,0.013321155,0,0.035973976
joint-final,42,60000000,UTG RFI,JTo,12,0.8606345,0.043242875,0.071543895,0,0.024578698,0,0.139365468
joint-final,42,60000000,UTG RFI,Q2o,12,0.9871139,0.002754854,0.0026999933,0,0.0074312417,0,0.012886089
joint-final,42,60000000,UTG RFI,Q3o,12,0.98679644,0.0029924535,0.0025880756,0,0.007623107,0,0.013203636099999999
joint-final,42,60000000,UTG RFI,Q4o,12,0.9862627,0.0034487764,0.0029442282,0,0.0073443754,0,0.01373738
joint-final,42,60000000,UTG RFI,Q5o,12,0.98431295,0.003802103,0.003623063,0,0.008261854,0,0.01568702
joint-final,42,60000000,UTG RFI,Q6o,12,0.9833836,0.003937332,0.0038990197,0,0.00878002,0,0.0166163717
joint-final,42,60000000,UTG RFI,Q7o,12,0.98307735,0.003855425,0.004064377,0,0.009002841,0,0.016922643
joint-final,42,60000000,UTG RFI,Q8o,12,0.9741722,0.0075887344,0.006313893,0,0.0119251795,0,0.0258278069
joint-final,42,60000000,UTG RFI,Q9o,12,0.9558089,0.016893627,0.012065859,0,0.015231619,0,0.044191105
joint-final,42,60000000,UTG RFI,QTo,12,0.8209684,0.055548813,0.10000148,0,0.02348133,0,0.179031623
joint-final,42,60000000,UTG RFI,QJo,12,0.21924725,0.5752004,0.17725496,0,0.028297352,0,0.780752712
joint-final,42,60000000,UTG RFI,K2o,12,0.98493797,0.0034432963,0.0033741053,0,0.008244565,0,0.0150619666
joint-final,42,60000000,UTG RFI,K3o,12,0.9828367,0.0038753909,0.0042774375,0,0.009010444,0,0.0171632724
joint-final,42,60000000,UTG RFI,K4o,12,0.9808646,0.004204034,0.0048765545,0,0.010054859,0,0.0191354475
joint-final,42,60000000,UTG RFI,K5o,12,0.9779333,0.005514897,0.0051834723,0,0.011368255,0,0.0220666243
joint-final,42,60000000,UTG RFI,K6o,12,0.9761188,0.006869932,0.0067397743,0,0.010271458,0,0.0238811643
joint-final,42,60000000,UTG RFI,K7o,12,0.97165465,0.008230854,0.0068048285,0,0.013309567,0,0.0283452495
joint-final,42,60000000,UTG RFI,K8o,12,0.96745664,0.009427944,0.009295138,0,0.0138203185,0,0.0325434005
joint-final,42,60000000,UTG RFI,K9o,12,0.87179255,0.035213906,0.075104944,0,0.017888645,0,0.128207495
joint-final,42,60000000,UTG RFI,KTo,12,0.123841584,0.16601765,0.6652216,0,0.04491928,0,0.87615853
joint-final,42,60000000,UTG RFI,KJo,12,0.027155176,0.63532114,0.27091354,0,0.06661017,0,0.97284485
joint-final,42,60000000,UTG RFI,KQo,12,0.0062766597,0.43680418,0.4864979,0,0.070421204,0,0.993723284
joint-final,42,60000000,UTG RFI,A2o,12,0.96528023,0.008928692,0.01107888,0,0.014712188,0,0.03471976
joint-final,42,60000000,UTG RFI,A3o,12,0.94789666,0.0106013,0.025035221,0,0.016466834,0,0.052103355
joint-final,42,60000000,UTG RFI,A4o,12,0.93614066,0.025094427,0.01597284,0,0.022792075,0,0.063859342
joint-final,42,60000000,UTG RFI,A5o,12,0.85835856,0.081856914,0.034055997,0,0.025728496,0,0.141641407
joint-final,42,60000000,UTG RFI,A6o,12,0.9211943,0.029342938,0.031173306,0,0.018289348,0,0.07880559200000001
joint-final,42,60000000,UTG RFI,A7o,12,0.76630604,0.045806944,0.15692452,0,0.030962426,0,0.23369389000000002
joint-final,42,60000000,UTG RFI,A8o,12,0.56664515,0.29383048,0.08689508,0,0.052629393,0,0.433354953
joint-final,42,60000000,UTG RFI,A9o,12,0.08822303,0.68674606,0.14599676,0,0.07903413,0,0.91177695
joint-final,42,60000000,UTG RFI,ATo,12,0.00430868,0.41674945,0.39238304,0,0.18655884,0,0.9956913300000001
joint-final,42,60000000,UTG RFI,AJo,12,0.00229854,0.44298363,0.38804936,0,0.16666846,0,0.99770145
joint-final,42,60000000,UTG RFI,AQo,12,0.0014664395,0.2699348,0.49374634,0,0.23485243,0,0.99853357
joint-final,42,60000000,UTG RFI,AKo,12,0.00095188007,0.48198232,0.31873474,0,0.19833101,0,0.9990480700000001
joint-final,42,60000000,HJ RFI,22,6,0.9414142,0.014408173,0.013233304,0,0.03094441,0,0.058585886999999996
joint-final,42,60000000,HJ RFI,33,6,0.9136914,0.017677806,0.027825853,0,0.04080488,0,0.086308539
joint-final,42,60000000,HJ RFI,44,6,0.7048289,0.07546448,0.05860153,0,0.16110508,0,0.29517109
joint-final,42,60000000,HJ RFI,55,6,0.056488868,0.13519467,0.33931357,0,0.4690029,0,0.94351114
joint-final,42,60000000,HJ RFI,66,6,0.010134525,0.24785697,0.45099685,0,0.2910116,0,0.98986542
joint-final,42,60000000,HJ RFI,77,6,0.0054578516,0.32707477,0.34467283,0,0.32279456,0,0.99454216
joint-final,42,60000000,HJ RFI,88,6,0.0036796667,0.42227703,0.4686639,0,0.10537938,0,0.99632031
joint-final,42,60000000,HJ RFI,99,6,0.0025220597,0.21745108,0.5550954,0,0.22493142,0,0.9974779
joint-final,42,60000000,HJ RFI,TT,6,0.0013657064,0.48123237,0.29998878,0,0.21741311,0,0.99863426
joint-final,42,60000000,HJ RFI,JJ,6,0.0013202055,0.21434014,0.6442439,0,0.14009573,0,0.99867977
joint-final,42,60000000,HJ RFI,QQ,6,0.0009206263,0.30864885,0.61506766,0,0.07536292,0,0.99907943
joint-final,42,60000000,HJ RFI,KK,6,0.0005163566,0.4183915,0.5324775,0,0.04861468,0,0.9994836800000001
joint-final,42,60000000,HJ RFI,AA,6,0.00035300676,0.6654679,0.2957609,0,0.038418192,0,0.999646992
joint-final,42,60000000,HJ RFI,32s,4,0.9736556,0.005292468,0.0061013694,0,0.0149505325,0,0.0263443699
joint-final,42,60000000,HJ RFI,42s,4,0.9717302,0.0072785784,0.0053329384,0,0.015658228,0,0.0282697448
joint-final,42,60000000,HJ RFI,43s,4,0.9669279,0.0078655975,0.008765436,0,0.016441064,0,0.033072097499999994
joint-final,42,60000000,HJ RFI,52s,4,0.9693489,0.007838807,0.0059182984,0,0.016893983,0,0.030651088400000002
joint-final,42,60000000,HJ RFI,53s,4,0.96140677,0.0094463015,0.010702435,0,0.018444479,0,0.0385932155
joint-final,42,60000000,HJ RFI,54s,4,0.9516593,0.013212387,0.011772218,0,0.023356063,0,0.048340668
joint-final,42,60000000,HJ RFI,62s,4,0.9709434,0.00684204,0.006578593,0,0.015635958,0,0.029056591
joint-final,42,60000000,HJ RFI,63s,4,0.9671351,0.007882824,0.008384133,0,0.016597994,0,0.032864951
joint-final,42,60000000,HJ RFI,64s,4,0.96079993,0.009719864,0.009731889,0,0.019748252,0,0.039200005
joint-final,42,60000000,HJ RFI,65s,4,0.9497208,0.013559239,0.014699342,0,0.022020545,0,0.050279126
joint-final,42,60000000,HJ RFI,72s,4,0.97401184,0.005872393,0.0062661753,0,0.013849592,0,0.0259881603
joint-final,42,60000000,HJ RFI,73s,4,0.96906084,0.006530542,0.007869214,0,0.016539387,0,0.030939143
joint-final,42,60000000,HJ RFI,74s,4,0.9639139,0.010608206,0.00964701,0,0.015830921,0,0.036086137000000004
joint-final,42,60000000,HJ RFI,75s,4,0.95688295,0.0114018805,0.012351516,0,0.019363644,0,0.043117040499999995
joint-final,42,60000000,HJ RFI,76s,4,0.94183844,0.019284239,0.011857701,0,0.027019601,0,0.058161541000000004
joint-final,42,60000000,HJ RFI,82s,4,0.97169244,0.006498182,0.0064353566,0,0.015374064,0,0.0283076026
joint-final,42,60000000,HJ RFI,83s,4,0.9714256,0.0065515703,0.0058294088,0,0.016193371,0,0.0285743501
joint-final,42,60000000,HJ RFI,84s,4,0.9636078,0.009801683,0.009110046,0,0.017480452,0,0.036392181
joint-final,42,60000000,HJ RFI,85s,4,0.9558918,0.011894528,0.011042158,0,0.021171547,0,0.044108233
joint-final,42,60000000,HJ RFI,86s,4,0.9337826,0.018960387,0.021179443,0,0.026077542,0,0.066217372
joint-final,42,60000000,HJ RFI,87s,4,0.92887175,0.022956729,0.022502825,0,0.025668776,0,0.07112833
joint-final,42,60000000,HJ RFI,92s,4,0.9717235,0.0068169245,0.007301335,0,0.014158186,0,0.0282764455
joint-final,42,60000000,HJ RFI,93s,4,0.9670746,0.0077496152,0.007459943,0,0.017715856,0,0.032925414199999996
joint-final,42,60000000,HJ RFI,94s,4,0.9683057,0.008434552,0.0071795424,0,0.016080244,0,0.0316943384
joint-final,42,60000000,HJ RFI,95s,4,0.9545455,0.012146469,0.011527108,0,0.021780938,0,0.045454515
joint-final,42,60000000,HJ RFI,96s,4,0.94737697,0.015709046,0.012499061,0,0.024414828,0,0.052622935
joint-final,42,60000000,HJ RFI,97s,4,0.9375588,0.015052301,0.019563396,0,0.027825482,0,0.062441179
joint-final,42,60000000,HJ RFI,98s,4,0.900589,0.034261797,0.033210207,0,0.031939026,0,0.09941103
joint-final,42,60000000,HJ RFI,T2s,4,0.96651083,0.0072833537,0.00816727,0,0.018038515,0,0.033489138700000004
joint-final,42,60000000,HJ RFI,T3s,4,0.9658525,0.009334315,0.008086254,0,0.016726932,0,0.034147501
joint-final,42,60000000,HJ RFI,T4s,4,0.9629553,0.01025162,0.00964509,0,0.017148023,0,0.037044732999999996
joint-final,42,60000000,HJ RFI,T5s,4,0.96191216,0.011524075,0.008630257,0,0.01793349,0,0.038087822
joint-final,42,60000000,HJ RFI,T6s,4,0.94777936,0.0149484975,0.013878582,0,0.0233935,0,0.0522205795
joint-final,42,60000000,HJ RFI,T7s,4,0.9278411,0.023268523,0.020434307,0,0.028456014,0,0.072158844
joint-final,42,60000000,HJ RFI,T8s,4,0.8947546,0.030765058,0.03111441,0,0.043365944,0,0.105245412
joint-final,42,60000000,HJ RFI,T9s,4,0.7078065,0.16340986,0.082548745,0,0.04623492,0,0.292193525
joint-final,42,60000000,HJ RFI,J2s,4,0.9613149,0.011163527,0.009603567,0,0.017917955,0,0.038685049
joint-final,42,60000000,HJ RFI,J3s,4,0.95404774,0.01050284,0.010360949,0,0.025088511,0,0.0459523
joint-final,42,60000000,HJ RFI,J4s,4,0.95480126,0.0119791515,0.012282251,0,0.020937305,0,0.0451987075
joint-final,42,60000000,HJ RFI,J5s,4,0.9512741,0.013667815,0.013522105,0,0.021535972,0,0.048725892
joint-final,42,60000000,HJ RFI,J6s,4,0.947991,0.015447988,0.01631269,0,0.020248318,0,0.052008996
joint-final,42,60000000,HJ RFI,J7s,4,0.9207793,0.025414674,0.02404394,0,0.029762102,0,0.079220716
joint-final,42,60000000,HJ RFI,J8s,4,0.85952,0.02952161,0.07408346,0,0.036874913,0,0.140479983
joint-final,42,60000000,HJ RFI,J9s,4,0.62103724,0.25583652,0.08788986,0,0.03523638,0,0.37896276
joint-final,42,60000000,HJ RFI,JTs,4,0.079823494,0.5429556,0.28876296,0,0.088458,0,0.92017656
joint-final,42,60000000,HJ RFI,Q2s,4,0.95436597,0.011205513,0.0134970145,0,0.020931443,0,0.0456339705
joint-final,42,60000000,HJ RFI,Q3s,4,0.9496279,0.014858932,0.011327873,0,0.024185196,0,0.050372001
joint-final,42,60000000,HJ RFI,Q4s,4,0.9441728,0.015662618,0.0143702,0,0.025794394,0,0.055827212
joint-final,42,60000000,HJ RFI,Q5s,4,0.9329116,0.017928738,0.022240782,0,0.026918905,0,0.06708842500000001
joint-final,42,60000000,HJ RFI,Q6s,4,0.92342657,0.0230208,0.025586301,0,0.027966373,0,0.076573474
joint-final,42,60000000,HJ RFI,Q7s,4,0.90315706,0.034981597,0.030546805,0,0.031314522,0,0.096842924
joint-final,42,60000000,HJ RFI,Q8s,4,0.82009745,0.07353853,0.056964386,0,0.04939962,0,0.179902536
joint-final,42,60000000,HJ RFI,Q9s,4,0.47094402,0.070758864,0.3012817,0,0.15701543,0,0.529055994
joint-final,42,60000000,HJ RFI,QTs,4,0.045598593,0.715105,0.1346978,0,0.104598634,0,0.954401434
joint-final,42,60000000,HJ RFI,QJs,4,0.017078629,0.38020205,0.48963156,0,0.11308775,0,0.9829213600000001
joint-final,42,60000000,HJ RFI,K2s,4,0.9081964,0.030440658,0.017995004,0,0.04336795,0,0.091803612
joint-final,42,60000000,HJ RFI,K3s,4,0.9259888,0.018470578,0.023970557,0,0.031570043,0,0.074011178
joint-final,42,60000000,HJ RFI,K4s,4,0.91490066,0.026807224,0.026695052,0,0.031597022,0,0.085099298
joint-final,42,60000000,HJ RFI,K5s,4,0.89768994,0.031220261,0.032770406,0,0.038319446,0,0.10231011300000001
joint-final,42,60000000,HJ RFI,K6s,4,0.85604495,0.057189625,0.047380723,0,0.03938464,0,0.143954988
joint-final,42,60000000,HJ RFI,K7s,4,0.70743775,0.16286838,0.07567625,0,0.0540176,0,0.29256223000000003
joint-final,42,60000000,HJ RFI,K8s,4,0.6077187,0.23033315,0.097461104,0,0.064487115,0,0.392281369
joint-final,42,60000000,HJ RFI,K9s,4,0.10261265,0.52698857,0.25336668,0,0.11703215,0,0.8973874
joint-final,42,60000000,HJ RFI,KTs,4,0.016631156,0.16399522,0.42684424,0,0.3925294,0,0.9833688599999999
joint-final,42,60000000,HJ RFI,KJs,4,0.0075100707,0.42235702,0.35227263,0,0.2178603,0,0.99248995
joint-final,42,60000000,HJ RFI,KQs,4,0.006603997,0.25621602,0.49493745,0,0.24224257,0,0.9933960399999999
joint-final,42,60000000,HJ RFI,A2s,4,0.5079229,0.16660549,0.22512239,0,0.100349225,0,0.492077105
joint-final,42,60000000,HJ RFI,A3s,4,0.29517958,0.12924121,0.39653963,0,0.17903951,0,0.70482035
joint-final,42,60000000,HJ RFI,A4s,4,0.14237036,0.13036102,0.08132375,0,0.64594495,0,0.8576297199999999
joint-final,42,60000000,HJ RFI,A5s,4,0.059867762,0.29185906,0.18016453,0,0.46810862,0,0.94013221
joint-final,42,60000000,HJ RFI,A6s,4,0.15810737,0.3829528,0.3279993,0,0.13094053,0,0.84189263
joint-final,42,60000000,HJ RFI,A7s,4,0.026541186,0.17027788,0.3530258,0,0.4501551,0,0.97345878
joint-final,42,60000000,HJ RFI,A8s,4,0.0152335,0.13448837,0.64200807,0,0.20827004,0,0.98476648
joint-final,42,60000000,HJ RFI,A9s,4,0.011320926,0.27948403,0.34189928,0,0.3672958,0,0.9886791100000001
joint-final,42,60000000,HJ RFI,ATs,4,0.0042465427,0.44541234,0.3738602,0,0.17648089,0,0.9957534299999999
joint-final,42,60000000,HJ RFI,AJs,4,0.0035723273,0.36727002,0.15118372,0,0.47797388,0,0.99642762
joint-final,42,60000000,HJ RFI,AQs,4,0.0021487582,0.19672766,0.4499497,0,0.35117388,0,0.99785124
joint-final,42,60000000,HJ RFI,AKs,4,0.002469505,0.17869975,0.15238845,0,0.6664423,0,0.9975305000000001
joint-final,42,60000000,HJ RFI,32o,12,0.98981786,0.0016799668,0.0017065692,0,0.0067955945,0,0.0101821305
joint-final,42,60000000,HJ RFI,42o,12,0.9896628,0.0017916963,0.0017869626,0,0.006758492,0,0.0103371509
joint-final,42,60000000,HJ RFI,43o,12,0.98826975,0.0021349394,0.0021693641,0,0.0074260198,0,0.0117303233
joint-final,42,60000000,HJ RFI,52o,12,0.98922145,0.0016952778,0.002008961,0,0.007074327,0,0.0107785658
joint-final,42,60000000,HJ RFI,53o,12,0.9869648,0.0024132645,0.0026397665,0,0.007982179,0,0.013035210000000002
joint-final,42,60000000,HJ RFI,54o,12,0.9851157,0.002999304,0.0031651047,0,0.008719873,0,0.0148842817
joint-final,42,60000000,HJ RFI,62o,12,0.9899186,0.0017074255,0.0018436958,0,0.0065303217,0,0.010081443
joint-final,42,60000000,HJ RFI,63o,12,0.9882791,0.0022476052,0.002121379,0,0.007351847,0,0.0117208312
joint-final,42,60000000,HJ RFI,64o,12,0.9863774,0.0025471575,0.0026458395,0,0.0084296,0,0.013622597
joint-final,42,60000000,HJ RFI,65o,12,0.98315006,0.003733765,0.0036088475,0,0.009507342,0,0.0168499545
joint-final,42,60000000,HJ RFI,72o,12,0.99049574,0.0015862479,0.001601144,0,0.006316846,0,0.0095042379
joint-final,42,60000000,HJ RFI,73o,12,0.9894214,0.0018576909,0.0019580594,0,0.0067629092,0,0.0105786595
joint-final,42,60000000,HJ RFI,74o,12,0.98741037,0.0026081596,0.0022998133,0,0.007681664,0,0.0125896369
joint-final,42,60000000,HJ RFI,75o,12,0.98380893,0.0036327809,0.003281538,0,0.009276735,0,0.0161910539
joint-final,42,60000000,HJ RFI,76o,12,0.98030555,0.00462831,0.004533862,0,0.01053223,0,0.019694402
joint-final,42,60000000,HJ RFI,82o,12,0.9896604,0.0017322835,0.0016226545,0,0.0069847032,0,0.0103396412
joint-final,42,60000000,HJ RFI,83o,12,0.98972344,0.0019770039,0.0019009793,0,0.0063985605,0,0.0102765437
joint-final,42,60000000,HJ RFI,84o,12,0.98764616,0.0023502896,0.002352687,0,0.0076509146,0,0.0123538912
joint-final,42,60000000,HJ RFI,85o,12,0.9856689,0.0030206894,0.0028522976,0,0.008458133,0,0.01433112
joint-final,42,60000000,HJ RFI,86o,12,0.9815518,0.0044491994,0.0037607176,0,0.010238249,0,0.018448166
joint-final,42,60000000,HJ RFI,87o,12,0.97732425,0.0059297057,0.004732184,0,0.012013851,0,0.022675740700000002
joint-final,42,60000000,HJ RFI,92o,12,0.9893394,0.001875746,0.0019513777,0,0.0068334076,0,0.0106605313
joint-final,42,60000000,HJ RFI,93o,12,0.9884557,0.0021467253,0.0024577167,0,0.0069398386,0,0.0115442806
joint-final,42,60000000,HJ RFI,94o,12,0.9884404,0.0021177623,0.0020958355,0,0.0073460424,0,0.0115596402
joint-final,42,60000000,HJ RFI,95o,12,0.98560554,0.002535312,0.00285146,0,0.009007654,0,0.014394426
joint-final,42,60000000,HJ RFI,96o,12,0.98267776,0.0041520675,0.003403186,0,0.009767024,0,0.0173222775
joint-final,42,60000000,HJ RFI,97o,12,0.9788824,0.005114225,0.0045677223,0,0.011435685,0,0.0211176323
joint-final,42,60000000,HJ RFI,98o,12,0.97263247,0.007372398,0.006257375,0,0.013737799,0,0.027367572
joint-final,42,60000000,HJ RFI,T2o,12,0.98879105,0.0022493186,0.0021438801,0,0.0068157297,0,0.0112089284
joint-final,42,60000000,HJ RFI,T3o,12,0.98801774,0.0023930918,0.0021571687,0,0.007432051,0,0.0119823115
joint-final,42,60000000,HJ RFI,T4o,12,0.98691773,0.0028523735,0.0023539874,0,0.007875947,0,0.0130823079
joint-final,42,60000000,HJ RFI,T5o,12,0.9867761,0.0027696176,0.002810502,0,0.0076438137,0,0.0132239333
joint-final,42,60000000,HJ RFI,T6o,12,0.98317224,0.0035874445,0.0036385069,0,0.009601815,0,0.0168277664
joint-final,42,60000000,HJ RFI,T7o,12,0.98034483,0.0047300733,0.0048436904,0,0.010081379,0,0.0196551427
joint-final,42,60000000,HJ RFI,T8o,12,0.9730343,0.0070266332,0.0071220477,0,0.012816998,0,0.026965678899999998
joint-final,42,60000000,HJ RFI,T9o,12,0.9596189,0.011272647,0.011990505,0,0.017117934,0,0.040381086000000004
joint-final,42,60000000,HJ RFI,J2o,12,0.98783916,0.0024240932,0.0021892947,0,0.007547423,0,0.0121608109
joint-final,42,60000000,HJ RFI,J3o,12,0.9863479,0.0024931266,0.0026294666,0,0.008529515,0,0.013652108199999999
joint-final,42,60000000,HJ RFI,J4o,12,0.9860864,0.0031099683,0.0025701781,0,0.00823344,0,0.0139135864
joint-final,42,60000000,HJ RFI,J5o,12,0.98377484,0.003355941,0.0032708712,0,0.009598312,0,0.0162251242
joint-final,42,60000000,HJ RFI,J6o,12,0.9833196,0.0034498835,0.0036265017,0,0.009604061,0,0.0166804462
joint-final,42,60000000,HJ RFI,J7o,12,0.97935236,0.0048951516,0.005021249,0,0.0107312985,0,0.0206476991
joint-final,42,60000000,HJ RFI,J8o,12,0.9725556,0.0072595654,0.0076667666,0,0.012518072,0,0.027444404
joint-final,42,60000000,HJ RFI,J9o,12,0.95936334,0.0128367515,0.012003376,0,0.015796555,0,0.0406366825
joint-final,42,60000000,HJ RFI,JTo,12,0.8478067,0.08360586,0.043668706,0,0.024918713,0,0.15219327900000001
joint-final,42,60000000,HJ RFI,Q2o,12,0.9843623,0.0031086134,0.0029285331,0,0.009600555,0,0.0156377015
joint-final,42,60000000,HJ RFI,Q3o,12,0.98432136,0.0034107845,0.0030754383,0,0.009192447,0,0.0156786698
joint-final,42,60000000,HJ RFI,Q4o,12,0.9828424,0.003952099,0.003402374,0,0.009803078,0,0.017157551
joint-final,42,60000000,HJ RFI,Q5o,12,0.9802089,0.0044396934,0.004421193,0,0.0109302495,0,0.0197911359
joint-final,42,60000000,HJ RFI,Q6o,12,0.9788278,0.0045392737,0.0044185934,0,0.012214338,0,0.0211722051
joint-final,42,60000000,HJ RFI,Q7o,12,0.9784918,0.004876263,0.0051199263,0,0.011512046,0,0.021508235299999998
joint-final,42,60000000,HJ RFI,Q8o,12,0.971803,0.008052701,0.0074246977,0,0.012719612,0,0.0281970107
joint-final,42,60000000,HJ RFI,Q9o,12,0.9526412,0.015744768,0.012865897,0,0.018748187,0,0.047358852
joint-final,42,60000000,HJ RFI,QTo,12,0.74593216,0.1388998,0.08850054,0,0.026667465,0,0.254067805
joint-final,42,60000000,HJ RFI,QJo,12,0.3212358,0.3179664,0.2833704,0,0.07742741,0,0.67876421
joint-final,42,60000000,HJ RFI,K2o,12,0.9809291,0.0038002217,0.0036855673,0,0.011585128,0,0.019070917
joint-final,42,60000000,HJ RFI,K3o,12,0.97908837,0.0044943336,0.0052182167,0,0.011199126,0,0.0209116763
joint-final,42,60000000,HJ RFI,K4o,12,0.9771583,0.0052005164,0.004887722,0,0.01275351,0,0.0228417484
joint-final,42,60000000,HJ RFI,K5o,12,0.973935,0.006621336,0.005827844,0,0.0136158215,0,0.0260650015
joint-final,42,60000000,HJ RFI,K6o,12,0.97200805,0.0069601648,0.006975422,0,0.014056338,0,0.027991924799999998
joint-final,42,60000000,HJ RFI,K7o,12,0.9645316,0.009334023,0.009960723,0,0.01617365,0,0.035468396
joint-final,42,60000000,HJ RFI,K8o,12,0.9557916,0.014793478,0.010880917,0,0.018534001,0,0.044208396000000004
joint-final,42,60000000,HJ RFI,K9o,12,0.8836146,0.05462651,0.034310997,0,0.027447866,0,0.11638537300000001
joint-final,42,60000000,HJ RFI,KTo,12,0.22055891,0.4217777,0.29830202,0,0.059361354,0,0.779441074
joint-final,42,60000000,HJ RFI,KJo,12,0.026112938,0.26455596,0.5941982,0,0.11513288,0,0.97388704
joint-final,42,60000000,HJ RFI,KQo,12,0.006193169,0.5546277,0.37904242,0,0.06013671,0,0.9938068299999999
joint-final,42,60000000,HJ RFI,A2o,12,0.94845146,0.018278778,0.010678286,0,0.022591462,0,0.051548526
joint-final,42,60000000,HJ RFI,A3o,12,0.93133235,0.027744155,0.017624402,0,0.023299083,0,0.06866764
joint-final,42,60000000,HJ RFI,A4o,12,0.9174809,0.030652914,0.021054167,0,0.030811988,0,0.082519069
joint-final,42,60000000,HJ RFI,A5o,12,0.85228163,0.07265036,0.04228301,0,0.03278506,0,0.14771843
joint-final,42,60000000,HJ RFI,A6o,12,0.8815167,0.049853303,0.03696446,0,0.031665616,0,0.118483379
joint-final,42,60000000,HJ RFI,A7o,12,0.7107994,0.0778805,0.16975497,0,0.041565094,0,0.289200564
joint-final,42,60000000,HJ RFI,A8o,12,0.36188084,0.4305568,0.120804794,0,0.08675758,0,0.6381191740000001
joint-final,42,60000000,HJ RFI,A9o,12,0.049630847,0.3961827,0.47482303,0,0.07936349,0,0.95036922
joint-final,42,60000000,HJ RFI,ATo,12,0.006362914,0.2748764,0.5977662,0,0.12099445,0,0.99363705
joint-final,42,60000000,HJ RFI,AJo,12,0.0024738144,0.40635347,0.36333138,0,0.22784124,0,0.99752609
joint-final,42,60000000,HJ RFI,AQo,12,0.0017250107,0.29221195,0.5253077,0,0.1807553,0,0.9982749500000001
joint-final,42,60000000,HJ RFI,AKo,12,0.0010324878,0.4907133,0.25281844,0,0.25543573,0,0.99896747
joint-final,42,60000000,CO RFI,22,6,0.90844595,0.017827256,0.019000696,0,0.054726124,0,0.091554076
joint-final,42,60000000,CO RFI,33,6,0.85720545,0.027828224,0.04163344,0,0.07333294,0,0.142794604
joint-final,42,60000000,CO RFI,44,6,0.3319983,0.059064664,0.15933506,0,0.449602,0,0.668001724
joint-final,42,60000000,CO RFI,55,6,0.029644562,0.1327921,0.325528,0,0.51203537,0,0.97035547
joint-final,42,60000000,CO RFI,66,6,0.012548419,0.2201764,0.46409047,0,0.30318466,0,0.98745153
joint-final,42,60000000,CO RFI,77,6,0.007715097,0.18767644,0.5874369,0,0.21717153,0,0.99228487
joint-final,42,60000000,CO RFI,88,6,0.0041706595,0.3840927,0.20071733,0,0.41101936,0,0.99582939
joint-final,42,60000000,CO RFI,99,6,0.0031716265,0.60036385,0.15037504,0,0.24608946,0,0.99682835
joint-final,42,60000000,CO RFI,TT,6,0.0023269248,0.23647726,0.6851885,0,0.076007366,0,0.997673126
joint-final,42,60000000,CO RFI,JJ,6,0.0016738017,0.6449085,0.23319444,0,0.12022335,0,0.9983262900000001
joint-final,42,60000000,CO RFI,QQ,6,0.0009881533,0.4712801,0.45729807,0,0.07043369,0,0.99901186
joint-final,42,60000000,CO RFI,KK,6,0.0007397581,0.45082158,0.4944497,0,0.053988878,0,0.999260158
joint-final,42,60000000,CO RFI,AA,6,0.00035222483,0.36090568,0.6036193,0,0.035122804,0,0.999647784
joint-final,42,60000000,CO RFI,32s,4,0.96325916,0.006714461,0.008700591,0,0.021325773,0,0.036740825
joint-final,42,60000000,CO RFI,42s,4,0.9641896,0.00816124,0.007964628,0,0.019684557,0,0.035810425
joint-final,42,60000000,CO RFI,43s,4,0.9586188,0.009763323,0.0102620525,0,0.021355765,0,0.0413811405
joint-final,42,60000000,CO RFI,52s,4,0.96168256,0.007639254,0.0080604935,0,0.02261772,0,0.0383174675
joint-final,42,60000000,CO RFI,53s,4,0.956681,0.008752468,0.01003408,0,0.02453238,0,0.043318928
joint-final,42,60000000,CO RFI,54s,4,0.95043725,0.012246873,0.0121516,0,0.02516427,0,0.049562743
joint-final,42,60000000,CO RFI,62s,4,0.96545416,0.0075390073,0.0068509243,0,0.020155923,0,0.0345458546
joint-final,42,60000000,CO RFI,63s,4,0.95951444,0.0101625975,0.008970974,0,0.021352027,0,0.0404855985
joint-final,42,60000000,CO RFI,64s,4,0.9487748,0.010957479,0.014409767,0,0.025857968,0,0.051225214
joint-final,42,60000000,CO RFI,65s,4,0.93721324,0.019955948,0.015974157,0,0.026856612,0,0.06278671699999999
joint-final,42,60000000,CO RFI,72s,4,0.9680943,0.006658217,0.006324058,0,0.01892343,0,0.031905705
joint-final,42,60000000,CO RFI,73s,4,0.9611768,0.0095945075,0.010339415,0,0.018889235,0,0.0388231575
joint-final,42,60000000,CO RFI,74s,4,0.95693946,0.010146399,0.012000397,0,0.020913772,0,0.043060568
joint-final,42,60000000,CO RFI,75s,4,0.9432674,0.013066777,0.012938688,0,0.03072712,0,0.056732585
joint-final,42,60000000,CO RFI,76s,4,0.9132883,0.026969211,0.021815749,0,0.03792676,0,0.08671171999999999
joint-final,42,60000000,CO RFI,82s,4,0.9611556,0.008349054,0.0072043645,0,0.023290921,0,0.0388443395
joint-final,42,60000000,CO RFI,83s,4,0.9656803,0.0075147566,0.0090497825,0,0.01775517,0,0.0343197091
joint-final,42,60000000,CO RFI,84s,4,0.9587956,0.01108717,0.00949544,0,0.0206218,0,0.04120441
joint-final,42,60000000,CO RFI,85s,4,0.93883437,0.016713265,0.012133727,0,0.032318663,0,0.061165655
joint-final,42,60000000,CO RFI,86s,4,0.9243705,0.020233424,0.018016346,0,0.037379704,0,0.075629474
joint-final,42,60000000,CO RFI,87s,4,0.8925419,0.026848713,0.037724912,0,0.04288449,0,0.10745811499999999
joint-final,42,60000000,CO RFI,92s,4,0.95855606,0.010813442,0.009336049,0,0.02129446,0,0.041443951
joint-final,42,60000000,CO RFI,93s,4,0.9598626,0.010151051,0.009829737,0,0.020156661,0,0.040137449
joint-final,42,60000000,CO RFI,94s,4,0.96041507,0.00863721,0.00870924,0,0.022238502,0,0.039584952
joint-final,42,60000000,CO RFI,95s,4,0.9496599,0.011713911,0.011794608,0,0.02683155,0,0.050340069
joint-final,42,60000000,CO RFI,96s,4,0.9238213,0.018032255,0.026901629,0,0.031244904,0,0.076178788
joint-final,42,60000000,CO RFI,97s,4,0.9084013,0.03006129,0.025388263,0,0.036149073,0,0.091598626
joint-final,42,60000000,CO RFI,98s,4,0.87072116,0.05011966,0.037746813,0,0.041412376,0,0.129278849
joint-final,42,60000000,CO RFI,T2s,4,0.95454705,0.009647438,0.010822906,0,0.02498258,0,0.045452924
joint-final,42,60000000,CO RFI,T3s,4,0.954737,0.012485522,0.009520141,0,0.023257313,0,0.045262976
joint-final,42,60000000,CO RFI,T4s,4,0.945666,0.015428517,0.01275078,0,0.026154663,0,0.05433396
joint-final,42,60000000,CO RFI,T5s,4,0.94606125,0.014280912,0.012804952,0,0.026852874,0,0.053938738
joint-final,42,60000000,CO RFI,T6s,4,0.93281496,0.02018599,0.022126878,0,0.024872169,0,0.067185037
joint-final,42,60000000,CO RFI,T7s,4,0.88997287,0.045582548,0.027412765,0,0.037031785,0,0.11002709799999999
joint-final,42,60000000,CO RFI,T8s,4,0.84344226,0.043868016,0.060051642,0,0.052637987,0,0.156557645
joint-final,42,60000000,CO RFI,T9s,4,0.47103786,0.32418138,0.06957015,0,0.13521062,0,0.52896215
joint-final,42,60000000,CO RFI,J2s,4,0.95600337,0.010216932,0.009581715,0,0.024198031,0,0.043996678
joint-final,42,60000000,CO RFI,J3s,4,0.94019324,0.014607174,0.013925257,0,0.031274308,0,0.059806739
joint-final,42,60000000,CO RFI,J4s,4,0.93958837,0.014398767,0.0159989,0,0.030013911,0,0.060411578
joint-final,42,60000000,CO RFI,J5s,4,0.9310207,0.015542076,0.022020957,0,0.03141624,0,0.068979273
joint-final,42,60000000,CO RFI,J6s,4,0.93332267,0.013979251,0.018605158,0,0.034092955,0,0.066677364
joint-final,42,60000000,CO RFI,J7s,4,0.89951104,0.03523021,0.024483126,0,0.040775646,0,0.100488982
joint-final,42,60000000,CO RFI,J8s,4,0.82439476,0.08569199,0.04635049,0,0.043562815,0,0.175605295
joint-final,42,60000000,CO RFI,J9s,4,0.6133187,0.15736607,0.15140542,0,0.07790984,0,0.38668133
joint-final,42,60000000,CO RFI,JTs,4,0.03458643,0.56741285,0.29093274,0,0.10706798,0,0.9654135699999999
joint-final,42,60000000,CO RFI,Q2s,4,0.9382,0.01819062,0.016327571,0,0.027281938,0,0.061800128999999995
joint-final,42,60000000,CO RFI,Q3s,4,0.944333,0.013924125,0.014955034,0,0.026787844,0,0.05566700300000001
joint-final,42,60000000,CO RFI,Q4s,4,0.9250944,0.022478525,0.021689901,0,0.030737119,0,0.074905545
joint-final,42,60000000,CO RFI,Q5s,4,0.897779,0.021563515,0.026011989,0,0.05464546,0,0.102220964
joint-final,42,60000000,CO RFI,Q6s,4,0.9113148,0.024660641,0.02748259,0,0.03654202,0,0.088685251
joint-final,42,60000000,CO RFI,Q7s,4,0.8771924,0.037347507,0.040265758,0,0.045194417,0,0.122807682
joint-final,42,60000000,CO RFI,Q8s,4,0.7466755,0.12739317,0.068850115,0,0.05708122,0,0.25332450500000003
joint-final,42,60000000,CO RFI,Q9s,4,0.27375647,0.48924473,0.06376665,0,0.17323218,0,0.72624356
joint-final,42,60000000,CO RFI,QTs,4,0.042829134,0.53303975,0.17819116,0,0.24594006,0,0.95717097
joint-final,42,60000000,CO RFI,QJs,4,0.015104755,0.354636,0.4620003,0,0.16825888,0,0.98489518
joint-final,42,60000000,CO RFI,K2s,4,0.8971554,0.029820554,0.019198744,0,0.053825296,0,0.102844594
joint-final,42,60000000,CO RFI,K3s,4,0.8795391,0.04558805,0.03096905,0,0.04390388,0,0.12046098
joint-final,42,60000000,CO RFI,K4s,4,0.8707692,0.045825873,0.031051919,0,0.052353002,0,0.129230794
joint-final,42,60000000,CO RFI,K5s,4,0.83618927,0.042610884,0.047785275,0,0.07341453,0,0.163810689
joint-final,42,60000000,CO RFI,K6s,4,0.7593905,0.06885599,0.101496704,0,0.07025685,0,0.240609544
joint-final,42,60000000,CO RFI,K7s,4,0.7075246,0.07908721,0.118126854,0,0.09526132,0,0.292475384
joint-final,42,60000000,CO RFI,K8s,4,0.36289042,0.477946,0.07444927,0,0.0847143,0,0.63710957
joint-final,42,60000000,CO RFI,K9s,4,0.09824436,0.37668157,0.07882393,0,0.4462501,0,0.9017556
joint-final,42,60000000,CO RFI,KTs,4,0.016804926,0.3656414,0.50416404,0,0.11338957,0,0.98319501
joint-final,42,60000000,CO RFI,KJs,4,0.012357253,0.36920708,0.14964834,0,0.46878734,0,0.98764276
joint-final,42,60000000,CO RFI,KQs,4,0.0065486543,0.46993542,0.32387677,0,0.19963919,0,0.99345138
joint-final,42,60000000,CO RFI,A2s,4,0.3500973,0.16730478,0.18637404,0,0.29622388,0,0.6499026999999999
joint-final,42,60000000,CO RFI,A3s,4,0.14737616,0.38281167,0.28383514,0,0.18597701,0,0.85262382
joint-final,42,60000000,CO RFI,A4s,4,0.07827793,0.42695075,0.22548203,0,0.2692893,0,0.92172208
joint-final,42,60000000,CO RFI,A5s,4,0.038882397,0.10006038,0.07776388,0,0.7832933,0,0.9611175599999999
joint-final,42,60000000,CO RFI,A6s,4,0.034572974,0.34834322,0.32097822,0,0.29610562,0,0.96542706
joint-final,42,60000000,CO RFI,A7s,4,0.055753075,0.17547593,0.60394305,0,0.16482799,0,0.94424697
joint-final,42,60000000,CO RFI,A8s,4,0.015327871,0.6424039,0.16659406,0,0.1756742,0,0.98467216
joint-final,42,60000000,CO RFI,A9s,4,0.015142192,0.13355784,0.3271297,0,0.5241702,0,0.98485774
joint-final,42,60000000,CO RFI,ATs,4,0.005057794,0.19304371,0.38028896,0,0.42160955,0,0.99494222
joint-final,42,60000000,CO RFI,AJs,4,0.0031263856,0.28759593,0.40756574,0,0.30171198,0,0.99687365
joint-final,42,60000000,CO RFI,AQs,4,0.0026071474,0.17309867,0.47021994,0,0.3540742,0,0.99739281
joint-final,42,60000000,CO RFI,AKs,4,0.00208141,0.18731925,0.24702872,0,0.5635706,0,0.9979185700000001
joint-final,42,60000000,CO RFI,32o,12,0.98636085,0.0026033637,0.0023491788,0,0.008686648,0,0.0136391905
joint-final,42,60000000,CO RFI,42o,12,0.98598206,0.0026317695,0.0023053791,0,0.009080869,0,0.0140180176
joint-final,42,60000000,CO RFI,43o,12,0.984282,0.0029326964,0.002661817,0,0.010123479,0,0.0157179924
joint-final,42,60000000,CO RFI,52o,12,0.9852386,0.0029056782,0.0027317798,0,0.00912394,0,0.014761398
joint-final,42,60000000,CO RFI,53o,12,0.98314345,0.0032897627,0.002829412,0,0.0107374,0,0.016856574699999998
joint-final,42,60000000,CO RFI,54o,12,0.9793625,0.0047118603,0.0040137856,0,0.011911892,0,0.0206375379
joint-final,42,60000000,CO RFI,62o,12,0.98620784,0.0026320382,0.002787739,0,0.008372407,0,0.0137921842
joint-final,42,60000000,CO RFI,63o,12,0.9843683,0.0029558542,0.002776422,0,0.009899475,0,0.0156317512
joint-final,42,60000000,CO RFI,64o,12,0.98155975,0.0039007517,0.0034781601,0,0.011061333,0,0.0184402448
joint-final,42,60000000,CO RFI,65o,12,0.9798685,0.004191945,0.0042742877,0,0.011665366,0,0.0201315987
joint-final,42,60000000,CO RFI,72o,12,0.987208,0.0024159544,0.0022003523,0,0.008175645,0,0.0127919517
joint-final,42,60000000,CO RFI,73o,12,0.98459333,0.0026603562,0.0026810083,0,0.010065353,0,0.0154067175
joint-final,42,60000000,CO RFI,74o,12,0.9825201,0.0031663298,0.0034064276,0,0.010907132,0,0.0174798894
joint-final,42,60000000,CO RFI,75o,12,0.97864217,0.0048758923,0.004494633,0,0.011987237,0,0.0213577623
joint-final,42,60000000,CO RFI,76o,12,0.97457904,0.0064110304,0.0052759787,0,0.013733946,0,0.0254209551
joint-final,42,60000000,CO RFI,82o,12,0.98507595,0.0026985165,0.0024633429,0,0.009762175,0,0.0149240344
joint-final,42,60000000,CO RFI,83o,12,0.98606545,0.002580053,0.0024842958,0,0.008870225,0,0.0139345738
joint-final,42,60000000,CO RFI,84o,12,0.98418564,0.0031619307,0.0028253372,0,0.009827125,0,0.0158143929
joint-final,42,60000000,CO RFI,85o,12,0.9811459,0.0038394986,0.003183609,0,0.011831052,0,0.0188541596
joint-final,42,60000000,CO RFI,86o,12,0.97480965,0.005574913,0.00577278,0,0.013842609,0,0.025190302
joint-final,42,60000000,CO RFI,87o,12,0.9706981,0.007630063,0.006799959,0,0.014871814,0,0.029301836
joint-final,42,60000000,CO RFI,92o,12,0.98582274,0.002959063,0.002627081,0,0.008591101,0,0.014177245
joint-final,42,60000000,CO RFI,93o,12,0.9851573,0.0031490645,0.002856823,0,0.0088368105,0,0.014842698000000001
joint-final,42,60000000,CO RFI,94o,12,0.9839693,0.0031861085,0.0033329588,0,0.009511673,0,0.0160307403
joint-final,42,60000000,CO RFI,95o,12,0.9823383,0.003608302,0.0032231798,0,0.010830232,0,0.0176617138
joint-final,42,60000000,CO RFI,96o,12,0.9783015,0.0057955333,0.0045455475,0,0.011357409,0,0.0216984898
joint-final,42,60000000,CO RFI,97o,12,0.9712652,0.0060201203,0.0059044124,0,0.016810287,0,0.0287348197
joint-final,42,60000000,CO RFI,98o,12,0.9636929,0.009960672,0.008683212,0,0.017663203,0,0.036307087
joint-final,42,60000000,CO RFI,T2o,12,0.9839943,0.003083454,0.0033326615,0,0.009589589,0,0.016005704500000002
joint-final,42,60000000,CO RFI,T3o,12,0.9826042,0.0035694651,0.003282231,0,0.010544089,0,0.0173957851
joint-final,42,60000000,CO RFI,T4o,12,0.981786,0.0034095405,0.0035885207,0,0.011215875,0,0.0182139362
joint-final,42,60000000,CO RFI,T5o,12,0.9822448,0.003617147,0.0034522272,0,0.010685861,0,0.0177552352
joint-final,42,60000000,CO RFI,T6o,12,0.9783681,0.004606419,0.004714755,0,0.012310757,0,0.021631931
joint-final,42,60000000,CO RFI,T7o,12,0.9747299,0.0060915984,0.005801517,0,0.013376903,0,0.0252700184
joint-final,42,60000000,CO RFI,T8o,12,0.96317106,0.009099515,0.0087243635,0,0.019005096,0,0.0368289745
joint-final,42,60000000,CO RFI,T9o,12,0.9459635,0.01846926,0.01310443,0,0.022462819,0,0.054036508999999996
joint-final,42,60000000,CO RFI,J2o,12,0.982529,0.00319947,0.003303609,0,0.0109679485,0,0.0174710275
joint-final,42,60000000,CO RFI,J3o,12,0.9819815,0.0036779994,0.003191451,0,0.011149032,0,0.0180184824
joint-final,42,60000000,CO RFI,J4o,12,0.9801312,0.004075696,0.003756232,0,0.0120367985,0,0.0198687265
joint-final,42,60000000,CO RFI,J5o,12,0.978814,0.0046423716,0.0039470033,0,0.012596654,0,0.0211860289
joint-final,42,60000000,CO RFI,J6o,12,0.97833186,0.0043238034,0.0043350467,0,0.013009263,0,0.0216681131
joint-final,42,60000000,CO RFI,J7o,12,0.97322613,0.006653859,0.005803702,0,0.014316281,0,0.026773842
joint-final,42,60000000,CO RFI,J8o,12,0.962704,0.011185681,0.0077228663,0,0.018387472,0,0.0372960193
joint-final,42,60000000,CO RFI,J9o,12,0.9441155,0.015265875,0.019489557,0,0.021129072,0,0.055884504
joint-final,42,60000000,CO RFI,JTo,12,0.79129136,0.09357737,0.06367576,0,0.051455434,0,0.208708564
joint-final,42,60000000,CO RFI,Q2o,12,0.98021835,0.004179508,0.0040647313,0,0.011537467,0,0.0197817063
joint-final,42,60000000,CO RFI,Q3o,12,0.9778405,0.0042201397,0.0037159258,0,0.01422348,0,0.0221595455
joint-final,42,60000000,CO RFI,Q4o,12,0.9763249,0.0046434207,0.0047834995,0,0.01424819,0,0.023675110200000002
joint-final,42,60000000,CO RFI,Q5o,12,0.97297025,0.005794867,0.0051323622,0,0.016102485,0,0.0270297142
joint-final,42,60000000,CO RFI,Q6o,12,0.9739558,0.005475597,0.0056177448,0,0.014950877,0,0.026044218799999998
joint-final,42,60000000,CO RFI,Q7o,12,0.9721428,0.0064000725,0.0068990267,0,0.014558085,0,0.0278571842
joint-final,42,60000000,CO RFI,Q8o,12,0.95176715,0.016548652,0.011258514,0,0.020425683,0,0.048232849
joint-final,42,60000000,CO RFI,Q9o,12,0.9185705,0.0261068,0.02793556,0,0.027387142,0,0.081429502
joint-final,42,60000000,CO RFI,QTo,12,0.5830764,0.20121619,0.17412065,0,0.04158667,0,0.41692351
joint-final,42,60000000,CO RFI,QJo,12,0.18348926,0.6024001,0.13073465,0,0.083375946,0,0.816510696
joint-final,42,60000000,CO RFI,K2o,12,0.9740374,0.0058020446,0.0054926225,0,0.014667922,0,0.0259625891
joint-final,42,60000000,CO RFI,K3o,12,0.9727771,0.0058019212,0.00533883,0,0.016082082,0,0.0272228332
joint-final,42,60000000,CO RFI,K4o,12,0.9698099,0.0068320497,0.0069931257,0,0.016364867,0,0.030190042400000002
joint-final,42,60000000,CO RFI,K5o,12,0.9624419,0.007132047,0.008934081,0,0.021492021,0,0.037558149
joint-final,42,60000000,CO RFI,K6o,12,0.96033883,0.010351797,0.008674834,0,0.020634493,0,0.039661124
joint-final,42,60000000,CO RFI,K7o,12,0.9498274,0.015361865,0.010653098,0,0.024157656,0,0.050172619
joint-final,42,60000000,CO RFI,K8o,12,0.9428619,0.022347737,0.011815714,0,0.022974627,0,0.057138078
joint-final,42,60000000,CO RFI,K9o,12,0.86849314,0.0398355,0.053914446,0,0.03775698,0,0.131506926
joint-final,42,60000000,CO RFI,KTo,12,0.095030226,0.17648388,0.57634586,0,0.15214008,0,0.90496982
joint-final,42,60000000,CO RFI,KJo,12,0.015336194,0.41061226,0.4294887,0,0.14456287,0,0.98466383
joint-final,42,60000000,CO RFI,KQo,12,0.007075236,0.39750344,0.5072232,0,0.088198096,0,0.992924736
joint-final,42,60000000,CO RFI,A2o,12,0.9347986,0.0141451135,0.020471267,0,0.030585013,0,0.06520139350000001
joint-final,42,60000000,CO RFI,A3o,12,0.91246754,0.019185947,0.025804915,0,0.04254166,0,0.087532522
joint-final,42,60000000,CO RFI,A4o,12,0.83026767,0.03885725,0.08924669,0,0.04162838,0,0.16973232
joint-final,42,60000000,CO RFI,A5o,12,0.8155083,0.04480003,0.049558774,0,0.09013292,0,0.184491724
joint-final,42,60000000,CO RFI,A6o,12,0.818846,0.07083989,0.036941625,0,0.07337253,0,0.181154045
joint-final,42,60000000,CO RFI,A7o,12,0.6323626,0.049527083,0.24497938,0,0.07313094,0,0.36763740300000003
joint-final,42,60000000,CO RFI,A8o,12,0.17653516,0.23382238,0.28678226,0,0.30286017,0,0.8234648099999999
joint-final,42,60000000,CO RFI,A9o,12,0.02631021,0.3359498,0.21321724,0,0.4245228,0,0.97368984
joint-final,42,60000000,CO RFI,ATo,12,0.003660463,0.30210558,0.34133452,0,0.3528994,0,0.9963394999999999
joint-final,42,60000000,CO RFI,AJo,12,0.0034547509,0.1585394,0.23959404,0,0.5984118,0,0.9965452400000001
joint-final,42,60000000,CO RFI,AQo,12,0.0017910115,0.54288596,0.17142369,0,0.28389928,0,0.99820893
joint-final,42,60000000,CO RFI,AKo,12,0.0010787506,0.4058322,0.24943843,0,0.34365052,0,0.9989211499999999
joint-final,42,60000000,BTN RFI,22,6,0.76600564,0.024634534,0.035383847,0,0.17397594,0,0.233994321
joint-final,42,60000000,BTN RFI,33,6,0.647924,0.028067805,0.12274717,0,0.20126106,0,0.352076035
joint-final,42,60000000,BTN RFI,44,6,0.10992626,0.08675023,0.175808,0,0.6275155,0,0.89007373
joint-final,42,60000000,BTN RFI,55,6,0.023673128,0.20857994,0.1264813,0,0.6412656,0,0.97632684
joint-final,42,60000000,BTN RFI,66,6,0.014181842,0.18844932,0.07609723,0,0.7212716,0,0.9858181500000001
joint-final,42,60000000,BTN RFI,77,6,0.007152778,0.23849355,0.48955554,0,0.26479807,0,0.99284716
joint-final,42,60000000,BTN RFI,88,6,0.004400414,0.2754729,0.40915957,0,0.31096715,0,0.99559962
joint-final,42,60000000,BTN RFI,99,6,0.0031452046,0.14820455,0.37716997,0,0.4714803,0,0.99685482
joint-final,42,60000000,BTN RFI,TT,6,0.0022061486,0.23648684,0.5064637,0,0.2548433,0,0.9977938399999999
joint-final,42,60000000,BTN RFI,JJ,6,0.001985012,0.6697746,0.21772791,0,0.11051252,0,0.99801503
joint-final,42,60000000,BTN RFI,QQ,6,0.0015006417,0.61701626,0.3032503,0,0.07823278,0,0.99849934
joint-final,42,60000000,BTN RFI,KK,6,0.0010077793,0.45418948,0.5017186,0,0.043084245,0,0.998992325
joint-final,42,60000000,BTN RFI,AA,6,0.0005495045,0.614868,0.35944542,0,0.02513714,0,0.99945056
joint-final,42,60000000,BTN RFI,32s,4,0.9448894,0.013407711,0.01315581,0,0.028547032,0,0.055110553
joint-final,42,60000000,BTN RFI,42s,4,0.94701374,0.014110626,0.011307229,0,0.027568365,0,0.05298622
joint-final,42,60000000,BTN RFI,43s,4,0.94198155,0.011900875,0.015566292,0,0.030551301,0,0.058018468000000004
joint-final,42,60000000,BTN RFI,52s,4,0.95558864,0.010750884,0.010550708,0,0.02310984,0,0.044411432
joint-final,42,60000000,BTN RFI,53s,4,0.9442029,0.015470633,0.012415879,0,0.027910624,0,0.055797136
joint-final,42,60000000,BTN RFI,54s,4,0.91876996,0.016479399,0.016068827,0,0.04868181,0,0.081230036
joint-final,42,60000000,BTN RFI,62s,4,0.95233923,0.01060043,0.010240221,0,0.026820092,0,0.047660743
joint-final,42,60000000,BTN RFI,63s,4,0.94703794,0.0119139245,0.011751917,0,0.029296132,0,0.0529619735
joint-final,42,60000000,BTN RFI,64s,4,0.9169938,0.021155706,0.018282609,0,0.0435678,0,0.08300611499999999
joint-final,42,60000000,BTN RFI,65s,4,0.8852828,0.033176623,0.038114157,0,0.04342637,0,0.11471715
joint-final,42,60000000,BTN RFI,72s,4,0.9546678,0.010491445,0.010691904,0,0.02414889,0,0.045332238999999996
joint-final,42,60000000,BTN RFI,73s,4,0.939938,0.015429216,0.012309925,0,0.032322846,0,0.060061987000000004
joint-final,42,60000000,BTN RFI,74s,4,0.9214651,0.0193138,0.023063887,0,0.03615719,0,0.078534877
joint-final,42,60000000,BTN RFI,75s,4,0.91682166,0.020729458,0.020653984,0,0.041794922,0,0.083178364
joint-final,42,60000000,BTN RFI,76s,4,0.89673364,0.027355429,0.02917838,0,0.046732556,0,0.103266365
joint-final,42,60000000,BTN RFI,82s,4,0.93913984,0.01922758,0.012534511,0,0.02909807,0,0.060860161
joint-final,42,60000000,BTN RFI,83s,4,0.9462048,0.016561568,0.012722364,0,0.024511253,0,0.053795184999999995
joint-final,42,60000000,BTN RFI,84s,4,0.9365449,0.018843828,0.0138152605,0,0.03079606,0,0.0634551485
joint-final,42,60000000,BTN RFI,85s,4,0.9243495,0.020970047,0.016067313,0,0.03861313,0,0.07565049
joint-final,42,60000000,BTN RFI,86s,4,0.884444,0.03987952,0.02673656,0,0.048939858,0,0.115555938
joint-final,42,60000000,BTN RFI,87s,4,0.83879817,0.07212653,0.042939153,0,0.046136223,0,0.161201906
joint-final,42,60000000,BTN RFI,92s,4,0.946706,0.013828028,0.012297395,0,0.02716855,0,0.053293972999999994
joint-final,42,60000000,BTN RFI,93s,4,0.9320925,0.01748492,0.0146938525,0,0.035728727,0,0.0679074995
joint-final,42,60000000,BTN RFI,94s,4,0.9350803,0.015410666,0.019900495,0,0.02960854,0,0.064919701
joint-final,42,60000000,BTN RFI,95s,4,0.9243664,0.019355286,0.016724277,0,0.039553937,0,0.07563349999999999
joint-final,42,60000000,BTN RFI,96s,4,0.90747285,0.029459989,0.023176944,0,0.03989029,0,0.092527223
joint-final,42,60000000,BTN RFI,97s,4,0.8746524,0.030489389,0.039429493,0,0.055428777,0,0.125347659
joint-final,42,60000000,BTN RFI,98s,4,0.81024873,0.08632614,0.047697652,0,0.05572746,0,0.18975125199999998
joint-final,42,60000000,BTN RFI,T2s,4,0.93383026,0.017791452,0.013547715,0,0.034830563,0,0.06616973
joint-final,42,60000000,BTN RFI,T3s,4,0.9330978,0.015749503,0.02163922,0,0.029513456,0,0.066902179
joint-final,42,60000000,BTN RFI,T4s,4,0.9169411,0.021296604,0.017852465,0,0.043909818,0,0.083058887
joint-final,42,60000000,BTN RFI,T5s,4,0.9223248,0.022222394,0.022792447,0,0.032660376,0,0.07767521699999999
joint-final,42,60000000,BTN RFI,T6s,4,0.8591812,0.028571043,0.03583216,0,0.076415546,0,0.140818749
joint-final,42,60000000,BTN RFI,T7s,4,0.79785585,0.09740322,0.035569187,0,0.069171734,0,0.202144141
joint-final,42,60000000,BTN RFI,T8s,4,0.79034466,0.07990686,0.07637829,0,0.053370256,0,0.209655406
joint-final,42,60000000,BTN RFI,T9s,4,0.21926163,0.12681203,0.16936329,0,0.48456302,0,0.78073834
joint-final,42,60000000,BTN RFI,J2s,4,0.93320847,0.01604361,0.01847892,0,0.03226897,0,0.0667915
joint-final,42,60000000,BTN RFI,J3s,4,0.9041266,0.019779963,0.017861672,0,0.05823186,0,0.095873495
joint-final,42,60000000,BTN RFI,J4s,4,0.91372436,0.020450857,0.023717888,0,0.04210691,0,0.08627565499999999
joint-final,42,60000000,BTN RFI,J5s,4,0.8840599,0.026212795,0.038247924,0,0.051479388,0,0.115940107
joint-final,42,60000000,BTN RFI,J6s,4,0.8868024,0.024640454,0.037510276,0,0.051046938,0,0.113197668
joint-final,42,60000000,BTN RFI,J7s,4,0.8652803,0.051462345,0.033963434,0,0.049293917,0,0.134719696
joint-final,42,60000000,BTN RFI,J8s,4,0.6099733,0.13212696,0.15726277,0,0.10063692,0,0.39002665
joint-final,42,60000000,BTN RFI,J9s,4,0.41510257,0.21964464,0.2581315,0,0.107121326,0,0.584897466
joint-final,42,60000000,BTN RFI,JTs,4,0.033164624,0.10227965,0.72093284,0,0.1436228,0,0.96683529
joint-final,42,60000000,BTN RFI,Q2s,4,0.8920209,0.02194166,0.025864603,0,0.060172766,0,0.107979029
joint-final,42,60000000,BTN RFI,Q3s,4,0.8964364,0.023809385,0.024146834,0,0.05560737,0,0.103563589
joint-final,42,60000000,BTN RFI,Q4s,4,0.8875889,0.0341661,0.03664629,0,0.041598666,0,0.112411056
joint-final,42,60000000,BTN RFI,Q5s,4,0.85860723,0.0412072,0.041905235,0,0.05828028,0,0.141392715
joint-final,42,60000000,BTN RFI,Q6s,4,0.8234351,0.041204337,0.072346605,0,0.063013926,0,0.17656486799999999
joint-final,42,60000000,BTN RFI,Q7s,4,0.8261201,0.054629702,0.0476944,0,0.07155581,0,0.173879912
joint-final,42,60000000,BTN RFI,Q8s,4,0.36123633,0.34752244,0.1749151,0,0.116326086,0,0.638763626
joint-final,42,60000000,BTN RFI,Q9s,4,0.28931248,0.34240335,0.26892242,0,0.09936171,0,0.71068748
joint-final,42,60000000,BTN RFI,QTs,4,0.022928467,0.50026745,0.30276793,0,0.17403613,0,0.97707151
joint-final,42,60000000,BTN RFI,QJs,4,0.024183486,0.665708,0.10215523,0,0.2079533,0,0.97581653
joint-final,42,60000000,BTN RFI,K2s,4,0.86465025,0.047737762,0.025641836,0,0.061970174,0,0.135349772
joint-final,42,60000000,BTN RFI,K3s,4,0.79866225,0.06418291,0.053019352,0,0.08413551,0,0.201337772
joint-final,42,60000000,BTN RFI,K4s,4,0.7919586,0.058106516,0.06651151,0,0.083423436,0,0.208041462
joint-final,42,60000000,BTN RFI,K5s,4,0.59287786,0.090222456,0.108239576,0,0.20865998,0,0.407122012
joint-final,42,60000000,BTN RFI,K6s,4,0.51052415,0.35307086,0.05832356,0,0.07808152,0,0.48947594
joint-final,42,60000000,BTN RFI,K7s,4,0.29164156,0.5252185,0.089358404,0,0.093781546,0,0.70835845
joint-final,42,60000000,BTN RFI,K8s,4,0.07906828,0.29506722,0.34518772,0,0.2806768,0,0.92093174
joint-final,42,60000000,BTN RFI,K9s,4,0.057447985,0.2436663,0.50725514,0,0.19163054,0,0.9425519800000001
joint-final,42,60000000,BTN RFI,KTs,4,0.020710567,0.15182157,0.68951494,0,0.13795295,0,0.97928946
joint-final,42,60000000,BTN RFI,KJs,4,0.011020565,0.36333483,0.32226595,0,0.3033786,0,0.98897938
joint-final,42,60000000,BTN RFI,KQs,4,0.009367484,0.29320714,0.5420806,0,0.15534474,0,0.99063248
joint-final,42,60000000,BTN RFI,A2s,4,0.10245585,0.3493181,0.2392601,0,0.30896595,0,0.89754415
joint-final,42,60000000,BTN RFI,A3s,4,0.07154279,0.17199686,0.34899804,0,0.40746227,0,0.92845717
joint-final,42,60000000,BTN RFI,A4s,4,0.056902036,0.22841918,0.20421901,0,0.5104598,0,0.94309799
joint-final,42,60000000,BTN RFI,A5s,4,0.03248904,0.17257658,0.13781911,0,0.6571153,0,0.96751099
joint-final,42,60000000,BTN RFI,A6s,4,0.03157206,0.35049278,0.14240336,0,0.4755318,0,0.96842794
joint-final,42,60000000,BTN RFI,A7s,4,0.01746879,0.23121409,0.16892011,0,0.58239704,0,0.98253124
joint-final,42,60000000,BTN RFI,A8s,4,0.019358035,0.28741473,0.08860427,0,0.60462296,0,0.98064196
joint-final,42,60000000,BTN RFI,A9s,4,0.013518349,0.172383,0.19140546,0,0.62269324,0,0.9864817
joint-final,42,60000000,BTN RFI,ATs,4,0.004967353,0.3455375,0.49547213,0,0.15402305,0,0.99503268
joint-final,42,60000000,BTN RFI,AJs,4,0.0036374922,0.22573505,0.3010514,0,0.46957603,0,0.9963624799999999
joint-final,42,60000000,BTN RFI,AQs,4,0.0027982094,0.24669287,0.24169834,0,0.50881064,0,0.99720185
joint-final,42,60000000,BTN RFI,AKs,4,0.0029317122,0.116164416,0.61032844,0,0.27057546,0,0.997068316
joint-final,42,60000000,BTN RFI,32o,12,0.9803057,0.0039821174,0.004111307,0,0.011600885,0,0.0196943094
joint-final,42,60000000,BTN RFI,42o,12,0.9791484,0.004045631,0.0043383176,0,0.012467564,0,0.0208515126
joint-final,42,60000000,BTN RFI,43o,12,0.9765876,0.004984858,0.0050333175,0,0.013394214,0,0.0234123895
joint-final,42,60000000,BTN RFI,52o,12,0.9786439,0.004778799,0.004716274,0,0.011860986,0,0.021356059
joint-final,42,60000000,BTN RFI,53o,12,0.9750156,0.004687887,0.0050606453,0,0.015235913,0,0.024984445299999998
joint-final,42,60000000,BTN RFI,54o,12,0.9709607,0.0065167584,0.0057236515,0,0.016798936,0,0.0290393459
joint-final,42,60000000,BTN RFI,62o,12,0.9780262,0.0044372217,0.0043698307,0,0.013166762,0,0.0219738144
joint-final,42,60000000,BTN RFI,63o,12,0.9754656,0.005380061,0.0050681857,0,0.014086146,0,0.0245343927
joint-final,42,60000000,BTN RFI,64o,12,0.9705373,0.005545058,0.0062277904,0,0.017689817,0,0.0294626654
joint-final,42,60000000,BTN RFI,65o,12,0.96670526,0.007082405,0.007120432,0,0.019091828,0,0.033294665
joint-final,42,60000000,BTN RFI,72o,12,0.97799563,0.004692036,0.004587476,0,0.012724896,0,0.022004408
joint-final,42,60000000,BTN RFI,73o,12,0.97615427,0.005103868,0.004436969,0,0.014305011,0,0.023845848
joint-final,42,60000000,BTN RFI,74o,12,0.9735834,0.0052137007,0.0062848176,0,0.014918072,0,0.0264165903
joint-final,42,60000000,BTN RFI,75o,12,0.96694845,0.007319787,0.0069029937,0,0.018828806,0,0.0330515867
joint-final,42,60000000,BTN RFI,76o,12,0.9624585,0.011206468,0.007512459,0,0.018822527,0,0.037541454
joint-final,42,60000000,BTN RFI,82o,12,0.9775749,0.0048391363,0.004385722,0,0.013200279,0,0.022425137300000002
joint-final,42,60000000,BTN RFI,83o,12,0.97662973,0.005306715,0.0048344065,0,0.013229147,0,0.0233702685
joint-final,42,60000000,BTN RFI,84o,12,0.9744563,0.0059127305,0.0057077934,0,0.013923222,0,0.0255437459
joint-final,42,60000000,BTN RFI,85o,12,0.9694336,0.0071694264,0.0073525854,0,0.016044311,0,0.030566322799999997
joint-final,42,60000000,BTN RFI,86o,12,0.96091074,0.009711403,0.0072225174,0,0.022155292,0,0.039089212400000004
joint-final,42,60000000,BTN RFI,87o,12,0.9512956,0.013189412,0.011449694,0,0.024065292,0,0.048704397999999996
joint-final,42,60000000,BTN RFI,92o,12,0.9761561,0.005037928,0.0050078155,0,0.01379814,0,0.0238438835
joint-final,42,60000000,BTN RFI,93o,12,0.9763742,0.005133,0.0050849454,0,0.013407782,0,0.0236257274
joint-final,42,60000000,BTN RFI,94o,12,0.97317296,0.006510112,0.005116771,0,0.015200204,0,0.026827087
joint-final,42,60000000,BTN RFI,95o,12,0.967537,0.006549437,0.0077079027,0,0.018205654,0,0.0324629937
joint-final,42,60000000,BTN RFI,96o,12,0.9642336,0.008229382,0.007394966,0,0.02014211,0,0.035766458
joint-final,42,60000000,BTN RFI,97o,12,0.9588275,0.009790145,0.01074173,0,0.02064058,0,0.041172455
joint-final,42,60000000,BTN RFI,98o,12,0.9439547,0.0154487975,0.015573444,0,0.025023084,0,0.0560453255
joint-final,42,60000000,BTN RFI,T2o,12,0.97400385,0.005652797,0.005673777,0,0.0146696335,0,0.0259962075
joint-final,42,60000000,BTN RFI,T3o,12,0.9737513,0.005480249,0.0056617353,0,0.015106812,0,0.026248796300000002
joint-final,42,60000000,BTN RFI,T4o,12,0.9730641,0.0063592917,0.0063539497,0,0.014222659,0,0.0269359004
joint-final,42,60000000,BTN RFI,T5o,12,0.9701192,0.0069126575,0.0070258677,0,0.015942348,0,0.029880873199999998
joint-final,42,60000000,BTN RFI,T6o,12,0.9616196,0.009341511,0.0080264555,0,0.021012343,0,0.0383803095
joint-final,42,60000000,BTN RFI,T7o,12,0.9566621,0.011952087,0.010234475,0,0.02115132,0,0.043337882
joint-final,42,60000000,BTN RFI,T8o,12,0.93957835,0.019190637,0.014903282,0,0.026327746,0,0.060421665
joint-final,42,60000000,BTN RFI,T9o,12,0.882335,0.032118004,0.034632277,0,0.05091469,0,0.11766497100000001
joint-final,42,60000000,BTN RFI,J2o,12,0.9696886,0.0068474533,0.006277704,0,0.017186334,0,0.0303114913
joint-final,42,60000000,BTN RFI,J3o,12,0.96842253,0.006629139,0.0059872586,0,0.01896095,0,0.0315773476
joint-final,42,60000000,BTN RFI,J4o,12,0.96571577,0.009096823,0.006902789,0,0.018284556,0,0.034284168000000004
joint-final,42,60000000,BTN RFI,J5o,12,0.9627825,0.008719019,0.008652876,0,0.019845549,0,0.037217444
joint-final,42,60000000,BTN RFI,J6o,12,0.9623028,0.009187424,0.008955118,0,0.019554656,0,0.037697198
joint-final,42,60000000,BTN RFI,J7o,12,0.95378536,0.0129510835,0.010192377,0,0.023071138,0,0.0462145985
joint-final,42,60000000,BTN RFI,J8o,12,0.92824376,0.022794161,0.017394986,0,0.031566955,0,0.071756102
joint-final,42,60000000,BTN RFI,J9o,12,0.8774597,0.045067575,0.046462227,0,0.031010495,0,0.12254029699999999
joint-final,42,60000000,BTN RFI,JTo,12,0.47889528,0.3249336,0.12553993,0,0.07063125,0,0.5211047799999999
joint-final,42,60000000,BTN RFI,Q2o,12,0.968671,0.007555051,0.007054256,0,0.016719574,0,0.031328881
joint-final,42,60000000,BTN RFI,Q3o,12,0.96352315,0.008453367,0.007943032,0,0.020080434,0,0.036476833
joint-final,42,60000000,BTN RFI,Q4o,12,0.9627954,0.007931233,0.007997333,0,0.021276021,0,0.037204587
joint-final,42,60000000,BTN RFI,Q5o,12,0.96173745,0.009162978,0.008658052,0,0.02044148,0,0.03826251
joint-final,42,60000000,BTN RFI,Q6o,12,0.9527502,0.010485144,0.009548183,0,0.027216543,0,0.04724987
joint-final,42,60000000,BTN RFI,Q7o,12,0.9533978,0.011724092,0.012621409,0,0.022256782,0,0.046602283
joint-final,42,60000000,BTN RFI,Q8o,12,0.93491256,0.017212244,0.019733716,0,0.028141491,0,0.065087451
joint-final,42,60000000,BTN RFI,Q9o,12,0.85860014,0.04384303,0.05013371,0,0.047423102,0,0.141399842
joint-final,42,60000000,BTN RFI,QTo,12,0.37946793,0.4418298,0.085988194,0,0.092714064,0,0.620532058
joint-final,42,60000000,BTN RFI,QJo,12,0.04157072,0.38770005,0.31011578,0,0.2606134,0,0.95842923
joint-final,42,60000000,BTN RFI,K2o,12,0.95286334,0.010614244,0.00913557,0,0.027386911,0,0.047136725000000004
joint-final,42,60000000,BTN RFI,K3o,12,0.9559569,0.010724095,0.009520245,0,0.023798728,0,0.044043068000000005
joint-final,42,60000000,BTN RFI,K4o,12,0.94131386,0.010948392,0.009858671,0,0.03787908,0,0.058686143
joint-final,42,60000000,BTN RFI,K5o,12,0.9373193,0.014612106,0.013783708,0,0.034284923,0,0.062680737
joint-final,42,60000000,BTN RFI,K6o,12,0.925432,0.019031,0.018151496,0,0.03738546,0,0.074567956
joint-final,42,60000000,BTN RFI,K7o,12,0.9332112,0.017792739,0.018316543,0,0.030679502,0,0.066788784
joint-final,42,60000000,BTN RFI,K8o,12,0.8770676,0.023317395,0.0504833,0,0.049131777,0,0.122932472
joint-final,42,60000000,BTN RFI,K9o,12,0.71558994,0.10602157,0.11428392,0,0.06410456,0,0.28441004999999997
joint-final,42,60000000,BTN RFI,KTo,12,0.032180883,0.37178266,0.40238065,0,0.19365577,0,0.9678190799999999
joint-final,42,60000000,BTN RFI,KJo,12,0.015460979,0.31011093,0.28038922,0,0.39403892,0,0.9845390700000001
joint-final,42,60000000,BTN RFI,KQo,12,0.009405271,0.15678221,0.5526692,0,0.28114328,0,0.99059469
joint-final,42,60000000,BTN RFI,A2o,12,0.8644948,0.039795946,0.029644107,0,0.06606522,0,0.13550527299999998
joint-final,42,60000000,BTN RFI,A3o,12,0.7425218,0.048002504,0.08254051,0,0.12693517,0,0.257478184
joint-final,42,60000000,BTN RFI,A4o,12,0.75298405,0.07293772,0.040547013,0,0.1335312,0,0.247015933
joint-final,42,60000000,BTN RFI,A5o,12,0.43318668,0.08522373,0.2001058,0,0.28148374,0,0.5668132699999999
joint-final,42,60000000,BTN RFI,A6o,12,0.2483222,0.18325733,0.12653662,0,0.44188383,0,0.75167778
joint-final,42,60000000,BTN RFI,A7o,12,0.19594434,0.17885517,0.3059452,0,0.31925535,0,0.80405572
joint-final,42,60000000,BTN RFI,A8o,12,0.018531535,0.28287864,0.10617755,0,0.5924123,0,0.98146849
joint-final,42,60000000,BTN RFI,A9o,12,0.010337948,0.3052184,0.14479461,0,0.53964907,0,0.98966208
joint-final,42,60000000,BTN RFI,ATo,12,0.004350746,0.097324744,0.4299967,0,0.46832788,0,0.995649324
joint-final,42,60000000,BTN RFI,AJo,12,0.0045400043,0.14889455,0.13429753,0,0.7122679,0,0.9954599799999999
joint-final,42,60000000,BTN RFI,AQo,12,0.0027234543,0.13349421,0.25218245,0,0.6115999,0,0.99727656
joint-final,42,60000000,BTN RFI,AKo,12,0.0013635082,0.38476628,0.4398284,0,0.17404178,0,0.9986364600000001
joint-final,42,60000000,SB RFI,22,6,0.064479634,0,0,0.10762,0.76245725,0.0654431,0.87007725
joint-final,42,60000000,SB RFI,33,6,0.04194434,0,0,0.166061,0.671361,0.12063361,0.837422
joint-final,42,60000000,SB RFI,44,6,0.02807647,0,0,0.1347885,0.7644715,0.072663575,0.89926
joint-final,42,60000000,SB RFI,55,6,0.01335516,0,0,0.1655332,0.7067759,0.11433574,0.8723091000000001
joint-final,42,60000000,SB RFI,66,6,0.007701531,0,0,0.42992008,0.35321814,0.20916025,0.78313822
joint-final,42,60000000,SB RFI,77,6,0.0049796924,0,0,0.4170078,0.21003395,0.3679785,0.62704175
joint-final,42,60000000,SB RFI,88,6,0.0039522704,0,0,0.21819907,0.33576146,0.44208717,0.55396053
joint-final,42,60000000,SB RFI,99,6,0.0037730753,0,0,0.30206123,0.15812403,0.5360416,0.46018526000000004
joint-final,42,60000000,SB RFI,TT,6,0.002941543,0,0,0.29799253,0.10608832,0.59297764,0.40408085
joint-final,42,60000000,SB RFI,JJ,6,0.0020077103,0,0,0.5026794,0.09134587,0.403967,0.5940252699999999
joint-final,42,60000000,SB RFI,QQ,6,0.0025795873,0,0,0.13474545,0.06807749,0.7945975,0.20282294
joint-final,42,60000000,SB RFI,KK,6,0.001105295,0,0,0.4134157,0.06427716,0.52120185,0.47769286
joint-final,42,60000000,SB RFI,AA,6,0.0011809212,0,0,0.1457516,0.032843996,0.82022345,0.17859559600000002
joint-final,42,60000000,SB RFI,32s,4,0.8303556,0,0,0.0425171,0.070077114,0.057050165,0.112594214
joint-final,42,60000000,SB RFI,42s,4,0.86495095,0,0,0.04025524,0.052892327,0.041901503,0.093147567
joint-final,42,60000000,SB RFI,43s,4,0.70254034,0,0,0.10677009,0.07205763,0.118632,0.17882772
joint-final,42,60000000,SB RFI,52s,4,0.84312296,0,0,0.045181923,0.051970284,0.059724912,0.09715220699999999
joint-final,42,60000000,SB RFI,53s,4,0.7194868,0,0,0.037863676,0.052081022,0.19056855,0.08994469799999999
joint-final,42,60000000,SB RFI,54s,4,0.48637846,0,0,0.15379134,0.07662268,0.28320748,0.23041402
joint-final,42,60000000,SB RFI,62s,4,0.847178,0,0,0.06450735,0.046560153,0.04175449,0.11106750300000001
joint-final,42,60000000,SB RFI,63s,4,0.793146,0,0,0.08414042,0.05657703,0.06613656,0.14071745
joint-final,42,60000000,SB RFI,64s,4,0.56896013,0,0,0.14822024,0.0862183,0.19660133,0.23443854
joint-final,42,60000000,SB RFI,65s,4,0.39730927,0,0,0.09422353,0.102531314,0.40593594,0.19675484399999998
joint-final,42,60000000,SB RFI,72s,4,0.75817263,0,0,0.043652307,0.047686275,0.1504888,0.091338582
joint-final,42,60000000,SB RFI,73s,4,0.8031309,0,0,0.06858622,0.06608108,0.062201668,0.1346673
joint-final,42,60000000,SB RFI,74s,4,0.5673432,0,0,0.08254162,0.0528187,0.2972965,0.13536032
joint-final,42,60000000,SB RFI,75s,4,0.07486464,0,0,0.053044096,0.055770792,0.8163205,0.108814888
joint-final,42,60000000,SB RFI,76s,4,0.25502673,0,0,0.110195935,0.06136453,0.5734128,0.171560465
joint-final,42,60000000,SB RFI,82s,4,0.83791256,0,0,0.045892626,0.06519216,0.051002644,0.11108478599999999
joint-final,42,60000000,SB RFI,83s,4,0.71756285,0,0,0.13506664,0.05425559,0.09311486,0.18932222999999998
joint-final,42,60000000,SB RFI,84s,4,0.73870593,0,0,0.05424252,0.06783255,0.13921909,0.12207507000000001
joint-final,42,60000000,SB RFI,85s,4,0.47022945,0,0,0.064010374,0.06903825,0.39672187,0.133048624
joint-final,42,60000000,SB RFI,86s,4,0.15220541,0,0,0.08180172,0.08691094,0.679082,0.16871266000000001
joint-final,42,60000000,SB RFI,87s,4,0.09813222,0,0,0.12785202,0.20622887,0.5677869,0.33408089
joint-final,42,60000000,SB RFI,92s,4,0.7725891,0,0,0.09675957,0.08174296,0.048908398,0.17850253
joint-final,42,60000000,SB RFI,93s,4,0.7143864,0,0,0.13665651,0.07139602,0.07756112,0.20805253
joint-final,42,60000000,SB RFI,94s,4,0.61698174,0,0,0.08140911,0.058804438,0.24280472,0.14021354800000002
joint-final,42,60000000,SB RFI,95s,4,0.2968073,0,0,0.09335687,0.08608741,0.5237484,0.17944428
joint-final,42,60000000,SB RFI,96s,4,0.1642327,0,0,0.06694547,0.08998988,0.67883193,0.15693535
joint-final,42,60000000,SB RFI,97s,4,0.06523061,0,0,0.09261386,0.09623858,0.74591696,0.18885244
joint-final,42,60000000,SB RFI,98s,4,0.040656373,0,0,0.15806921,0.1583925,0.64288193,0.31646171
joint-final,42,60000000,SB RFI,T2s,4,0.60905,0,0,0.09051852,0.062208675,0.23822287,0.152727195
joint-final,42,60000000,SB RFI,T3s,4,0.45655894,0,0,0.21094263,0.06324703,0.26925138,0.27418966
joint-final,42,60000000,SB RFI,T4s,4,0.44223225,0,0,0.15030815,0.051381055,0.35607854,0.201689205
joint-final,42,60000000,SB RFI,T5s,4,0.41071987,0,0,0.124123074,0.07230615,0.39285088,0.196429224
joint-final,42,60000000,SB RFI,T6s,4,0.14174546,0,0,0.09905675,0.07007228,0.68912554,0.16912903
joint-final,42,60000000,SB RFI,T7s,4,0.043947242,0,0,0.08619469,0.0902827,0.77957535,0.17647739
joint-final,42,60000000,SB RFI,T8s,4,0.026891077,0,0,0.2873601,0.14414527,0.5416036,0.43150537
joint-final,42,60000000,SB RFI,T9s,4,0.017859302,0,0,0.119422145,0.14455013,0.71816844,0.263972275
joint-final,42,60000000,SB RFI,J2s,4,0.44957444,0,0,0.18199593,0.0729929,0.2954367,0.25498883
joint-final,42,60000000,SB RFI,J3s,4,0.24187417,0,0,0.07362134,0.054528553,0.62997603,0.128149893
joint-final,42,60000000,SB RFI,J4s,4,0.20294541,0,0,0.07956008,0.060705606,0.65678895,0.140265686
joint-final,42,60000000,SB RFI,J5s,4,0.30812418,0,0,0.18406811,0.06663327,0.44117448,0.25070138
joint-final,42,60000000,SB RFI,J6s,4,0.15274642,0,0,0.12556307,0.104574546,0.617116,0.230137616
joint-final,42,60000000,SB RFI,J7s,4,0.036743175,0,0,0.13351311,0.108608164,0.7211355,0.242121274
joint-final,42,60000000,SB RFI,J8s,4,0.029089836,0,0,0.30282557,0.14595719,0.52212745,0.44878275999999995
joint-final,42,60000000,SB RFI,J9s,4,0.022711962,0,0,0.61708903,0.11158984,0.24860922,0.72867887
joint-final,42,60000000,SB RFI,JTs,4,0.017760787,0,0,0.77166057,0.09729231,0.113286406,0.86895288
joint-final,42,60000000,SB RFI,Q2s,4,0.3059713,0,0,0.07581872,0.1363734,0.48183662,0.21219212
joint-final,42,60000000,SB RFI,Q3s,4,0.30653003,0,0,0.15975338,0.110724434,0.42299226,0.270477814
joint-final,42,60000000,SB RFI,Q4s,4,0.22631992,0,0,0.11336138,0.15075375,0.50956494,0.26411513
joint-final,42,60000000,SB RFI,Q5s,4,0.06476717,0,0,0.14060411,0.096622445,0.69800633,0.237226555
joint-final,42,60000000,SB RFI,Q6s,4,0.060639933,0,0,0.11288796,0.13885354,0.6876185,0.2517415
joint-final,42,60000000,SB RFI,Q7s,4,0.034543842,0,0,0.11207649,0.11103081,0.7423488,0.2231073
joint-final,42,60000000,SB RFI,Q8s,4,0.026363758,0,0,0.3450987,0.19801728,0.43052027,0.5431159799999999
joint-final,42,60000000,SB RFI,Q9s,4,0.021613995,0,0,0.3809632,0.2129134,0.38450938,0.5938766
joint-final,42,60000000,SB RFI,QTs,4,0.016320936,0,0,0.15474825,0.23894298,0.5899879,0.39369123
joint-final,42,60000000,SB RFI,QJs,4,0.013829318,0,0,0.5380943,0.30710512,0.1409713,0.84519942
joint-final,42,60000000,SB RFI,K2s,4,0.072196245,0,0,0.09117111,0.15690216,0.67973053,0.24807327
joint-final,42,60000000,SB RFI,K3s,4,0.08862398,0,0,0.3439906,0.18040518,0.3869802,0.52439578
joint-final,42,60000000,SB RFI,K4s,4,0.06612246,0,0,0.22691423,0.17772624,0.5292371,0.40464047000000003
joint-final,42,60000000,SB RFI,K5s,4,0.0454026,0,0,0.18938531,0.28632948,0.4788826,0.47571479000000005
joint-final,42,60000000,SB RFI,K6s,4,0.029834842,0,0,0.42795956,0.101855814,0.4403498,0.529815374
joint-final,42,60000000,SB RFI,K7s,4,0.022359127,0,0,0.64535254,0.13573249,0.19655591,0.78108503
joint-final,42,60000000,SB RFI,K8s,4,0.025581252,0,0,0.24368718,0.49766764,0.23306392,0.74135482
joint-final,42,60000000,SB RFI,K9s,4,0.014274941,0,0,0.33209953,0.21113285,0.44249263,0.54323238
joint-final,42,60000000,SB RFI,KTs,4,0.012349709,0,0,0.32928923,0.1336645,0.5246965,0.46295372999999995
joint-final,42,60000000,SB RFI,KJs,4,0.010782009,0,0,0.677115,0.12669785,0.1854051,0.80381285
joint-final,42,60000000,SB RFI,KQs,4,0.0076589626,0,0,0.63345784,0.124482065,0.2344012,0.7579399050000001
joint-final,42,60000000,SB RFI,A2s,4,0.017025525,0,0,0.4200357,0.411757,0.15118186,0.8317927
joint-final,42,60000000,SB RFI,A3s,4,0.012687425,0,0,0.4829652,0.39914933,0.105197996,0.88211453
joint-final,42,60000000,SB RFI,A4s,4,0.016912635,0,0,0.6055095,0.26310176,0.11447609,0.86861126
joint-final,42,60000000,SB RFI,A5s,4,0.012085256,0,0,0.4963133,0.26879352,0.22280785,0.76510682
joint-final,42,60000000,SB RFI,A6s,4,0.013082661,0,0,0.2488762,0.5737441,0.16429703,0.8226203
joint-final,42,60000000,SB RFI,A7s,4,0.00964373,0,0,0.1927082,0.6347842,0.16286382,0.8274924
joint-final,42,60000000,SB RFI,A8s,4,0.0067991554,0,0,0.45293877,0.29932308,0.24093896,0.75226185
joint-final,42,60000000,SB RFI,A9s,4,0.0056762085,0,0,0.29858267,0.50812644,0.18761465,0.8067091099999999
joint-final,42,60000000,SB RFI,ATs,4,0.0054762065,0,0,0.2779802,0.5821976,0.13434604,0.8601778
joint-final,42,60000000,SB RFI,AJs,4,0.004042276,0,0,0.5717072,0.24687742,0.17737311,0.81858462
joint-final,42,60000000,SB RFI,AQs,4,0.002384791,0,0,0.3488539,0.21710294,0.43165842,0.56595684
joint-final,42,60000000,SB RFI,AKs,4,0.0018904273,0,0,0.49868247,0.25254825,0.2468789,0.7512307199999999
joint-final,42,60000000,SB RFI,32o,12,0.9467749,0,0,0.019061489,0.026117802,0.008045762,0.045179290999999996
joint-final,42,60000000,SB RFI,42o,12,0.93916965,0,0,0.020420974,0.024348821,0.016060613,0.044769795
joint-final,42,60000000,SB RFI,43o,12,0.93393654,0,0,0.022136671,0.029867152,0.014059546,0.052003823000000005
joint-final,42,60000000,SB RFI,52o,12,0.9391196,0,0,0.019240882,0.027029773,0.014609784,0.046270655
joint-final,42,60000000,SB RFI,53o,12,0.9297101,0,0,0.019220188,0.029966233,0.021103423,0.049186420999999994
joint-final,42,60000000,SB RFI,54o,12,0.89302975,0,0,0.035274174,0.031429574,0.04026647,0.06670374800000001
joint-final,42,60000000,SB RFI,62o,12,0.94746625,0,0,0.016236855,0.02162893,0.014667947,0.037865785
joint-final,42,60000000,SB RFI,63o,12,0.9076245,0,0,0.029325653,0.026075251,0.036974512,0.055400904
joint-final,42,60000000,SB RFI,64o,12,0.8953176,0,0,0.03651526,0.032926314,0.03524079,0.069441574
joint-final,42,60000000,SB RFI,65o,12,0.8159635,0,0,0.04316372,0.047660418,0.09321234,0.090824138
joint-final,42,60000000,SB RFI,72o,12,0.94056547,0,0,0.021961585,0.023846367,0.013626514,0.045807952
joint-final,42,60000000,SB RFI,73o,12,0.91157514,0,0,0.023135658,0.03638638,0.028902749,0.059522038
joint-final,42,60000000,SB RFI,74o,12,0.8643907,0,0,0.03079074,0.03183205,0.0729865,0.06262279
joint-final,42,60000000,SB RFI,75o,12,0.73062533,0,0,0.038634386,0.028934656,0.20180559,0.067569042
joint-final,42,60000000,SB RFI,76o,12,0.5261057,0,0,0.0468528,0.03251546,0.39452597,0.07936826
joint-final,42,60000000,SB RFI,82o,12,0.93846875,0,0,0.021730207,0.02412048,0.015680572,0.045850687
joint-final,42,60000000,SB RFI,83o,12,0.9241716,0,0,0.031729937,0.025368322,0.0187301,0.057098259
joint-final,42,60000000,SB RFI,84o,12,0.9073308,0,0,0.028022613,0.027294206,0.037352398,0.055316819
joint-final,42,60000000,SB RFI,85o,12,0.61931026,0,0,0.03347524,0.033095017,0.3141195,0.066570257
joint-final,42,60000000,SB RFI,86o,12,0.51756054,0,0,0.079027414,0.03499212,0.36841995,0.114019534
joint-final,42,60000000,SB RFI,87o,12,0.09321332,0,0,0.09466891,0.043768022,0.76834977,0.13843693199999998
joint-final,42,60000000,SB RFI,92o,12,0.9098024,0,0,0.03449025,0.031888787,0.023818573,0.066379037
joint-final,42,60000000,SB RFI,93o,12,0.8824647,0,0,0.035269544,0.03134483,0.050920956,0.066614374
joint-final,42,60000000,SB RFI,94o,12,0.8882912,0,0,0.048707657,0.026543768,0.03645734,0.075251425
joint-final,42,60000000,SB RFI,95o,12,0.6800538,0,0,0.046150222,0.031060966,0.24273506,0.077211188
joint-final,42,60000000,SB RFI,96o,12,0.40373242,0,0,0.03243536,0.031882353,0.5319499,0.064317713
joint-final,42,60000000,SB RFI,97o,12,0.14217313,0,0,0.05163793,0.035356835,0.7708321,0.086994765
joint-final,42,60000000,SB RFI,98o,12,0.018308692,0,0,0.056369375,0.038072176,0.8872497,0.094441551
joint-final,42,60000000,SB RFI,T2o,12,0.89919925,0,0,0.031591125,0.034348633,0.03486098,0.065939758
joint-final,42,60000000,SB RFI,T3o,12,0.8115407,0,0,0.039332163,0.033845462,0.11528158,0.073177625
joint-final,42,60000000,SB RFI,T4o,12,0.6273157,0,0,0.05311883,0.0265534,0.29301202,0.07967223
joint-final,42,60000000,SB RFI,T5o,12,0.510228,0,0,0.039215848,0.020981276,0.4295749,0.060197124
joint-final,42,60000000,SB RFI,T6o,12,0.15330102,0,0,0.048717145,0.032401193,0.76558065,0.08111833800000001
joint-final,42,60000000,SB RFI,T7o,12,0.069431424,0,0,0.04982578,0.04768187,0.8330609,0.09750765
joint-final,42,60000000,SB RFI,T8o,12,0.026418447,0,0,0.15454116,0.04672489,0.7723155,0.20126605
joint-final,42,60000000,SB RFI,T9o,12,0.014097998,0,0,0.10129171,0.062094674,0.8225156,0.163386384
joint-final,42,60000000,SB RFI,J2o,12,0.84712183,0,0,0.036361746,0.028286349,0.08823013,0.064648095
joint-final,42,60000000,SB RFI,J3o,12,0.701398,0,0,0.029635122,0.032585796,0.23638107,0.062220918
joint-final,42,60000000,SB RFI,J4o,12,0.51973975,0,0,0.031038152,0.03250301,0.41671914,0.063541162
joint-final,42,60000000,SB RFI,J5o,12,0.3853917,0,0,0.0468095,0.037573043,0.5302258,0.084382543
joint-final,42,60000000,SB RFI,J6o,12,0.18634123,0,0,0.062932454,0.03511991,0.7156064,0.098052364
joint-final,42,60000000,SB RFI,J7o,12,0.12759925,0,0,0.051223468,0.0499537,0.7712236,0.101177168
joint-final,42,60000000,SB RFI,J8o,12,0.02816398,0,0,0.061519194,0.043357883,0.8669589,0.104877077
joint-final,42,60000000,SB RFI,J9o,12,0.0127785215,0,0,0.094812445,0.07522729,0.81718177,0.170039735
joint-final,42,60000000,SB RFI,JTo,12,0.007627642,0,0,0.20960143,0.119906306,0.6628646,0.329507736
joint-final,42,60000000,SB RFI,Q2o,12,0.71148103,0,0,0.042429674,0.032408934,0.2136804,0.074838608
joint-final,42,60000000,SB RFI,Q3o,12,0.49885285,0,0,0.035538413,0.031468123,0.43414068,0.067006536
joint-final,42,60000000,SB RFI,Q4o,12,0.3873439,0,0,0.05972195,0.034293555,0.51864064,0.094015505
joint-final,42,60000000,SB RFI,Q5o,12,0.2961646,0,0,0.1701263,0.040317103,0.49339196,0.210443403
joint-final,42,60000000,SB RFI,Q6o,12,0.11938556,0,0,0.075583756,0.047249075,0.7577817,0.122832831
joint-final,42,60000000,SB RFI,Q7o,12,0.042944968,0,0,0.07403615,0.04420588,0.838813,0.11824203
joint-final,42,60000000,SB RFI,Q8o,12,0.013167158,0,0,0.09930555,0.04537642,0.84215087,0.14468197
joint-final,42,60000000,SB RFI,Q9o,12,0.014070511,0,0,0.15902828,0.069701314,0.7571999,0.22872959399999998
joint-final,42,60000000,SB RFI,QTo,12,0.017239207,0,0,0.6519171,0.14045018,0.19039354,0.79236728
joint-final,42,60000000,SB RFI,QJo,12,0.008307727,0,0,0.3934953,0.1251878,0.47300923,0.5186831
joint-final,42,60000000,SB RFI,K2o,12,0.4744133,0,0,0.06345717,0.045592003,0.41653746,0.109049173
joint-final,42,60000000,SB RFI,K3o,12,0.2770727,0,0,0.04581541,0.06489894,0.61221296,0.11071435
joint-final,42,60000000,SB RFI,K4o,12,0.13822491,0,0,0.19235082,0.060992282,0.608432,0.253343102
joint-final,42,60000000,SB RFI,K5o,12,0.04550023,0,0,0.09038494,0.06814726,0.7959676,0.1585322
joint-final,42,60000000,SB RFI,K6o,12,0.033405934,0,0,0.14381656,0.069198966,0.75357854,0.213015526
joint-final,42,60000000,SB RFI,K7o,12,0.028305277,0,0,0.18285015,0.0705564,0.7182882,0.25340655
joint-final,42,60000000,SB RFI,K8o,12,0.02758667,0,0,0.08888458,0.13975571,0.743773,0.22864029000000002
joint-final,42,60000000,SB RFI,K9o,12,0.015345751,0,0,0.36768982,0.2228066,0.39415783,0.59049642
joint-final,42,60000000,SB RFI,KTo,12,0.008358927,0,0,0.1876396,0.2683606,0.5356409,0.45600019999999997
joint-final,42,60000000,SB RFI,KJo,12,0.006805136,0,0,0.27877742,0.22202446,0.49239305,0.50080188
joint-final,42,60000000,SB RFI,KQo,12,0.006736291,0,0,0.3796028,0.45072934,0.1629316,0.83033214
joint-final,42,60000000,SB RFI,A2o,12,0.026076786,0,0,0.1269327,0.7900942,0.05689632,0.9170269
joint-final,42,60000000,SB RFI,A3o,12,0.02854106,0,0,0.118099794,0.7273752,0.12598391,0.845474994
joint-final,42,60000000,SB RFI,A4o,12,0.016035302,0,0,0.25681356,0.5368622,0.19028895,0.79367576
joint-final,42,60000000,SB RFI,A5o,12,0.011693854,0,0,0.1498965,0.48915833,0.34925133,0.63905483
joint-final,42,60000000,SB RFI,A6o,12,0.013565786,0,0,0.17240188,0.7210737,0.09295865,0.89347558
joint-final,42,60000000,SB RFI,A7o,12,0.007874285,0,0,0.3910953,0.4405886,0.16044179,0.8316839
joint-final,42,60000000,SB RFI,A8o,12,0.006148942,0,0,0.27238926,0.56580883,0.15565294,0.8381980900000001
joint-final,42,60000000,SB RFI,A9o,12,0.005336348,0,0,0.27797177,0.5803624,0.13632956,0.85833417
joint-final,42,60000000,SB RFI,ATo,12,0.0030629723,0,0,0.11998251,0.37850758,0.4984469,0.49849009
joint-final,42,60000000,SB RFI,AJo,12,0.0022865743,0,0,0.29755867,0.54899776,0.15115699,0.84655643
joint-final,42,60000000,SB RFI,AQo,12,0.002143448,0,0,0.22561502,0.27128527,0.5009563,0.49690029
joint-final,42,60000000,SB RFI,AKo,12,0.0018043808,0,0,0.62885183,0.20884249,0.1605013,0.83769432
joint-final,73,60000000,UTG RFI,22,6,0.950577,0.011348984,0.013359929,0,0.024714004,0,0.049422917
joint-final,73,60000000,UTG RFI,33,6,0.9230092,0.020971453,0.022619361,0,0.03339991,0,0.076990724
joint-final,73,60000000,UTG RFI,44,6,0.76257384,0.067524634,0.08005747,0,0.08984408,0,0.237426184
joint-final,73,60000000,UTG RFI,55,6,0.11314744,0.40251625,0.25387815,0,0.23045811,0,0.88685251
joint-final,73,60000000,UTG RFI,66,6,0.014737135,0.11175921,0.33658203,0,0.5369217,0,0.9852629399999999
joint-final,73,60000000,UTG RFI,77,6,0.006139613,0.52106327,0.19227646,0,0.28052068,0,0.99386041
joint-final,73,60000000,UTG RFI,88,6,0.0030982955,0.5306709,0.31656277,0,0.14966807,0,0.99690174
joint-final,73,60000000,UTG RFI,99,6,0.0020638187,0.41827494,0.49597818,0,0.08368304,0,0.99793616
joint-final,73,60000000,UTG RFI,TT,6,0.0013927413,0.18443541,0.5547776,0,0.25939426,0,0.9986072699999999
joint-final,73,60000000,UTG RFI,JJ,6,0.00093935616,0.49947485,0.3835687,0,0.11601705,0,0.9990606
joint-final,73,60000000,UTG RFI,QQ,6,0.00068637455,0.3874174,0.54898185,0,0.06291445,0,0.9993137
joint-final,73,60000000,UTG RFI,KK,6,0.00066830846,0.7398593,0.21327817,0,0.04619422,0,0.99933169
joint-final,73,60000000,UTG RFI,AA,6,0.00022698805,0.4195761,0.5524111,0,0.027785787,0,0.9997729870000001
joint-final,73,60000000,UTG RFI,32s,4,0.9772186,0.0051975553,0.0051856306,0,0.012398146,0,0.0227813319
joint-final,73,60000000,UTG RFI,42s,4,0.974558,0.006567987,0.005816361,0,0.013057704,0,0.025442052
joint-final,73,60000000,UTG RFI,43s,4,0.9689578,0.006721443,0.006743286,0,0.017577494,0,0.031042223
joint-final,73,60000000,UTG RFI,52s,4,0.9739797,0.007893001,0.005688858,0,0.012438422,0,0.026020281
joint-final,73,60000000,UTG RFI,53s,4,0.9671347,0.008878843,0.0077921078,0,0.016194308,0,0.032865258800000005
joint-final,73,60000000,UTG RFI,54s,4,0.95487654,0.012315695,0.010705582,0,0.022102123,0,0.0451234
joint-final,73,60000000,UTG RFI,62s,4,0.9766952,0.005287518,0.0055724033,0,0.012444981,0,0.0233049023
joint-final,73,60000000,UTG RFI,63s,4,0.9705536,0.0068769064,0.008689042,0,0.013880411,0,0.0294463594
joint-final,73,60000000,UTG RFI,64s,4,0.9651763,0.008667043,0.009656488,0,0.016500205,0,0.034823736
joint-final,73,60000000,UTG RFI,65s,4,0.9482608,0.015648387,0.014027499,0,0.022063354,0,0.05173924
joint-final,73,60000000,UTG RFI,72s,4,0.9767698,0.005482727,0.0061028395,0,0.011644594,0,0.0232301605
joint-final,73,60000000,UTG RFI,73s,4,0.97333175,0.007011118,0.0053816815,0,0.014275482,0,0.026668281500000002
joint-final,73,60000000,UTG RFI,74s,4,0.9676143,0.0076733837,0.009142375,0,0.015569972,0,0.0323857307
joint-final,73,60000000,UTG RFI,75s,4,0.9562789,0.013411667,0.011040232,0,0.01926917,0,0.043721069
joint-final,73,60000000,UTG RFI,76s,4,0.9475931,0.014130228,0.014646288,0,0.023630377,0,0.052406893
joint-final,73,60000000,UTG RFI,82s,4,0.97431225,0.006969874,0.00580532,0,0.012912545,0,0.025687739
joint-final,73,60000000,UTG RFI,83s,4,0.97509664,0.006378037,0.005983613,0,0.012541766,0,0.024903415999999998
joint-final,73,60000000,UTG RFI,84s,4,0.97180194,0.0069026123,0.007077397,0,0.014217985,0,0.0281979943
joint-final,73,60000000,UTG RFI,85s,4,0.96025646,0.01001532,0.012151643,0,0.017576542,0,0.039743505
joint-final,73,60000000,UTG RFI,86s,4,0.94981986,0.015001171,0.014438355,0,0.02074056,0,0.050180086
joint-final,73,60000000,UTG RFI,87s,4,0.9281414,0.024719486,0.021628141,0,0.025510946,0,0.071858573
joint-final,73,60000000,UTG RFI,92s,4,0.97352564,0.0068613198,0.0069054593,0,0.012707548,0,0.0264743271
joint-final,73,60000000,UTG RFI,93s,4,0.97339416,0.0067775897,0.006756569,0,0.013071683,0,0.0266058417
joint-final,73,60000000,UTG RFI,94s,4,0.9705583,0.008100533,0.0060667214,0,0.015274442,0,0.029441696399999998
joint-final,73,60000000,UTG RFI,95s,4,0.9650736,0.009461547,0.008408519,0,0.017056372,0,0.034926438000000004
joint-final,73,60000000,UTG RFI,96s,4,0.95523196,0.015192974,0.011255719,0,0.018319374,0,0.044768067
joint-final,73,60000000,UTG RFI,97s,4,0.9358558,0.018573688,0.0198135,0,0.025756992,0,0.06414418
joint-final,73,60000000,UTG RFI,98s,4,0.9137183,0.026918149,0.030540671,0,0.028822832,0,0.086281652
joint-final,73,60000000,UTG RFI,T2s,4,0.9725146,0.007122161,0.006701036,0,0.013662112,0,0.027485309
joint-final,73,60000000,UTG RFI,T3s,4,0.96603,0.008380843,0.008538964,0,0.017050164,0,0.033969971
joint-final,73,60000000,UTG RFI,T4s,4,0.9669446,0.009248343,0.007581655,0,0.0162254,0,0.033055398
joint-final,73,60000000,UTG RFI,T5s,4,0.96733826,0.0081694145,0.0074089314,0,0.01708332,0,0.0326616659
joint-final,73,60000000,UTG RFI,T6s,4,0.9556583,0.013112862,0.012900153,0,0.018328672,0,0.044341687
joint-final,73,60000000,UTG RFI,T7s,4,0.93197757,0.024723122,0.013478964,0,0.02982031,0,0.068022396
joint-final,73,60000000,UTG RFI,T8s,4,0.90093315,0.02958966,0.035541467,0,0.03393569,0,0.099066817
joint-final,73,60000000,UTG RFI,T9s,4,0.5300082,0.32767653,0.09871018,0,0.04360504,0,0.46999175000000004
joint-final,73,60000000,UTG RFI,J2s,4,0.9667428,0.009054417,0.008374921,0,0.015827823,0,0.033257161
joint-final,73,60000000,UTG RFI,J3s,4,0.96694726,0.010260893,0.008040542,0,0.014751273,0,0.033052708
joint-final,73,60000000,UTG RFI,J4s,4,0.96013665,0.0113005685,0.010496028,0,0.0180668,0,0.0398633965
joint-final,73,60000000,UTG RFI,J5s,4,0.9578392,0.012714366,0.011487679,0,0.017958779,0,0.042160824
joint-final,73,60000000,UTG RFI,J6s,4,0.9547681,0.015036275,0.011305129,0,0.018890463,0,0.045231867
joint-final,73,60000000,UTG RFI,J7s,4,0.945711,0.0155323725,0.0153283095,0,0.023428287,0,0.054288969
joint-final,73,60000000,UTG RFI,J8s,4,0.87168586,0.05106446,0.043082856,0,0.03416686,0,0.128314176
joint-final,73,60000000,UTG RFI,J9s,4,0.6134268,0.2932809,0.05543346,0,0.03785883,0,0.38657319
joint-final,73,60000000,UTG RFI,JTs,4,0.057446253,0.329237,0.45637482,0,0.15694194,0,0.94255376
joint-final,73,60000000,UTG RFI,Q2s,4,0.96120155,0.009501423,0.010224081,0,0.019072909,0,0.038798413
joint-final,73,60000000,UTG RFI,Q3s,4,0.95557237,0.012972973,0.01044946,0,0.021005183,0,0.044427616
joint-final,73,60000000,UTG RFI,Q4s,4,0.94766504,0.017033633,0.013765448,0,0.021535862,0,0.052334942999999995
joint-final,73,60000000,UTG RFI,Q5s,4,0.9436525,0.015828177,0.015516545,0,0.02500277,0,0.056347492
joint-final,73,60000000,UTG RFI,Q6s,4,0.9308464,0.024685947,0.01975332,0,0.024714349,0,0.069153616
joint-final,73,60000000,UTG RFI,Q7s,4,0.9328253,0.020604681,0.020438964,0,0.026131026,0,0.067174671
joint-final,73,60000000,UTG RFI,Q8s,4,0.8406168,0.046418265,0.08093548,0,0.03202947,0,0.159383215
joint-final,73,60000000,UTG RFI,Q9s,4,0.48394868,0.27778897,0.18023084,0,0.058031566,0,0.5160513760000001
joint-final,73,60000000,UTG RFI,QTs,4,0.02324582,0.32679528,0.5721562,0,0.07780268,0,0.97675416
joint-final,73,60000000,UTG RFI,QJs,4,0.015892012,0.37440714,0.45746014,0,0.15224072,0,0.984108
joint-final,73,60000000,UTG RFI,K2s,4,0.9357632,0.014102333,0.016715921,0,0.03341859,0,0.064236844
joint-final,73,60000000,UTG RFI,K3s,4,0.93609256,0.019105319,0.017372198,0,0.027429998,0,0.063907515
joint-final,73,60000000,UTG RFI,K4s,4,0.9285518,0.021239456,0.015902417,0,0.03430628,0,0.071448153
joint-final,73,60000000,UTG RFI,K5s,4,0.90756196,0.029250339,0.025134958,0,0.038052704,0,0.09243800099999999
joint-final,73,60000000,UTG RFI,K6s,4,0.8319159,0.07549831,0.048454948,0,0.044130877,0,0.168084135
joint-final,73,60000000,UTG RFI,K7s,4,0.6771581,0.078873165,0.18260679,0,0.06136198,0,0.32284193499999997
joint-final,73,60000000,UTG RFI,K8s,4,0.64052236,0.09510821,0.20927607,0,0.055093326,0,0.359477606
joint-final,73,60000000,UTG RFI,K9s,4,0.04701646,0.62216675,0.13746601,0,0.19335072,0,0.95298348
joint-final,73,60000000,UTG RFI,KTs,4,0.012906546,0.3428951,0.5220357,0,0.12216266,0,0.98709346
joint-final,73,60000000,UTG RFI,KJs,4,0.010338925,0.72342396,0.14456198,0,0.121675126,0,0.989661066
joint-final,73,60000000,UTG RFI,KQs,4,0.0044555003,0.43032527,0.41785008,0,0.14736913,0,0.99554448
joint-final,73,60000000,UTG RFI,A2s,4,0.5683179,0.0695813,0.28542277,0,0.07667806,0,0.43168213
joint-final,73,60000000,UTG RFI,A3s,4,0.42344946,0.35067874,0.09060887,0,0.13526292,0,0.57655053
joint-final,73,60000000,UTG RFI,A4s,4,0.14144967,0.43855932,0.3306584,0,0.089332595,0,0.858550315
joint-final,73,60000000,UTG RFI,A5s,4,0.12025544,0.11970336,0.44303057,0,0.31701067,0,0.8797446
joint-final,73,60000000,UTG RFI,A6s,4,0.089771524,0.35791102,0.40967476,0,0.14264268,0,0.91022846
joint-final,73,60000000,UTG RFI,A7s,4,0.048491053,0.32949498,0.4708223,0,0.15119165,0,0.95150893
joint-final,73,60000000,UTG RFI,A8s,4,0.018595325,0.3665001,0.32034728,0,0.29455733,0,0.9814047100000001
joint-final,73,60000000,UTG RFI,A9s,4,0.0087337615,0.51483774,0.245886,0,0.23054256,0,0.9912663
joint-final,73,60000000,UTG RFI,ATs,4,0.0038456374,0.5289434,0.24177174,0,0.22543928,0,0.99615442
joint-final,73,60000000,UTG RFI,AJs,4,0.004146694,0.119826645,0.6902532,0,0.18577348,0,0.995853325
joint-final,73,60000000,UTG RFI,AQs,4,0.0024142044,0.11596231,0.2823146,0,0.5993089,0,0.99758581
joint-final,73,60000000,UTG RFI,AKs,4,0.0014687933,0.58892685,0.11929351,0,0.29031083,0,0.99853119
joint-final,73,60000000,UTG RFI,32o,12,0.9919631,0.0014072964,0.0013971478,0,0.0052324887,0,0.0080369329
joint-final,73,60000000,UTG RFI,42o,12,0.9912503,0.0015475038,0.0016538091,0,0.0055484525,0,0.0087497654
joint-final,73,60000000,UTG RFI,43o,12,0.98951566,0.00212728,0.0020226357,0,0.0063344124,0,0.0104843281
joint-final,73,60000000,UTG RFI,52o,12,0.99084985,0.0017706172,0.0016547255,0,0.005724756,0,0.0091500987
joint-final,73,60000000,UTG RFI,53o,12,0.98915225,0.0021991048,0.0021975697,0,0.006451161,0,0.0108478355
joint-final,73,60000000,UTG RFI,54o,12,0.9868137,0.0030064916,0.002646199,0,0.007533595,0,0.0131862856
joint-final,73,60000000,UTG RFI,62o,12,0.99190927,0.0016164752,0.0013633486,0,0.005110891,0,0.0080907148
joint-final,73,60000000,UTG RFI,63o,12,0.9901355,0.0018871188,0.0018200811,0,0.00615735,0,0.0098645499
joint-final,73,60000000,UTG RFI,64o,12,0.9881051,0.0023445985,0.0025702126,0,0.006979962,0,0.0118947731
joint-final,73,60000000,UTG RFI,65o,12,0.9857096,0.003303283,0.0033715079,0,0.007615544,0,0.0142903349
joint-final,73,60000000,UTG RFI,72o,12,0.99236137,0.0013353644,0.0013305112,0,0.0049727107,0,0.0076385863
joint-final,73,60000000,UTG RFI,73o,12,0.9907704,0.001725117,0.0017611996,0,0.0057433657,0,0.0092296823
joint-final,73,60000000,UTG RFI,74o,12,0.98916185,0.0020593407,0.0023456723,0,0.0064331596,0,0.010838172600000001
joint-final,73,60000000,UTG RFI,75o,12,0.9866854,0.00308839,0.0028576334,0,0.00736854,0,0.0133145634
joint-final,73,60000000,UTG RFI,76o,12,0.9829284,0.0038882424,0.0038530468,0,0.009330271,0,0.0170715602
joint-final,73,60000000,UTG RFI,82o,12,0.99165785,0.0014786253,0.001453491,0,0.0054100407,0,0.008342157
joint-final,73,60000000,UTG RFI,83o,12,0.9911543,0.0017589953,0.0014087743,0,0.0056779166,0,0.0088456862
joint-final,73,60000000,UTG RFI,84o,12,0.9899783,0.0019845862,0.0019250066,0,0.0061121145,0,0.0100217073
joint-final,73,60000000,UTG RFI,85o,12,0.9876968,0.0026633772,0.0025527389,0,0.00708705,0,0.0123031661
joint-final,73,60000000,UTG RFI,86o,12,0.9844106,0.003322758,0.00347268,0,0.008794011,0,0.015589448999999998
joint-final,73,60000000,UTG RFI,87o,12,0.9809202,0.00466321,0.0048907637,0,0.009525856,0,0.0190798297
joint-final,73,60000000,UTG RFI,92o,12,0.9910497,0.0017275031,0.001509666,0,0.005713152,0,0.0089503211
joint-final,73,60000000,UTG RFI,93o,12,0.9906289,0.0019694755,0.0018032815,0,0.005598269,0,0.009371026000000001
joint-final,73,60000000,UTG RFI,94o,12,0.9903377,0.0019569471,0.00184656,0,0.0058587915,0,0.0096622986
joint-final,73,60000000,UTG RFI,95o,12,0.98838496,0.0023083475,0.0023202272,0,0.006986467,0,0.011615041699999998
joint-final,73,60000000,UTG RFI,96o,12,0.9858282,0.003459681,0.0032329727,0,0.0074791615,0,0.0141718152
joint-final,73,60000000,UTG RFI,97o,12,0.9815284,0.0049271374,0.0040423064,0,0.009502074,0,0.0184715178
joint-final,73,60000000,UTG RFI,98o,12,0.97810125,0.005140374,0.0064780377,0,0.010280324,0,0.021898735699999998
joint-final,73,60000000,UTG RFI,T2o,12,0.99066055,0.0018502596,0.001750498,0,0.0057387464,0,0.009339504
joint-final,73,60000000,UTG RFI,T3o,12,0.9897447,0.0019016309,0.0019215296,0,0.006432224,0,0.0102553845
joint-final,73,60000000,UTG RFI,T4o,12,0.98920393,0.0022371397,0.0021937636,0,0.006365197,0,0.0107961003
joint-final,73,60000000,UTG RFI,T5o,12,0.98883957,0.0023457087,0.0022797238,0,0.0065350416,0,0.0111604741
joint-final,73,60000000,UTG RFI,T6o,12,0.98669213,0.0032825735,0.0029166157,0,0.0071085407,0,0.013307729899999999
joint-final,73,60000000,UTG RFI,T7o,12,0.9823155,0.004349856,0.004055012,0,0.009279666,0,0.017684534000000002
joint-final,73,60000000,UTG RFI,T8o,12,0.9764131,0.0074754674,0.006851926,0,0.009259546,0,0.0235869394
joint-final,73,60000000,UTG RFI,T9o,12,0.9640664,0.010853854,0.011321975,0,0.013757876,0,0.035933704999999996
joint-final,73,60000000,UTG RFI,J2o,12,0.9898291,0.002272922,0.0019293042,0,0.0059686,0,0.0101708262
joint-final,73,60000000,UTG RFI,J3o,12,0.9889034,0.0023893486,0.0021611124,0,0.0065461523,0,0.0110966133
joint-final,73,60000000,UTG RFI,J4o,12,0.98795,0.002357484,0.0025301771,0,0.0071622725,0,0.0120499336
joint-final,73,60000000,UTG RFI,J5o,12,0.98726004,0.002941071,0.0026998995,0,0.007099035,0,0.0127400055
joint-final,73,60000000,UTG RFI,J6o,12,0.9866146,0.0031174857,0.0028542334,0,0.00741375,0,0.0133854691
joint-final,73,60000000,UTG RFI,J7o,12,0.98316723,0.004428895,0.0037397004,0,0.008664178,0,0.0168327734
joint-final,73,60000000,UTG RFI,J8o,12,0.9778993,0.0059388853,0.0055489694,0,0.010612871,0,0.0221007257
joint-final,73,60000000,UTG RFI,J9o,12,0.9612423,0.01581011,0.010300156,0,0.012647341,0,0.038757607
joint-final,73,60000000,UTG RFI,JTo,12,0.8723498,0.060712673,0.04934783,0,0.017589685,0,0.127650188
joint-final,73,60000000,UTG RFI,Q2o,12,0.98734015,0.002564326,0.0027057396,0,0.0073897266,0,0.0126597922
joint-final,73,60000000,UTG RFI,Q3o,12,0.9865285,0.0030279276,0.0028602695,0,0.0075832144,0,0.013471411499999999
joint-final,73,60000000,UTG RFI,Q4o,12,0.9856926,0.0029998277,0.00323271,0,0.00807477,0,0.0143073077
joint-final,73,60000000,UTG RFI,Q5o,12,0.9849695,0.0037268817,0.0031504056,0,0.008153228,0,0.0150305153
joint-final,73,60000000,UTG RFI,Q6o,12,0.9832257,0.0036829575,0.003721415,0,0.009369874,0,0.0167742465
joint-final,73,60000000,UTG RFI,Q7o,12,0.9815722,0.004590127,0.0042633554,0,0.00957423,0,0.0184277124
joint-final,73,60000000,UTG RFI,Q8o,12,0.9754195,0.006821958,0.0070643346,0,0.010694232,0,0.0245805246
joint-final,73,60000000,UTG RFI,Q9o,12,0.9513228,0.015317761,0.018177046,0,0.01518236,0,0.048677167
joint-final,73,60000000,UTG RFI,QTo,12,0.71953213,0.110153526,0.14652716,0,0.023787199,0,0.280467885
joint-final,73,60000000,UTG RFI,QJo,12,0.14619659,0.49629688,0.3137079,0,0.04379863,0,0.8538034099999999
joint-final,73,60000000,UTG RFI,K2o,12,0.9844271,0.0033272016,0.0034982325,0,0.008747445,0,0.0155728791
joint-final,73,60000000,UTG RFI,K3o,12,0.9834383,0.004274667,0.0038646017,0,0.00842249,0,0.0165617587
joint-final,73,60000000,UTG RFI,K4o,12,0.9811372,0.004629545,0.00441305,0,0.009820172,0,0.018862767
joint-final,73,60000000,UTG RFI,K5o,12,0.9783802,0.006053288,0.005211558,0,0.010354914,0,0.021619760000000002
joint-final,73,60000000,UTG RFI,K6o,12,0.9764629,0.006026441,0.006026298,0,0.011484331,0,0.02353707
joint-final,73,60000000,UTG RFI,K7o,12,0.9696276,0.009836364,0.007820742,0,0.012715328,0,0.030372434
joint-final,73,60000000,UTG RFI,K8o,12,0.967838,0.008444221,0.010114238,0,0.0136035755,0,0.0321620345
joint-final,73,60000000,UTG RFI,K9o,12,0.89213765,0.025735551,0.06368145,0,0.018445427,0,0.107862428
joint-final,73,60000000,UTG RFI,KTo,12,0.38856602,0.4062941,0.15886576,0,0.046274092,0,0.611433952
joint-final,73,60000000,UTG RFI,KJo,12,0.028309468,0.28977194,0.610623,0,0.07129555,0,0.9716904900000001
joint-final,73,60000000,UTG RFI,KQo,12,0.0068067815,0.2875449,0.54044574,0,0.16520263,0,0.99319327
joint-final,73,60000000,UTG RFI,A2o,12,0.96364576,0.011091029,0.0075642145,0,0.017699024,0,0.0363542675
joint-final,73,60000000,UTG RFI,A3o,12,0.95467246,0.012496225,0.013414866,0,0.019416498,0,0.045327589
joint-final,73,60000000,UTG RFI,A4o,12,0.9396838,0.017225204,0.024521168,0,0.01856991,0,0.060316282
joint-final,73,60000000,UTG RFI,A5o,12,0.8833976,0.057496276,0.032805163,0,0.026300956,0,0.116602395
joint-final,73,60000000,UTG RFI,A6o,12,0.91072965,0.04708828,0.021994906,0,0.020187145,0,0.08927033100000001
joint-final,73,60000000,UTG RFI,A7o,12,0.80306363,0.12644021,0.039471023,0,0.031025067,0,0.1969363
joint-final,73,60000000,UTG RFI,A8o,12,0.4415215,0.13228908,0.37465167,0,0.051537674,0,0.558478424
joint-final,73,60000000,UTG RFI,A9o,12,0.07067024,0.35045967,0.44669598,0,0.1321741,0,0.92932975
joint-final,73,60000000,UTG RFI,ATo,12,0.006125844,0.6844104,0.17856686,0,0.1308969,0,0.99387416
joint-final,73,60000000,UTG RFI,AJo,12,0.002199803,0.4045315,0.40980148,0,0.18346713,0,0.99780011
joint-final,73,60000000,UTG RFI,AQo,12,0.0014772139,0.5015497,0.20567301,0,0.2913001,0,0.99852281
joint-final,73,60000000,UTG RFI,AKo,12,0.0012313247,0.18386763,0.63302636,0,0.18187468,0,0.99876867
joint-final,73,60000000,HJ RFI,22,6,0.9302567,0.012786764,0.0105676865,0,0.04638875,0,0.0697432005
joint-final,73,60000000,HJ RFI,33,6,0.91000056,0.019385057,0.027188974,0,0.043425445,0,0.089999476
joint-final,73,60000000,HJ RFI,44,6,0.6379045,0.098736346,0.06768958,0,0.19566959,0,0.362095516
joint-final,73,60000000,HJ RFI,55,6,0.03808155,0.43815574,0.1943811,0,0.32938161,0,0.96191845
joint-final,73,60000000,HJ RFI,66,6,0.017003147,0.14072025,0.5795259,0,0.26275072,0,0.98299687
joint-final,73,60000000,HJ RFI,77,6,0.0072753876,0.078013785,0.41313553,0,0.5015753,0,0.992724615
joint-final,73,60000000,HJ RFI,88,6,0.0054732845,0.15774703,0.68327,0,0.1535097,0,0.99452673
joint-final,73,60000000,HJ RFI,99,6,0.0028028188,0.59167534,0.30052862,0,0.10499321,0,0.99719717
joint-final,73,60000000,HJ RFI,TT,6,0.0020174892,0.6801634,0.119536504,0,0.1982826,0,0.997982504
joint-final,73,60000000,HJ RFI,JJ,6,0.0011260954,0.47886768,0.41442102,0,0.10558525,0,0.99887395
joint-final,73,60000000,HJ RFI,QQ,6,0.0008822465,0.38307518,0.57373744,0,0.04230511,0,0.99911773
joint-final,73,60000000,HJ RFI,KK,6,0.00062815315,0.176626,0.64066833,0,0.1820775,0,0.9993718300000001
joint-final,73,60000000,HJ RFI,AA,6,0.00031147726,0.6261912,0.33747417,0,0.036023147,0,0.9996885169999999
joint-final,73,60000000,HJ RFI,32s,4,0.9738471,0.005419278,0.00595877,0,0.0147747835,0,0.0261528315
joint-final,73,60000000,HJ RFI,42s,4,0.9712399,0.0072236084,0.0059812195,0,0.015555366,0,0.0287601939
joint-final,73,60000000,HJ RFI,43s,4,0.9666709,0.008343871,0.008211506,0,0.016773673,0,0.03332905
joint-final,73,60000000,HJ RFI,52s,4,0.9676727,0.007634754,0.0070989565,0,0.017593555,0,0.0323272655
joint-final,73,60000000,HJ RFI,53s,4,0.9638633,0.008773918,0.007673231,0,0.019689642,0,0.036136791
joint-final,73,60000000,HJ RFI,54s,4,0.9569504,0.011342981,0.011181337,0,0.02052527,0,0.043049588
joint-final,73,60000000,HJ RFI,62s,4,0.975266,0.0061004055,0.0051438413,0,0.013489818,0,0.0247340648
joint-final,73,60000000,HJ RFI,63s,4,0.968083,0.008335925,0.0075968597,0,0.015984248,0,0.0319170327
joint-final,73,60000000,HJ RFI,64s,4,0.9575908,0.010010501,0.013094312,0,0.019304417,0,0.04240923
joint-final,73,60000000,HJ RFI,65s,4,0.9477212,0.014800154,0.014212739,0,0.023265898,0,0.052278791
joint-final,73,60000000,HJ RFI,72s,4,0.9745195,0.006085733,0.005355389,0,0.014039339,0,0.025480461
joint-final,73,60000000,HJ RFI,73s,4,0.9704287,0.006147374,0.007469712,0,0.015954234,0,0.02957132
joint-final,73,60000000,HJ RFI,74s,4,0.96395534,0.00782504,0.007522992,0,0.020696606,0,0.036044638
joint-final,73,60000000,HJ RFI,75s,4,0.95176566,0.016482795,0.0106918,0,0.021059817,0,0.048234412000000004
joint-final,73,60000000,HJ RFI,76s,4,0.9459625,0.0151307685,0.01448251,0,0.024424154,0,0.0540374325
joint-final,73,60000000,HJ RFI,82s,4,0.9747731,0.0064859143,0.005607966,0,0.013132954,0,0.0252268343
joint-final,73,60000000,HJ RFI,83s,4,0.9724433,0.006092174,0.006726938,0,0.014737596,0,0.027556708
joint-final,73,60000000,HJ RFI,84s,4,0.9602154,0.010007057,0.010891306,0,0.018886266,0,0.039784629
joint-final,73,60000000,HJ RFI,85s,4,0.9558215,0.012346341,0.010730653,0,0.021101462,0,0.044178456000000005
joint-final,73,60000000,HJ RFI,86s,4,0.9436388,0.01556654,0.015089446,0,0.025705134,0,0.05636112
joint-final,73,60000000,HJ RFI,87s,4,0.9155935,0.021819029,0.023316165,0,0.039271288,0,0.084406482
joint-final,73,60000000,HJ RFI,92s,4,0.9701787,0.007370539,0.0075208875,0,0.014929869,0,0.0298212955
joint-final,73,60000000,HJ RFI,93s,4,0.96960884,0.0085236225,0.006580772,0,0.015286729,0,0.0303911235
joint-final,73,60000000,HJ RFI,94s,4,0.9684544,0.008835091,0.0068873563,0,0.015823165,0,0.0315456123
joint-final,73,60000000,HJ RFI,95s,4,0.9546204,0.0121910395,0.009585194,0,0.023603296,0,0.0453795295
joint-final,73,60000000,HJ RFI,96s,4,0.93908167,0.019562831,0.017419165,0,0.023936244,0,0.06091824
joint-final,73,60000000,HJ RFI,97s,4,0.9220436,0.029986257,0.019492937,0,0.028477114,0,0.077956308
joint-final,73,60000000,HJ RFI,98s,4,0.88649887,0.023287617,0.045748156,0,0.04446534,0,0.113501113
joint-final,73,60000000,HJ RFI,T2s,4,0.9690038,0.007980953,0.007204251,0,0.015810987,0,0.030996191
joint-final,73,60000000,HJ RFI,T3s,4,0.96205115,0.010651787,0.0077944035,0,0.0195027,0,0.0379488905
joint-final,73,60000000,HJ RFI,T4s,4,0.96087086,0.009229123,0.008899553,0,0.021000514,0,0.03912919
joint-final,73,60000000,HJ RFI,T5s,4,0.9605026,0.009784696,0.00955938,0,0.020153316,0,0.039497392
joint-final,73,60000000,HJ RFI,T6s,4,0.94943976,0.016365513,0.012312765,0,0.021882018,0,0.050560296000000005
joint-final,73,60000000,HJ RFI,T7s,4,0.9319357,0.018246908,0.016114736,0,0.033702638,0,0.068064282
joint-final,73,60000000,HJ RFI,T8s,4,0.85656846,0.05547771,0.038919758,0,0.049034096,0,0.143431564
joint-final,73,60000000,HJ RFI,T9s,4,0.5079013,0.37360266,0.068658285,0,0.04983771,0,0.492098655
joint-final,73,60000000,HJ RFI,J2s,4,0.96195155,0.010815655,0.009655105,0,0.017577726,0,0.038048486
joint-final,73,60000000,HJ RFI,J3s,4,0.9590634,0.00947314,0.011706547,0,0.019756796,0,0.040936482999999996
joint-final,73,60000000,HJ RFI,J4s,4,0.95900524,0.009599118,0.0113699,0,0.020025706,0,0.040994724
joint-final,73,60000000,HJ RFI,J5s,4,0.9451065,0.014619286,0.015829844,0,0.02444444,0,0.05489357
joint-final,73,60000000,HJ RFI,J6s,4,0.94814277,0.016576324,0.013645945,0,0.021634942,0,0.051857211
joint-final,73,60000000,HJ RFI,J7s,4,0.93144596,0.025945047,0.017403169,0,0.025205743,0,0.068553959
joint-final,73,60000000,HJ RFI,J8s,4,0.9030487,0.027217789,0.039140437,0,0.030593129,0,0.096951355
joint-final,73,60000000,HJ RFI,J9s,4,0.40111703,0.10280884,0.45687896,0,0.039195187,0,0.598882987
joint-final,73,60000000,HJ RFI,JTs,4,0.047257453,0.4121143,0.3972691,0,0.14335915,0,0.95274255
joint-final,73,60000000,HJ RFI,Q2s,4,0.94821715,0.012134859,0.0153522035,0,0.024295773,0,0.0517828355
joint-final,73,60000000,HJ RFI,Q3s,4,0.9474475,0.015139793,0.012486852,0,0.02492582,0,0.052552465
joint-final,73,60000000,HJ RFI,Q4s,4,0.9440443,0.013809111,0.019188868,0,0.022957703,0,0.055955682
joint-final,73,60000000,HJ RFI,Q5s,4,0.9305312,0.023992883,0.015484092,0,0.029991826,0,0.069468801
joint-final,73,60000000,HJ RFI,Q6s,4,0.9227017,0.021579461,0.027617745,0,0.028101144,0,0.07729835
joint-final,73,60000000,HJ RFI,Q7s,4,0.9001988,0.023195485,0.042579744,0,0.03402596,0,0.099801189
joint-final,73,60000000,HJ RFI,Q8s,4,0.79580665,0.03633908,0.12648924,0,0.041365024,0,0.204193344
joint-final,73,60000000,HJ RFI,Q9s,4,0.29550278,0.46814138,0.17111556,0,0.065240346,0,0.7044972860000001
joint-final,73,60000000,HJ RFI,QTs,4,0.025514886,0.71181166,0.11848511,0,0.14418831,0,0.97448508
joint-final,73,60000000,HJ RFI,QJs,4,0.015570436,0.76285136,0.1457488,0,0.075829476,0,0.984429636
joint-final,73,60000000,HJ RFI,K2s,4,0.9382617,0.018887835,0.017911404,0,0.024939138,0,0.061738377
joint-final,73,60000000,HJ RFI,K3s,4,0.916641,0.021071767,0.020301221,0,0.04198602,0,0.083359008
joint-final,73,60000000,HJ RFI,K4s,4,0.8944732,0.044794366,0.028835585,0,0.0318969,0,0.105526851
joint-final,73,60000000,HJ RFI,K5s,4,0.8677753,0.04713116,0.040270727,0,0.044822767,0,0.132224654
joint-final,73,60000000,HJ RFI,K6s,4,0.84714454,0.04243794,0.070123985,0,0.040293567,0,0.152855492
joint-final,73,60000000,HJ RFI,K7s,4,0.6990845,0.07615986,0.16219287,0,0.06256277,0,0.3009155
joint-final,73,60000000,HJ RFI,K8s,4,0.6251144,0.11003065,0.18226312,0,0.0825919,0,0.37488567
joint-final,73,60000000,HJ RFI,K9s,4,0.13158897,0.5108343,0.24022229,0,0.11735453,0,0.86841112
joint-final,73,60000000,HJ RFI,KTs,4,0.01863584,0.5373733,0.29503524,0,0.14895564,0,0.98136418
joint-final,73,60000000,HJ RFI,KJs,4,0.007386488,0.4151832,0.24199978,0,0.3354305,0,0.9926134799999999
joint-final,73,60000000,HJ RFI,KQs,4,0.0055158627,0.43030712,0.4049736,0,0.15920343,0,0.99448415
joint-final,73,60000000,HJ RFI,A2s,4,0.3744595,0.2256989,0.23976165,0,0.16007987,0,0.62554042
joint-final,73,60000000,HJ RFI,A3s,4,0.31801888,0.25676486,0.2554382,0,0.16977799,0,0.68198105
joint-final,73,60000000,HJ RFI,A4s,4,0.07143973,0.43982315,0.21863072,0,0.27010646,0,0.92856033
joint-final,73,60000000,HJ RFI,A5s,4,0.06650278,0.11561208,0.21162614,0,0.606259,0,0.93349722
joint-final,73,60000000,HJ RFI,A6s,4,0.08592304,0.25779924,0.3149275,0,0.34135023,0,0.91407697
joint-final,73,60000000,HJ RFI,A7s,4,0.01931314,0.5249844,0.34457344,0,0.11112901,0,0.98068685
joint-final,73,60000000,HJ RFI,A8s,4,0.013545548,0.23539214,0.58364475,0,0.16741757,0,0.98645446
joint-final,73,60000000,HJ RFI,A9s,4,0.010804374,0.11917431,0.57514244,0,0.29487893,0,0.98919568
joint-final,73,60000000,HJ RFI,ATs,4,0.0052522966,0.4051453,0.10361479,0,0.48598763,0,0.99474772
joint-final,73,60000000,HJ RFI,AJs,4,0.0033323672,0.20422155,0.3007004,0,0.49174565,0,0.9966676
joint-final,73,60000000,HJ RFI,AQs,4,0.0022638366,0.39586312,0.24090852,0,0.36096454,0,0.99773618
joint-final,73,60000000,HJ RFI,AKs,4,0.0016707365,0.3693035,0.40296596,0,0.22605981,0,0.99832927
joint-final,73,60000000,HJ RFI,32o,12,0.9898414,0.0017591079,0.0016706872,0,0.0067287893,0,0.0101585844
joint-final,73,60000000,HJ RFI,42o,12,0.9892518,0.0019533348,0.0018193146,0,0.0069755497,0,0.0107481991
joint-final,73,60000000,HJ RFI,43o,12,0.98826027,0.002252348,0.0020441695,0,0.0074432287,0,0.0117397462
joint-final,73,60000000,HJ RFI,52o,12,0.9891352,0.002227172,0.00178302,0,0.0068546403,0,0.0108648323
joint-final,73,60000000,HJ RFI,53o,12,0.9868759,0.0026107184,0.0023192747,0,0.008194089,0,0.0131240821
joint-final,73,60000000,HJ RFI,54o,12,0.98449284,0.003294342,0.0027845218,0,0.009428248,0,0.0155071118
joint-final,73,60000000,HJ RFI,62o,12,0.98945916,0.0016790158,0.0017820575,0,0.007079795,0,0.010540868299999999
joint-final,73,60000000,HJ RFI,63o,12,0.9884393,0.0020805357,0.0021373385,0,0.0073428378,0,0.011560712
joint-final,73,60000000,HJ RFI,64o,12,0.9860968,0.0028715574,0.002778487,0,0.008253193,0,0.0139032374
joint-final,73,60000000,HJ RFI,65o,12,0.98218954,0.0036979425,0.0036037918,0,0.010508723,0,0.0178104573
joint-final,73,60000000,HJ RFI,72o,12,0.99089265,0.0015493217,0.0017193164,0,0.0058387686,0,0.009107406699999999
joint-final,73,60000000,HJ RFI,73o,12,0.98883784,0.0019577187,0.0019544852,0,0.0072499877,0,0.0111621916
joint-final,73,60000000,HJ RFI,74o,12,0.9867885,0.00259306,0.0024352001,0,0.0081832465,0,0.013211506599999999
joint-final,73,60000000,HJ RFI,75o,12,0.9834102,0.003237768,0.003397939,0,0.009954062,0,0.016589769
joint-final,73,60000000,HJ RFI,76o,12,0.9815427,0.0042661224,0.003660695,0,0.0105304085,0,0.0184572259
joint-final,73,60000000,HJ RFI,82o,12,0.98976874,0.0018574254,0.0017309118,0,0.0066429595,0,0.0102312967
joint-final,73,60000000,HJ RFI,83o,12,0.9895843,0.0017713448,0.0017277929,0,0.0069165328,0,0.0104156705
joint-final,73,60000000,HJ RFI,84o,12,0.9873305,0.0023479094,0.0022222206,0,0.0080993725,0,0.0126695025
joint-final,73,60000000,HJ RFI,85o,12,0.9862921,0.0031022169,0.0026809347,0,0.007924767,0,0.013707918599999999
joint-final,73,60000000,HJ RFI,86o,12,0.9819354,0.004104212,0.0033701316,0,0.01059027,0,0.0180646136
joint-final,73,60000000,HJ RFI,87o,12,0.9778933,0.0054847705,0.006131215,0,0.010490679,0,0.022106664499999998
joint-final,73,60000000,HJ RFI,92o,12,0.9888783,0.002064768,0.0018022928,0,0.0072546923,0,0.0111217531
joint-final,73,60000000,HJ RFI,93o,12,0.9887335,0.0021607045,0.001968928,0,0.0071368576,0,0.0112664901
joint-final,73,60000000,HJ RFI,94o,12,0.9881825,0.0021922924,0.002158007,0,0.0074671623,0,0.0118174617
joint-final,73,60000000,HJ RFI,95o,12,0.9866278,0.0028498415,0.0027416958,0,0.0077806637,0,0.013372201
joint-final,73,60000000,HJ RFI,96o,12,0.9820305,0.0037619604,0.0043223826,0,0.009885208,0,0.017969551
joint-final,73,60000000,HJ RFI,97o,12,0.9791944,0.005003381,0.005239212,0,0.010563035,0,0.020805628
joint-final,73,60000000,HJ RFI,98o,12,0.9719074,0.007795709,0.007475089,0,0.012821791,0,0.028092589
joint-final,73,60000000,HJ RFI,T2o,12,0.9882276,0.0021901685,0.0022302184,0,0.007351984,0,0.011772370899999999
joint-final,73,60000000,HJ RFI,T3o,12,0.9876643,0.0024920546,0.0022727302,0,0.007570917,0,0.0123357018
joint-final,73,60000000,HJ RFI,T4o,12,0.987132,0.0026644818,0.0024600623,0,0.007743403,0,0.0128679471
joint-final,73,60000000,HJ RFI,T5o,12,0.9859428,0.0025540427,0.002999478,0,0.008503674,0,0.0140571947
joint-final,73,60000000,HJ RFI,T6o,12,0.9837278,0.003448634,0.003558226,0,0.009265291,0,0.016272151
joint-final,73,60000000,HJ RFI,T7o,12,0.979152,0.0052107032,0.00436759,0,0.011269631,0,0.0208479242
joint-final,73,60000000,HJ RFI,T8o,12,0.9729047,0.0071693007,0.0062333914,0,0.013692599,0,0.0270952911
joint-final,73,60000000,HJ RFI,T9o,12,0.95862395,0.012786163,0.012844131,0,0.015745796,0,0.04137609
joint-final,73,60000000,HJ RFI,J2o,12,0.9879421,0.0021609657,0.0024535232,0,0.0074434313,0,0.0120579202
joint-final,73,60000000,HJ RFI,J3o,12,0.9866634,0.0028355895,0.0026176986,0,0.007883261,0,0.013336549100000001
joint-final,73,60000000,HJ RFI,J4o,12,0.9855392,0.0031817344,0.0030198416,0,0.008259225,0,0.014460801
joint-final,73,60000000,HJ RFI,J5o,12,0.9843973,0.003457292,0.0030066313,0,0.009138841,0,0.0156027643
joint-final,73,60000000,HJ RFI,J6o,12,0.9834596,0.0038099743,0.003529577,0,0.00920082,0,0.0165403713
joint-final,73,60000000,HJ RFI,J7o,12,0.9785691,0.004898975,0.0050861104,0,0.011445885,0,0.0214309704
joint-final,73,60000000,HJ RFI,J8o,12,0.97078246,0.008017951,0.0070900484,0,0.014109536,0,0.0292175354
joint-final,73,60000000,HJ RFI,J9o,12,0.9563723,0.017007794,0.0107452525,0,0.01587468,0,0.0436277265
joint-final,73,60000000,HJ RFI,JTo,12,0.86697954,0.07797078,0.028856613,0,0.026193075,0,0.133020468
joint-final,73,60000000,HJ RFI,Q2o,12,0.9855616,0.0027008906,0.0026514034,0,0.009086079,0,0.014438373000000001
joint-final,73,60000000,HJ RFI,Q3o,12,0.9841432,0.0030454542,0.0031379813,0,0.009673377,0,0.0158568125
joint-final,73,60000000,HJ RFI,Q4o,12,0.98297447,0.0034987421,0.003744325,0,0.009782506,0,0.0170255731
joint-final,73,60000000,HJ RFI,Q5o,12,0.98102355,0.0041800723,0.004116728,0,0.010679619,0,0.0189764193
joint-final,73,60000000,HJ RFI,Q6o,12,0.9787093,0.004795392,0.0046306816,0,0.011864646,0,0.0212907196
joint-final,73,60000000,HJ RFI,Q7o,12,0.978402,0.0055848206,0.004747575,0,0.011265579,0,0.0215979746
joint-final,73,60000000,HJ RFI,Q8o,12,0.9708811,0.008382426,0.007340404,0,0.013396066,0,0.029118896
joint-final,73,60000000,HJ RFI,Q9o,12,0.9466287,0.014229564,0.021265965,0,0.017875798,0,0.053371326999999996
joint-final,73,60000000,HJ RFI,QTo,12,0.6422038,0.2022409,0.12253273,0,0.03302254,0,0.35779617
joint-final,73,60000000,HJ RFI,QJo,12,0.36226586,0.28442848,0.31912833,0,0.034177307,0,0.637734117
joint-final,73,60000000,HJ RFI,K2o,12,0.98052704,0.003854648,0.004412885,0,0.011205446,0,0.019472979
joint-final,73,60000000,HJ RFI,K3o,12,0.97957355,0.0046646474,0.004666768,0,0.011095071,0,0.0204264864
joint-final,73,60000000,HJ RFI,K4o,12,0.97642684,0.0048071947,0.0059392527,0,0.012826674,0,0.0235731214
joint-final,73,60000000,HJ RFI,K5o,12,0.9757759,0.0052755866,0.005746114,0,0.013202451,0,0.0242241516
joint-final,73,60000000,HJ RFI,K6o,12,0.9682183,0.007376866,0.009471536,0,0.014933294,0,0.031781696
joint-final,73,60000000,HJ RFI,K7o,12,0.96481866,0.009137131,0.009713037,0,0.016331263,0,0.035181431
joint-final,73,60000000,HJ RFI,K8o,12,0.95918906,0.012908143,0.0119041065,0,0.015998727,0,0.0408109765
joint-final,73,60000000,HJ RFI,K9o,12,0.9140372,0.020766174,0.045098107,0,0.020098522,0,0.085962803
joint-final,73,60000000,HJ RFI,KTo,12,0.23772608,0.300296,0.40523553,0,0.05674242,0,0.76227395
joint-final,73,60000000,HJ RFI,KJo,12,0.025067598,0.18701418,0.70487833,0,0.083039925,0,0.974932435
joint-final,73,60000000,HJ RFI,KQo,12,0.005857532,0.5194794,0.31570423,0,0.15895888,0,0.99414251
joint-final,73,60000000,HJ RFI,A2o,12,0.94847906,0.014683241,0.013295494,0,0.023542237,0,0.051520972
joint-final,73,60000000,HJ RFI,A3o,12,0.93985075,0.018681651,0.016914643,0,0.024552964,0,0.060149258
joint-final,73,60000000,HJ RFI,A4o,12,0.9183627,0.027287263,0.022685975,0,0.03166407,0,0.081637308
joint-final,73,60000000,HJ RFI,A5o,12,0.87542045,0.05295609,0.03238803,0,0.039235454,0,0.124579574
joint-final,73,60000000,HJ RFI,A6o,12,0.879694,0.04529655,0.044100426,0,0.030909095,0,0.120306071
joint-final,73,60000000,HJ RFI,A7o,12,0.7084018,0.1512451,0.045549005,0,0.094804145,0,0.29159825
joint-final,73,60000000,HJ RFI,A8o,12,0.445039,0.19310835,0.23949124,0,0.12236139,0,0.55496098
joint-final,73,60000000,HJ RFI,A9o,12,0.060665507,0.30587804,0.45185772,0,0.18159877,0,0.93933453
joint-final,73,60000000,HJ RFI,ATo,12,0.0054445458,0.18880935,0.55280215,0,0.25294393,0,0.9945554299999999
joint-final,73,60000000,HJ RFI,AJo,12,0.0034347617,0.18450676,0.65026695,0,0.16179158,0,0.9965652899999999
joint-final,73,60000000,HJ RFI,AQo,12,0.0015858618,0.44156072,0.2361679,0,0.32068548,0,0.9984141
joint-final,73,60000000,HJ RFI,AKo,12,0.0010296074,0.3052229,0.49587515,0,0.19787237,0,0.99897042
joint-final,73,60000000,CO RFI,22,6,0.9072515,0.026965557,0.015391432,0,0.05039159,0,0.092748579
joint-final,73,60000000,CO RFI,33,6,0.86512005,0.031923417,0.034604505,0,0.06835203,0,0.134879952
joint-final,73,60000000,CO RFI,44,6,0.26689953,0.090887,0.26244378,0,0.3797697,0,0.73310048
joint-final,73,60000000,CO RFI,55,6,0.027336631,0.2744462,0.16341202,0,0.53480524,0,0.9726634599999999
joint-final,73,60000000,CO RFI,66,6,0.012048544,0.37310478,0.18597822,0,0.4288685,0,0.9879515
joint-final,73,60000000,CO RFI,77,6,0.008256159,0.20851043,0.32471094,0,0.45852253,0,0.9917439
joint-final,73,60000000,CO RFI,88,6,0.0055294316,0.6203278,0.18854779,0,0.185595,0,0.9944705899999999
joint-final,73,60000000,CO RFI,99,6,0.0029315604,0.3469786,0.4478236,0,0.20226622,0,0.99706842
joint-final,73,60000000,CO RFI,TT,6,0.0022723197,0.3386525,0.6004823,0,0.058592938,0,0.997727738
joint-final,73,60000000,CO RFI,JJ,6,0.0012458221,0.46004286,0.42577907,0,0.112932235,0,0.998754165
joint-final,73,60000000,CO RFI,QQ,6,0.001045941,0.53552157,0.39894354,0,0.06448899,0,0.9989541
joint-final,73,60000000,CO RFI,KK,6,0.00062625454,0.43651426,0.523389,0,0.039470505,0,0.999373765
joint-final,73,60000000,CO RFI,AA,6,0.0003935441,0.46068054,0.5107864,0,0.028139433,0,0.999606373
joint-final,73,60000000,CO RFI,32s,4,0.9654476,0.00884821,0.007274398,0,0.018429793,0,0.034552400999999996
joint-final,73,60000000,CO RFI,42s,4,0.96539766,0.00772367,0.007476838,0,0.019401798,0,0.034602306
joint-final,73,60000000,CO RFI,43s,4,0.95514965,0.010925866,0.010265411,0,0.023659114,0,0.044850390999999996
joint-final,73,60000000,CO RFI,52s,4,0.95820093,0.00809905,0.009417072,0,0.024282908,0,0.04179903
joint-final,73,60000000,CO RFI,53s,4,0.95559216,0.011694098,0.008960849,0,0.023752922,0,0.044407869
joint-final,73,60000000,CO RFI,54s,4,0.94456506,0.013677616,0.012993863,0,0.028763486,0,0.055434965
joint-final,73,60000000,CO RFI,62s,4,0.96731335,0.0077178823,0.0067213885,0,0.01824742,0,0.0326866908
joint-final,73,60000000,CO RFI,63s,4,0.95725954,0.010635791,0.008956586,0,0.023148049,0,0.042740426
joint-final,73,60000000,CO RFI,64s,4,0.95170057,0.0116617335,0.012556939,0,0.024080748,0,0.048299420499999995
joint-final,73,60000000,CO RFI,65s,4,0.92671585,0.016451757,0.022045411,0,0.034786996,0,0.073284164
joint-final,73,60000000,CO RFI,72s,4,0.96839195,0.009057443,0.0063488847,0,0.016201707,0,0.031608034699999996
joint-final,73,60000000,CO RFI,73s,4,0.9619505,0.009595088,0.009818473,0,0.018635921,0,0.038049481999999996
joint-final,73,60000000,CO RFI,74s,4,0.95567906,0.012737361,0.01003599,0,0.021547584,0,0.044320935000000006
joint-final,73,60000000,CO RFI,75s,4,0.94315094,0.016824303,0.014521862,0,0.025502892,0,0.056849056999999995
joint-final,73,60000000,CO RFI,76s,4,0.9319059,0.02442125,0.013402979,0,0.03026986,0,0.068094089
joint-final,73,60000000,CO RFI,82s,4,0.9626326,0.010153351,0.0075029507,0,0.019711131,0,0.0373674327
joint-final,73,60000000,CO RFI,83s,4,0.9645665,0.009485324,0.0064217206,0,0.019526467,0,0.035433511599999995
joint-final,73,60000000,CO RFI,84s,4,0.9534269,0.01195466,0.0083760815,0,0.02624229,0,0.0465730315
joint-final,73,60000000,CO RFI,85s,4,0.9394515,0.015847465,0.012563566,0,0.03213743,0,0.060548461000000005
joint-final,73,60000000,CO RFI,86s,4,0.9279181,0.020000426,0.019095056,0,0.032986473,0,0.072081955
joint-final,73,60000000,CO RFI,87s,4,0.91044116,0.022793017,0.025168123,0,0.041597653,0,0.089558793
joint-final,73,60000000,CO RFI,92s,4,0.96176565,0.008562417,0.008028028,0,0.021643877,0,0.038234322
joint-final,73,60000000,CO RFI,93s,4,0.9608177,0.010581326,0.009340904,0,0.01926017,0,0.0391824
joint-final,73,60000000,CO RFI,94s,4,0.9580287,0.010987406,0.009531726,0,0.021452209,0,0.041971341
joint-final,73,60000000,CO RFI,95s,4,0.94518465,0.012545675,0.016021362,0,0.026248317,0,0.054815354
joint-final,73,60000000,CO RFI,96s,4,0.938385,0.015429057,0.01536209,0,0.030823803,0,0.06161495
joint-final,73,60000000,CO RFI,97s,4,0.91806537,0.022495167,0.02464846,0,0.034791026,0,0.081934653
joint-final,73,60000000,CO RFI,98s,4,0.8784232,0.043165892,0.032817435,0,0.0455935,0,0.121576827
joint-final,73,60000000,CO RFI,T2s,4,0.95829624,0.0095521035,0.011848947,0,0.02030267,0,0.0417037205
joint-final,73,60000000,CO RFI,T3s,4,0.9550246,0.010493567,0.010807422,0,0.023674391,0,0.04497538
joint-final,73,60000000,CO RFI,T4s,4,0.94909734,0.010941042,0.011229867,0,0.02873178,0,0.050902689
joint-final,73,60000000,CO RFI,T5s,4,0.9521266,0.011546406,0.012858097,0,0.023468908,0,0.047873411000000005
joint-final,73,60000000,CO RFI,T6s,4,0.93388623,0.020002466,0.013429539,0,0.0326818,0,0.066113805
joint-final,73,60000000,CO RFI,T7s,4,0.9082334,0.03473805,0.01777326,0,0.03925529,0,0.0917666
joint-final,73,60000000,CO RFI,T8s,4,0.77694625,0.13022578,0.050462697,0,0.042365298,0,0.223053775
joint-final,73,60000000,CO RFI,T9s,4,0.47711122,0.17382674,0.26413712,0,0.08492494,0,0.5228888
joint-final,73,60000000,CO RFI,J2s,4,0.9445472,0.012489241,0.012205546,0,0.030758077,0,0.055452864000000004
joint-final,73,60000000,CO RFI,J3s,4,0.9463926,0.013893222,0.011601107,0,0.028113043,0,0.053607372
joint-final,73,60000000,CO RFI,J4s,4,0.9364984,0.015719127,0.017519753,0,0.030262683,0,0.063501563
joint-final,73,60000000,CO RFI,J5s,4,0.9393663,0.015534532,0.014515234,0,0.03058399,0,0.060633756
joint-final,73,60000000,CO RFI,J6s,4,0.9228525,0.024688248,0.018402375,0,0.03405693,0,0.077147553
joint-final,73,60000000,CO RFI,J7s,4,0.89955115,0.033566758,0.021455899,0,0.045426257,0,0.100448914
joint-final,73,60000000,CO RFI,J8s,4,0.8273048,0.04731628,0.085246414,0,0.040132537,0,0.172695231
joint-final,73,60000000,CO RFI,J9s,4,0.70454496,0.08962657,0.10589811,0,0.09993039,0,0.29545507
joint-final,73,60000000,CO RFI,JTs,4,0.034886673,0.6547864,0.22913301,0,0.08119393,0,0.96511334
joint-final,73,60000000,CO RFI,Q2s,4,0.9458874,0.014245495,0.014239155,0,0.025628043,0,0.054112693
joint-final,73,60000000,CO RFI,Q3s,4,0.9334276,0.019205453,0.01700324,0,0.03036366,0,0.066572353
joint-final,73,60000000,CO RFI,Q4s,4,0.9281734,0.020020949,0.019644927,0,0.03216068,0,0.071826556
joint-final,73,60000000,CO RFI,Q5s,4,0.8867691,0.025232755,0.022952428,0,0.06504568,0,0.11323086299999999
joint-final,73,60000000,CO RFI,Q6s,4,0.89429367,0.032029435,0.021773497,0,0.051903415,0,0.105706347
joint-final,73,60000000,CO RFI,Q7s,4,0.87932396,0.03679343,0.046953566,0,0.0369291,0,0.12067609600000001
joint-final,73,60000000,CO RFI,Q8s,4,0.53912336,0.20963223,0.17612329,0,0.07512119,0,0.46087670999999997
joint-final,73,60000000,CO RFI,Q9s,4,0.44762084,0.2600026,0.20687205,0,0.08550446,0,0.55237911
joint-final,73,60000000,CO RFI,QTs,4,0.02884408,0.27897498,0.49721804,0,0.19496292,0,0.9711559399999999
joint-final,73,60000000,CO RFI,QJs,4,0.014967498,0.60849214,0.18607569,0,0.19046475,0,0.9850325799999999
joint-final,73,60000000,CO RFI,K2s,4,0.9038237,0.03845317,0.021206198,0,0.036516927,0,0.096176295
joint-final,73,60000000,CO RFI,K3s,4,0.88471276,0.028754575,0.029954094,0,0.05657863,0,0.115287299
joint-final,73,60000000,CO RFI,K4s,4,0.86413807,0.044930506,0.035914514,0,0.055016838,0,0.135861858
joint-final,73,60000000,CO RFI,K5s,4,0.8443949,0.023736108,0.044451103,0,0.087417945,0,0.155605156
joint-final,73,60000000,CO RFI,K6s,4,0.7243514,0.06750085,0.049105417,0,0.1590423,0,0.275648567
joint-final,73,60000000,CO RFI,K7s,4,0.6882069,0.074106045,0.06088959,0,0.1767975,0,0.311793135
joint-final,73,60000000,CO RFI,K8s,4,0.36691386,0.07494373,0.24726269,0,0.31087968,0,0.6330861
joint-final,73,60000000,CO RFI,K9s,4,0.16377433,0.36954427,0.3385942,0,0.12808722,0,0.83622569
joint-final,73,60000000,CO RFI,KTs,4,0.01487022,0.41348398,0.31540325,0,0.25624257,0,0.9851297999999999
joint-final,73,60000000,CO RFI,KJs,4,0.0098186815,0.18389162,0.3038035,0,0.5024861,0,0.9901812200000001
joint-final,73,60000000,CO RFI,KQs,4,0.007560111,0.1681477,0.44315615,0,0.381136,0,0.99243985
joint-final,73,60000000,CO RFI,A2s,4,0.16966109,0.48440483,0.060016725,0,0.28591737,0,0.8303389250000001
joint-final,73,60000000,CO RFI,A3s,4,0.20811881,0.40649134,0.16550958,0,0.21988022,0,0.79188114
joint-final,73,60000000,CO RFI,A4s,4,0.11215774,0.4048203,0.21472318,0,0.2682988,0,0.8878422800000001
joint-final,73,60000000,CO RFI,A5s,4,0.089620374,0.1438953,0.16313037,0,0.6033539,0,0.91037957
joint-final,73,60000000,CO RFI,A6s,4,0.047458865,0.07310872,0.7312873,0,0.14814517,0,0.9525411899999999
joint-final,73,60000000,CO RFI,A7s,4,0.02581471,0.30545175,0.13457265,0,0.53416085,0,0.97418525
joint-final,73,60000000,CO RFI,A8s,4,0.025063997,0.40645245,0.09857467,0,0.46990886,0,0.97493598
joint-final,73,60000000,CO RFI,A9s,4,0.008465314,0.35037655,0.35266906,0,0.28848904,0,0.99153465
joint-final,73,60000000,CO RFI,ATs,4,0.0050212317,0.21080142,0.22150023,0,0.56267715,0,0.9949787999999999
joint-final,73,60000000,CO RFI,AJs,4,0.0037936748,0.5646712,0.15240541,0,0.27912968,0,0.99620629
joint-final,73,60000000,CO RFI,AQs,4,0.0024753194,0.2733298,0.5360621,0,0.18813267,0,0.9975245699999999
joint-final,73,60000000,CO RFI,AKs,4,0.0026197692,0.09909986,0.20848624,0,0.68979406,0,0.99738016
joint-final,73,60000000,CO RFI,32o,12,0.9865208,0.0024894655,0.002697639,0,0.00829204,0,0.0134791445
joint-final,73,60000000,CO RFI,42o,12,0.9867309,0.00252359,0.0023240808,0,0.008421419,0,0.0132690898
joint-final,73,60000000,CO RFI,43o,12,0.98411536,0.0026704795,0.0028408929,0,0.0103733875,0,0.0158847599
joint-final,73,60000000,CO RFI,52o,12,0.9846997,0.0027491539,0.002542469,0,0.010008601,0,0.0153002239
joint-final,73,60000000,CO RFI,53o,12,0.98301363,0.0032848602,0.0031444354,0,0.010557039,0,0.0169863346
joint-final,73,60000000,CO RFI,54o,12,0.9814451,0.003629284,0.0039729946,0,0.0109527055,0,0.018554984099999998
joint-final,73,60000000,CO RFI,62o,12,0.98603934,0.0026771012,0.0024807684,0,0.008802826,0,0.0139606956
joint-final,73,60000000,CO RFI,63o,12,0.98414844,0.0026894815,0.0028799071,0,0.010282138,0,0.0158515266
joint-final,73,60000000,CO RFI,64o,12,0.98098373,0.0033634515,0.003794223,0,0.011858648,0,0.0190163225
joint-final,73,60000000,CO RFI,65o,12,0.9793175,0.004569394,0.0039088773,0,0.012204219,0,0.020682490300000002
joint-final,73,60000000,CO RFI,72o,12,0.9865842,0.002054369,0.002422072,0,0.008939306,0,0.013415746999999999
joint-final,73,60000000,CO RFI,73o,12,0.9846073,0.002744182,0.002572041,0,0.0100765005,0,0.0153927235
joint-final,73,60000000,CO RFI,74o,12,0.98215693,0.003462627,0.0037154201,0,0.010664956,0,0.0178430031
joint-final,73,60000000,CO RFI,75o,12,0.97951376,0.0037676364,0.0043611983,0,0.012357331,0,0.0204861657
joint-final,73,60000000,CO RFI,76o,12,0.9756807,0.0049580666,0.00472352,0,0.0146376435,0,0.0243192301
joint-final,73,60000000,CO RFI,82o,12,0.9868372,0.0025807125,0.0023194284,0,0.008262632,0,0.013162772900000001
joint-final,73,60000000,CO RFI,83o,12,0.9858143,0.0027145995,0.0023326904,0,0.009138432,0,0.0141857219
joint-final,73,60000000,CO RFI,84o,12,0.9841849,0.0030987498,0.0029560013,0,0.009760359,0,0.015815110099999998
joint-final,73,60000000,CO RFI,85o,12,0.9804342,0.003697822,0.0041842344,0,0.011683807,0,0.0195658634
joint-final,73,60000000,CO RFI,86o,12,0.9764913,0.0051913303,0.0051967404,0,0.013120638,0,0.0235087087
joint-final,73,60000000,CO RFI,87o,12,0.9721348,0.006053797,0.00632551,0,0.015485803,0,0.02786511
joint-final,73,60000000,CO RFI,92o,12,0.9853121,0.002606713,0.002742475,0,0.009338675,0,0.014687862999999999
joint-final,73,60000000,CO RFI,93o,12,0.9845654,0.0032592802,0.0026980476,0,0.009477282,0,0.0154346098
joint-final,73,60000000,CO RFI,94o,12,0.9841913,0.003193,0.0030474253,0,0.009568333,0,0.0158087583
joint-final,73,60000000,CO RFI,95o,12,0.9809438,0.003439039,0.0038163778,0,0.0118008,0,0.0190562168
joint-final,73,60000000,CO RFI,96o,12,0.97674656,0.0049511096,0.0046648835,0,0.013637432,0,0.0232534251
joint-final,73,60000000,CO RFI,97o,12,0.97050107,0.006467505,0.006390789,0,0.016640613,0,0.029498906999999998
joint-final,73,60000000,CO RFI,98o,12,0.9649762,0.009878841,0.0073178085,0,0.017827084,0,0.0350237335
joint-final,73,60000000,CO RFI,T2o,12,0.983377,0.0031693475,0.0028539808,0,0.010599753,0,0.016623081300000002
joint-final,73,60000000,CO RFI,T3o,12,0.9826978,0.003484888,0.0032096237,0,0.010607737,0,0.0173022487
joint-final,73,60000000,CO RFI,T4o,12,0.9821254,0.003665853,0.0032283145,0,0.010980474,0,0.0178746415
joint-final,73,60000000,CO RFI,T5o,12,0.9811386,0.0035363324,0.0038646178,0,0.011460501,0,0.0188614512
joint-final,73,60000000,CO RFI,T6o,12,0.97799855,0.005501975,0.0041899746,0,0.012309484,0,0.022001433600000002
joint-final,73,60000000,CO RFI,T7o,12,0.97282714,0.007189979,0.00637917,0,0.013603658,0,0.027172807
joint-final,73,60000000,CO RFI,T8o,12,0.9618579,0.010632031,0.009888519,0,0.017621495,0,0.038142045
joint-final,73,60000000,CO RFI,T9o,12,0.94642866,0.01886369,0.012940715,0,0.021766966,0,0.053571371
joint-final,73,60000000,CO RFI,J2o,12,0.9811589,0.003989961,0.0033847517,0,0.011466421,0,0.0188411337
joint-final,73,60000000,CO RFI,J3o,12,0.980664,0.00369536,0.0040676207,0,0.0115729505,0,0.0193359312
joint-final,73,60000000,CO RFI,J4o,12,0.98008186,0.004331659,0.0039935745,0,0.011592931,0,0.019918164500000002
joint-final,73,60000000,CO RFI,J5o,12,0.9782426,0.0047349175,0.004458429,0,0.012564078,0,0.021757424499999997
joint-final,73,60000000,CO RFI,J6o,12,0.9770152,0.0049758987,0.0052687614,0,0.012740142,0,0.0229848021
joint-final,73,60000000,CO RFI,J7o,12,0.9715536,0.007551946,0.006279419,0,0.01461502,0,0.028446384999999998
joint-final,73,60000000,CO RFI,J8o,12,0.96238554,0.0098324735,0.009167973,0,0.018613987,0,0.037614433499999995
joint-final,73,60000000,CO RFI,J9o,12,0.93435717,0.021506494,0.019755166,0,0.024381157,0,0.065642817
joint-final,73,60000000,CO RFI,JTo,12,0.7842134,0.064411275,0.11545427,0,0.03592102,0,0.21578656499999999
joint-final,73,60000000,CO RFI,Q2o,12,0.9805718,0.0037990964,0.003841252,0,0.011787778,0,0.019428126400000002
joint-final,73,60000000,CO RFI,Q3o,12,0.97680956,0.004744451,0.0051198797,0,0.013326041,0,0.0231903717
joint-final,73,60000000,CO RFI,Q4o,12,0.97778404,0.0046618334,0.004445876,0,0.013108261,0,0.0222159704
joint-final,73,60000000,CO RFI,Q5o,12,0.97286636,0.0051707197,0.00624779,0,0.015715154,0,0.027133663699999998
joint-final,73,60000000,CO RFI,Q6o,12,0.969955,0.0070419866,0.006058455,0,0.016944578,0,0.0300450196
joint-final,73,60000000,CO RFI,Q7o,12,0.97020996,0.0070166704,0.0062468005,0,0.016526556,0,0.029790026900000002
joint-final,73,60000000,CO RFI,Q8o,12,0.95718026,0.009681318,0.011469236,0,0.021669129,0,0.042819683
joint-final,73,60000000,CO RFI,Q9o,12,0.9067245,0.025461797,0.037850577,0,0.029963123,0,0.09327549700000001
joint-final,73,60000000,CO RFI,QTo,12,0.7114719,0.15448515,0.096242025,0,0.03780079,0,0.288527965
joint-final,73,60000000,CO RFI,QJo,12,0.18031731,0.34958023,0.39795408,0,0.072148405,0,0.819682715
joint-final,73,60000000,CO RFI,K2o,12,0.97423863,0.0048821317,0.0050083385,0,0.01587087,0,0.0257613402
joint-final,73,60000000,CO RFI,K3o,12,0.9714317,0.00582729,0.006274745,0,0.016466312,0,0.028568347
joint-final,73,60000000,CO RFI,K4o,12,0.9693951,0.006041438,0.006659171,0,0.017904237,0,0.030604845999999998
joint-final,73,60000000,CO RFI,K5o,12,0.9661801,0.007569127,0.007895712,0,0.018355086,0,0.033819925
joint-final,73,60000000,CO RFI,K6o,12,0.9567459,0.0132068535,0.009704269,0,0.020342859,0,0.043253981500000004
joint-final,73,60000000,CO RFI,K7o,12,0.9544528,0.010836362,0.013588035,0,0.021122843,0,0.04554724
joint-final,73,60000000,CO RFI,K8o,12,0.9440275,0.014096892,0.018776296,0,0.023099396,0,0.055972584000000006
joint-final,73,60000000,CO RFI,K9o,12,0.85681385,0.055314522,0.053222775,0,0.034648817,0,0.143186114
joint-final,73,60000000,CO RFI,KTo,12,0.11067679,0.45385933,0.33126912,0,0.104194775,0,0.8893232249999999
joint-final,73,60000000,CO RFI,KJo,12,0.020327516,0.41945437,0.37323815,0,0.18698004,0,0.97967256
joint-final,73,60000000,CO RFI,KQo,12,0.008867215,0.5531113,0.30435902,0,0.13366246,0,0.9911327799999999
joint-final,73,60000000,CO RFI,A2o,12,0.93427294,0.014225164,0.014169213,0,0.037332725,0,0.065727102
joint-final,73,60000000,CO RFI,A3o,12,0.8816053,0.019855186,0.060093306,0,0.038446125,0,0.118394617
joint-final,73,60000000,CO RFI,A4o,12,0.8555862,0.034009364,0.06316716,0,0.04723737,0,0.144413894
joint-final,73,60000000,CO RFI,A5o,12,0.77271557,0.06048847,0.06361121,0,0.10318478,0,0.22728446000000002
joint-final,73,60000000,CO RFI,A6o,12,0.8044969,0.069339186,0.052049097,0,0.07411488,0,0.19550316299999998
joint-final,73,60000000,CO RFI,A7o,12,0.42276436,0.09582507,0.33491626,0,0.14649433,0,0.57723566
joint-final,73,60000000,CO RFI,A8o,12,0.14282203,0.29119542,0.25594714,0,0.31003544,0,0.857178
joint-final,73,60000000,CO RFI,A9o,12,0.0129582,0.24047007,0.3275105,0,0.41906124,0,0.98704181
joint-final,73,60000000,CO RFI,ATo,12,0.0044183447,0.29160297,0.32431647,0,0.37966225,0,0.9955816900000001
joint-final,73,60000000,CO RFI,AJo,12,0.0035407399,0.19065371,0.23848559,0,0.56732,0,0.9964593
joint-final,73,60000000,CO RFI,AQo,12,0.002300311,0.4635618,0.13238662,0,0.40175128,0,0.9976997000000001
joint-final,73,60000000,CO RFI,AKo,12,0.0011224637,0.28025937,0.43647856,0,0.28213957,0,0.9988775000000001
joint-final,73,60000000,BTN RFI,22,6,0.853575,0.028105143,0.02396515,0,0.094354734,0,0.14642502699999999
joint-final,73,60000000,BTN RFI,33,6,0.11467059,0.064201966,0.055499524,0,0.76562786,0,0.88532935
joint-final,73,60000000,BTN RFI,44,6,0.0889711,0.2553749,0.07473841,0,0.5809156,0,0.91102891
joint-final,73,60000000,BTN RFI,55,6,0.021605492,0.19168693,0.27587974,0,0.51082784,0,0.97839451
joint-final,73,60000000,BTN RFI,66,6,0.013404471,0.28594986,0.29946166,0,0.40118396,0,0.9865954800000001
joint-final,73,60000000,BTN RFI,77,6,0.008150759,0.2069436,0.26386008,0,0.5210456,0,0.99184928
joint-final,73,60000000,BTN RFI,88,6,0.005901625,0.31727347,0.17961122,0,0.4972137,0,0.99409839
joint-final,73,60000000,BTN RFI,99,6,0.0033616791,0.22453533,0.52017295,0,0.25193006,0,0.99663834
joint-final,73,60000000,BTN RFI,TT,6,0.0031041773,0.6941864,0.18605123,0,0.116658226,0,0.996895856
joint-final,73,60000000,BTN RFI,JJ,6,0.0016178153,0.24439642,0.57036775,0,0.18361805,0,0.99838222
joint-final,73,60000000,BTN RFI,QQ,6,0.0013962316,0.3117616,0.61099637,0,0.07584582,0,0.99860379
joint-final,73,60000000,BTN RFI,KK,6,0.0013293021,0.7396386,0.21237366,0,0.046658363,0,0.998670623
joint-final,73,60000000,BTN RFI,AA,6,0.0006135622,0.44199884,0.5174337,0,0.03995382,0,0.99938636
joint-final,73,60000000,BTN RFI,32s,4,0.95487165,0.009930934,0.010496212,0,0.024701146,0,0.045128292
joint-final,73,60000000,BTN RFI,42s,4,0.94578743,0.012781541,0.012445289,0,0.028985731,0,0.054212561
joint-final,73,60000000,BTN RFI,43s,4,0.9391031,0.013055732,0.01079853,0,0.037042625,0,0.060896887000000004
joint-final,73,60000000,BTN RFI,52s,4,0.9419735,0.011330738,0.014052625,0,0.0326431,0,0.058026463
joint-final,73,60000000,BTN RFI,53s,4,0.9219695,0.018368008,0.014716077,0,0.04494649,0,0.078030575
joint-final,73,60000000,BTN RFI,54s,4,0.9019077,0.021924887,0.017951276,0,0.05821619,0,0.098092353
joint-final,73,60000000,BTN RFI,62s,4,0.9500744,0.010362174,0.01114234,0,0.028421076,0,0.04992559
joint-final,73,60000000,BTN RFI,63s,4,0.9430637,0.014506062,0.014780071,0,0.027650137,0,0.056936270000000004
joint-final,73,60000000,BTN RFI,64s,4,0.92678684,0.020286296,0.01593882,0,0.036987994,0,0.07321311
joint-final,73,60000000,BTN RFI,65s,4,0.9062728,0.025460683,0.027292421,0,0.040974043,0,0.09372714700000001
joint-final,73,60000000,BTN RFI,72s,4,0.9569871,0.010510632,0.008508573,0,0.023993652,0,0.043012857
joint-final,73,60000000,BTN RFI,73s,4,0.9398031,0.0150471255,0.017157314,0,0.02799249,0,0.060196929499999996
joint-final,73,60000000,BTN RFI,74s,4,0.9298502,0.021467578,0.012669041,0,0.036013097,0,0.070149716
joint-final,73,60000000,BTN RFI,75s,4,0.92808974,0.018506918,0.019215696,0,0.034187723,0,0.071910337
joint-final,73,60000000,BTN RFI,76s,4,0.9062224,0.026054388,0.026148884,0,0.041574355,0,0.093777627
joint-final,73,60000000,BTN RFI,82s,4,0.93991584,0.0113724265,0.012721455,0,0.035990234,0,0.0600841155
joint-final,73,60000000,BTN RFI,83s,4,0.9437898,0.0119907195,0.015368186,0,0.02885132,0,0.0562102255
joint-final,73,60000000,BTN RFI,84s,4,0.9393083,0.014160976,0.014297787,0,0.03223297,0,0.060691733
joint-final,73,60000000,BTN RFI,85s,4,0.9301524,0.016848715,0.01984035,0,0.033158522,0,0.069847587
joint-final,73,60000000,BTN RFI,86s,4,0.8975931,0.026597641,0.024736427,0,0.051072903,0,0.102406971
joint-final,73,60000000,BTN RFI,87s,4,0.85474217,0.047594946,0.027257109,0,0.07040578,0,0.145257835
joint-final,73,60000000,BTN RFI,92s,4,0.9478112,0.013470054,0.01191176,0,0.026807005,0,0.052188819
joint-final,73,60000000,BTN RFI,93s,4,0.93677163,0.015450548,0.015351446,0,0.03242645,0,0.063228444
joint-final,73,60000000,BTN RFI,94s,4,0.9386873,0.014159778,0.014587431,0,0.03256549,0,0.061312699
joint-final,73,60000000,BTN RFI,95s,4,0.9229491,0.015767902,0.021233076,0,0.040049993,0,0.077050971
joint-final,73,60000000,BTN RFI,96s,4,0.88783413,0.041522577,0.019411203,0,0.05123206,0,0.11216584
joint-final,73,60000000,BTN RFI,97s,4,0.8308938,0.04493802,0.042985406,0,0.08118275,0,0.169106176
joint-final,73,60000000,BTN RFI,98s,4,0.8078459,0.091873944,0.044568427,0,0.055711776,0,0.192154147
joint-final,73,60000000,BTN RFI,T2s,4,0.9409993,0.013905834,0.01620698,0,0.028887836,0,0.05900065
joint-final,73,60000000,BTN RFI,T3s,4,0.93684465,0.015634073,0.013074605,0,0.034446705,0,0.063155383
joint-final,73,60000000,BTN RFI,T4s,4,0.92649806,0.021108812,0.016166626,0,0.036226578,0,0.073502016
joint-final,73,60000000,BTN RFI,T5s,4,0.9291428,0.016116427,0.016513366,0,0.038227443,0,0.070857236
joint-final,73,60000000,BTN RFI,T6s,4,0.8964801,0.02019933,0.024729917,0,0.05859072,0,0.103519967
joint-final,73,60000000,BTN RFI,T7s,4,0.86535597,0.035157155,0.0415754,0,0.0579115,0,0.13464405499999998
joint-final,73,60000000,BTN RFI,T8s,4,0.7874195,0.07997942,0.041946713,0,0.0906544,0,0.212580533
joint-final,73,60000000,BTN RFI,T9s,4,0.40911412,0.15702319,0.18895912,0,0.24490356,0,0.59088587
joint-final,73,60000000,BTN RFI,J2s,4,0.9250959,0.021634744,0.018700331,0,0.034569073,0,0.074904148
joint-final,73,60000000,BTN RFI,J3s,4,0.9119215,0.022276098,0.023871984,0,0.041930366,0,0.088078448
joint-final,73,60000000,BTN RFI,J4s,4,0.8904996,0.02302832,0.031188512,0,0.055283513,0,0.109500345
joint-final,73,60000000,BTN RFI,J5s,4,0.90183294,0.03680028,0.018063134,0,0.0433037,0,0.098167114
joint-final,73,60000000,BTN RFI,J6s,4,0.9001219,0.023916347,0.028345443,0,0.047616284,0,0.09987807400000001
joint-final,73,60000000,BTN RFI,J7s,4,0.85822475,0.05698653,0.03374075,0,0.05104791,0,0.14177519
joint-final,73,60000000,BTN RFI,J8s,4,0.63149196,0.2277359,0.07050347,0,0.070268705,0,0.368508075
joint-final,73,60000000,BTN RFI,J9s,4,0.10010379,0.16826901,0.64766467,0,0.0839626,0,0.8998962800000001
joint-final,73,60000000,BTN RFI,JTs,4,0.030148646,0.4920361,0.38707802,0,0.09073725,0,0.96985137
joint-final,73,60000000,BTN RFI,Q2s,4,0.90002334,0.019422079,0.023861237,0,0.056693368,0,0.099976684
joint-final,73,60000000,BTN RFI,Q3s,4,0.8772918,0.04424451,0.026734674,0,0.051728968,0,0.122708152
joint-final,73,60000000,BTN RFI,Q4s,4,0.8826093,0.03990007,0.03413989,0,0.04335085,0,0.11739081000000001
joint-final,73,60000000,BTN RFI,Q5s,4,0.84838855,0.053366706,0.05139471,0,0.046850014,0,0.15161143
joint-final,73,60000000,BTN RFI,Q6s,4,0.8419128,0.05284099,0.045032077,0,0.06021407,0,0.158087137
joint-final,73,60000000,BTN RFI,Q7s,4,0.81762606,0.059521727,0.07084829,0,0.052003954,0,0.182373971
joint-final,73,60000000,BTN RFI,Q8s,4,0.6429021,0.23063405,0.060676433,0,0.06578747,0,0.357097953
joint-final,73,60000000,BTN RFI,Q9s,4,0.10283046,0.2221819,0.19796352,0,0.47702414,0,0.89716956
joint-final,73,60000000,BTN RFI,QTs,4,0.042999387,0.26256987,0.18451142,0,0.5099193,0,0.9570005899999999
joint-final,73,60000000,BTN RFI,QJs,4,0.014169018,0.2757944,0.40631163,0,0.30372497,0,0.9858309999999999
joint-final,73,60000000,BTN RFI,K2s,4,0.8328601,0.027130853,0.028013803,0,0.111995265,0,0.167139921
joint-final,73,60000000,BTN RFI,K3s,4,0.846095,0.065835364,0.036144603,0,0.05192506,0,0.153905027
joint-final,73,60000000,BTN RFI,K4s,4,0.69834656,0.1604083,0.053743914,0,0.0875013,0,0.301653514
joint-final,73,60000000,BTN RFI,K5s,4,0.70300084,0.14172395,0.08865876,0,0.06661655,0,0.29699926
joint-final,73,60000000,BTN RFI,K6s,4,0.41191408,0.15594645,0.16871634,0,0.26342314,0,0.58808593
joint-final,73,60000000,BTN RFI,K7s,4,0.14583354,0.09654402,0.63423246,0,0.12338998,0,0.85416646
joint-final,73,60000000,BTN RFI,K8s,4,0.3276386,0.22607782,0.29543525,0,0.15084831,0,0.67236138
joint-final,73,60000000,BTN RFI,K9s,4,0.029276732,0.4370417,0.33572856,0,0.19795303,0,0.97072329
joint-final,73,60000000,BTN RFI,KTs,4,0.011040405,0.32118717,0.5325202,0,0.13525233,0,0.9889597
joint-final,73,60000000,BTN RFI,KJs,4,0.0101525355,0.35712615,0.531552,0,0.10116935,0,0.9898475
joint-final,73,60000000,BTN RFI,KQs,4,0.010061983,0.13610831,0.57987505,0,0.27395457,0,0.98993793
joint-final,73,60000000,BTN RFI,A2s,4,0.23368876,0.15445733,0.10745565,0,0.5043983,0,0.7663112799999999
joint-final,73,60000000,BTN RFI,A3s,4,0.04380479,0.440035,0.26653066,0,0.2496295,0,0.95619516
joint-final,73,60000000,BTN RFI,A4s,4,0.036702257,0.112446874,0.23736346,0,0.6134874,0,0.963297734
joint-final,73,60000000,BTN RFI,A5s,4,0.031206317,0.1389693,0.37749082,0,0.45233354,0,0.96879366
joint-final,73,60000000,BTN RFI,A6s,4,0.027625933,0.29553846,0.22250128,0,0.45433432,0,0.97237406
joint-final,73,60000000,BTN RFI,A7s,4,0.01892589,0.24678586,0.36054814,0,0.3737401,0,0.9810741000000001
joint-final,73,60000000,BTN RFI,A8s,4,0.017098447,0.2752268,0.14475408,0,0.56292063,0,0.98290151
joint-final,73,60000000,BTN RFI,A9s,4,0.009932433,0.25005043,0.16410065,0,0.57591647,0,0.99006755
joint-final,73,60000000,BTN RFI,ATs,4,0.004299579,0.21992987,0.41938624,0,0.35638425,0,0.9957003600000001
joint-final,73,60000000,BTN RFI,AJs,4,0.004123471,0.57338107,0.17850429,0,0.24399114,0,0.9958765
joint-final,73,60000000,BTN RFI,AQs,4,0.002516298,0.23909837,0.3279589,0,0.43042642,0,0.9974836899999999
joint-final,73,60000000,BTN RFI,AKs,4,0.0019070968,0.19930336,0.4550514,0,0.3437382,0,0.99809296
joint-final,73,60000000,BTN RFI,32o,12,0.97986716,0.0042108614,0.004132838,0,0.011789196,0,0.0201328954
joint-final,73,60000000,BTN RFI,42o,12,0.97784775,0.004574424,0.0043624653,0,0.013215245,0,0.0221521343
joint-final,73,60000000,BTN RFI,43o,12,0.97571594,0.0060308003,0.004980704,0,0.013272556,0,0.0242840603
joint-final,73,60000000,BTN RFI,52o,12,0.9780892,0.0046553127,0.004937758,0,0.012317751,0,0.0219108217
joint-final,73,60000000,BTN RFI,53o,12,0.97379804,0.005192544,0.0061430247,0,0.014866444,0,0.0262020127
joint-final,73,60000000,BTN RFI,54o,12,0.96922207,0.007206995,0.0058747516,0,0.017696215,0,0.0307779616
joint-final,73,60000000,BTN RFI,62o,12,0.9782296,0.004506729,0.004455743,0,0.012807859,0,0.021770331
joint-final,73,60000000,BTN RFI,63o,12,0.97493774,0.005384323,0.004880737,0,0.014797231,0,0.025062291
joint-final,73,60000000,BTN RFI,64o,12,0.9706579,0.0066542374,0.006146911,0,0.01654095,0,0.0293420984
joint-final,73,60000000,BTN RFI,65o,12,0.9660601,0.0077989013,0.0072083073,0,0.018932646,0,0.0339398546
joint-final,73,60000000,BTN RFI,72o,12,0.9796171,0.0046402337,0.004200439,0,0.011542276,0,0.0203829487
joint-final,73,60000000,BTN RFI,73o,12,0.97745574,0.004910941,0.004667288,0,0.012966022,0,0.022544251
joint-final,73,60000000,BTN RFI,74o,12,0.97349125,0.0056465263,0.0057674334,0,0.015094754,0,0.0265087137
joint-final,73,60000000,BTN RFI,75o,12,0.96772105,0.0066712718,0.006251727,0,0.019356044,0,0.0322790428
joint-final,73,60000000,BTN RFI,76o,12,0.96405965,0.0090494985,0.008361434,0,0.018529454,0,0.0359403865
joint-final,73,60000000,BTN RFI,82o,12,0.97779524,0.0047134175,0.004379508,0,0.013111887,0,0.022204812499999997
joint-final,73,60000000,BTN RFI,83o,12,0.97626805,0.005068956,0.0051612123,0,0.013501666,0,0.0237318343
joint-final,73,60000000,BTN RFI,84o,12,0.9738273,0.0057547903,0.005762114,0,0.014655755,0,0.026172659299999998
joint-final,73,60000000,BTN RFI,85o,12,0.9701108,0.006084935,0.0071370383,0,0.016667154,0,0.0298891273
joint-final,73,60000000,BTN RFI,86o,12,0.96692693,0.007995029,0.00738709,0,0.017691014,0,0.033073133000000005
joint-final,73,60000000,BTN RFI,87o,12,0.9568544,0.011081014,0.010646299,0,0.021418316,0,0.043145629
joint-final,73,60000000,BTN RFI,92o,12,0.97674966,0.0057517663,0.005053522,0,0.012445134,0,0.0232504223
joint-final,73,60000000,BTN RFI,93o,12,0.9752392,0.0053085727,0.004677864,0,0.014774288,0,0.0247607247
joint-final,73,60000000,BTN RFI,94o,12,0.97297704,0.0067601446,0.005774189,0,0.014488567,0,0.0270229006
joint-final,73,60000000,BTN RFI,95o,12,0.97032773,0.0070147044,0.0070323735,0,0.015625134,0,0.0296722119
joint-final,73,60000000,BTN RFI,96o,12,0.9641002,0.007983662,0.008934425,0,0.01898182,0,0.035899907
joint-final,73,60000000,BTN RFI,97o,12,0.9559672,0.011756623,0.011281424,0,0.020994877,0,0.044032924
joint-final,73,60000000,BTN RFI,98o,12,0.9486152,0.014848722,0.012306705,0,0.024229435,0,0.051384862
joint-final,73,60000000,BTN RFI,T2o,12,0.9742083,0.0055435994,0.0059008687,0,0.014347318,0,0.0257917861
joint-final,73,60000000,BTN RFI,T3o,12,0.97220874,0.006034346,0.005848418,0,0.015908437,0,0.027791201
joint-final,73,60000000,BTN RFI,T4o,12,0.9711724,0.007484912,0.005808693,0,0.015534026,0,0.028827631
joint-final,73,60000000,BTN RFI,T5o,12,0.9686946,0.0074241622,0.00697329,0,0.016908046,0,0.0313054982
joint-final,73,60000000,BTN RFI,T6o,12,0.9611184,0.008557635,0.008516626,0,0.021807384,0,0.038881645
joint-final,73,60000000,BTN RFI,T7o,12,0.95420325,0.013913613,0.009554962,0,0.022328267,0,0.045796842
joint-final,73,60000000,BTN RFI,T8o,12,0.9422598,0.015539994,0.015666697,0,0.026533606,0,0.057740297
joint-final,73,60000000,BTN RFI,T9o,12,0.9083319,0.03229123,0.027159184,0,0.032217737,0,0.091668151
joint-final,73,60000000,BTN RFI,J2o,12,0.9710576,0.0073808436,0.0056647984,0,0.015896877,0,0.028942519
joint-final,73,60000000,BTN RFI,J3o,12,0.9695063,0.0073133614,0.006985155,0,0.016195275,0,0.030493791399999998
joint-final,73,60000000,BTN RFI,J4o,12,0.9696183,0.006834813,0.007103161,0,0.01644376,0,0.030381734
joint-final,73,60000000,BTN RFI,J5o,12,0.96081907,0.009558837,0.00876671,0,0.02085538,0,0.039180927000000004
joint-final,73,60000000,BTN RFI,J6o,12,0.9657302,0.007911388,0.008316938,0,0.01804155,0,0.034269876
joint-final,73,60000000,BTN RFI,J7o,12,0.95220137,0.011053029,0.011508544,0,0.025236996,0,0.047798569
joint-final,73,60000000,BTN RFI,J8o,12,0.9414966,0.014444642,0.017327627,0,0.026731089,0,0.058503358000000005
joint-final,73,60000000,BTN RFI,J9o,12,0.8605533,0.050596654,0.04310237,0,0.04574765,0,0.139446674
joint-final,73,60000000,BTN RFI,JTo,12,0.38826615,0.39492276,0.16817133,0,0.048639752,0,0.611733842
joint-final,73,60000000,BTN RFI,Q2o,12,0.96556735,0.0063415268,0.0066361176,0,0.021454956,0,0.0344326004
joint-final,73,60000000,BTN RFI,Q3o,12,0.9638986,0.009133664,0.006720512,0,0.020247187,0,0.036101363
joint-final,73,60000000,BTN RFI,Q4o,12,0.96076125,0.008573741,0.009139969,0,0.021524966,0,0.039238676
joint-final,73,60000000,BTN RFI,Q5o,12,0.9579217,0.010418111,0.007997792,0,0.023662413,0,0.042078316000000004
joint-final,73,60000000,BTN RFI,Q6o,12,0.95510167,0.011695351,0.01040258,0,0.022800405,0,0.044898336
joint-final,73,60000000,BTN RFI,Q7o,12,0.95074886,0.010432606,0.011780872,0,0.0270376,0,0.049251078
joint-final,73,60000000,BTN RFI,Q8o,12,0.9305507,0.016616356,0.026837938,0,0.025994996,0,0.06944929
joint-final,73,60000000,BTN RFI,Q9o,12,0.88600695,0.046798844,0.024803689,0,0.042390473,0,0.113993006
joint-final,73,60000000,BTN RFI,QTo,12,0.14416552,0.469712,0.32754895,0,0.05857358,0,0.85583453
joint-final,73,60000000,BTN RFI,QJo,12,0.063121594,0.24683034,0.4919284,0,0.19811966,0,0.9368784
joint-final,73,60000000,BTN RFI,K2o,12,0.9612437,0.009445479,0.008018558,0,0.021292288,0,0.038756325
joint-final,73,60000000,BTN RFI,K3o,12,0.9528756,0.012275398,0.010883316,0,0.02396569,0,0.047124404
joint-final,73,60000000,BTN RFI,K4o,12,0.950375,0.009930535,0.0118192965,0,0.027875263,0,0.0496250945
joint-final,73,60000000,BTN RFI,K5o,12,0.93583804,0.018127542,0.013736806,0,0.03229756,0,0.064161908
joint-final,73,60000000,BTN RFI,K6o,12,0.93264353,0.018121269,0.014690248,0,0.034544863,0,0.06735638
joint-final,73,60000000,BTN RFI,K7o,12,0.9193818,0.023518652,0.017906427,0,0.039193127,0,0.080618206
joint-final,73,60000000,BTN RFI,K8o,12,0.8937146,0.041405294,0.027505731,0,0.037374344,0,0.10628536899999999
joint-final,73,60000000,BTN RFI,K9o,12,0.66005355,0.055689488,0.2332311,0,0.05102592,0,0.339946508
joint-final,73,60000000,BTN RFI,KTo,12,0.04469991,0.63494545,0.14203106,0,0.1783236,0,0.95530011
joint-final,73,60000000,BTN RFI,KJo,12,0.015065639,0.5350081,0.26408175,0,0.18584451,0,0.98493436
joint-final,73,60000000,BTN RFI,KQo,12,0.0071266717,0.34651133,0.396252,0,0.25011,0,0.99287333
joint-final,73,60000000,BTN RFI,A2o,12,0.7354298,0.04072583,0.036334027,0,0.18751028,0,0.264570137
joint-final,73,60000000,BTN RFI,A3o,12,0.72707987,0.04849964,0.05919175,0,0.16522874,0,0.27292013000000004
joint-final,73,60000000,BTN RFI,A4o,12,0.6282966,0.057073243,0.08869365,0,0.22593655,0,0.371703443
joint-final,73,60000000,BTN RFI,A5o,12,0.19569755,0.18936896,0.069090314,0,0.54584324,0,0.804302514
joint-final,73,60000000,BTN RFI,A6o,12,0.5158181,0.06733803,0.18080413,0,0.23603973,0,0.48418189
joint-final,73,60000000,BTN RFI,A7o,12,0.059150316,0.19865434,0.07888098,0,0.6633144,0,0.94084972
joint-final,73,60000000,BTN RFI,A8o,12,0.021758588,0.089647636,0.21985812,0,0.6687356,0,0.978241356
joint-final,73,60000000,BTN RFI,A9o,12,0.016511407,0.2200367,0.12520118,0,0.63825077,0,0.98348865
joint-final,73,60000000,BTN RFI,ATo,12,0.0037918796,0.22551201,0.32788458,0,0.44281146,0,0.99620805
joint-final,73,60000000,BTN RFI,AJo,12,0.0033216113,0.33345753,0.11732207,0,0.5458988,0,0.9966784
joint-final,73,60000000,BTN RFI,AQo,12,0.0019676453,0.3127582,0.22801185,0,0.45726222,0,0.9980322699999999
joint-final,73,60000000,BTN RFI,AKo,12,0.0018028946,0.14052758,0.67223287,0,0.18543664,0,0.99819709
joint-final,73,60000000,SB RFI,22,6,0.065004215,0,0,0.10944377,0.7711272,0.05442478,0.88057097
joint-final,73,60000000,SB RFI,33,6,0.036508854,0,0,0.1516877,0.7402466,0.071556866,0.8919343
joint-final,73,60000000,SB RFI,44,6,0.020723077,0,0,0.2619794,0.5426205,0.17467707,0.8045998999999999
joint-final,73,60000000,SB RFI,55,6,0.019051077,0,0,0.13505447,0.70289135,0.14300309,0.8379458200000001
joint-final,73,60000000,SB RFI,66,6,0.008055035,0,0,0.22607768,0.61062557,0.15524179,0.83670325
joint-final,73,60000000,SB RFI,77,6,0.005288285,0,0,0.2655449,0.30232644,0.42684034,0.56787134
joint-final,73,60000000,SB RFI,88,6,0.004093448,0,0,0.41768485,0.10409707,0.47412464,0.52178192
joint-final,73,60000000,SB RFI,99,6,0.0040899017,0,0,0.70597357,0.10468034,0.18525621,0.8106539100000001
joint-final,73,60000000,SB RFI,TT,6,0.0031056644,0,0,0.2950426,0.07480129,0.6270504,0.36984389
joint-final,73,60000000,SB RFI,JJ,6,0.002872789,0,0,0.14741483,0.09211193,0.7576005,0.23952676
joint-final,73,60000000,SB RFI,QQ,6,0.0017444915,0,0,0.3785731,0.069982044,0.5497004,0.44855514399999996
joint-final,73,60000000,SB RFI,KK,6,0.0019430633,0,0,0.1494341,0.051436078,0.79718673,0.20087017799999998
joint-final,73,60000000,SB RFI,AA,6,0.001054346,0,0,0.20256343,0.025986604,0.7703956,0.22855003399999999
joint-final,73,60000000,SB RFI,32s,4,0.87625426,0,0,0.028175008,0.04861536,0.046955366,0.076790368
joint-final,73,60000000,SB RFI,42s,4,0.8112278,0,0,0.06875847,0.058042936,0.061970793,0.126801406
joint-final,73,60000000,SB RFI,43s,4,0.7791027,0,0,0.043522436,0.06911462,0.10826025,0.112637056
joint-final,73,60000000,SB RFI,52s,4,0.8052998,0,0,0.04437806,0.06380651,0.08651562,0.10818457
joint-final,73,60000000,SB RFI,53s,4,0.73927057,0,0,0.09001639,0.058063127,0.11264996,0.148079517
joint-final,73,60000000,SB RFI,54s,4,0.6199574,0,0,0.08386351,0.06337124,0.23280783,0.14723475
joint-final,73,60000000,SB RFI,62s,4,0.85461146,0,0,0.062327996,0.045551654,0.03750892,0.10787965
joint-final,73,60000000,SB RFI,63s,4,0.7664109,0,0,0.06484711,0.07340644,0.09533556,0.13825355
joint-final,73,60000000,SB RFI,64s,4,0.55289507,0,0,0.101467095,0.11329456,0.23234329,0.214761655
joint-final,73,60000000,SB RFI,65s,4,0.49429992,0,0,0.1230158,0.09792708,0.2847573,0.22094288
joint-final,73,60000000,SB RFI,72s,4,0.86481225,0,0,0.05171278,0.046077088,0.037397873,0.097789868
joint-final,73,60000000,SB RFI,73s,4,0.7838363,0,0,0.05557448,0.055357356,0.10523187,0.110931836
joint-final,73,60000000,SB RFI,74s,4,0.55366755,0,0,0.081538595,0.064169995,0.3006238,0.14570859
joint-final,73,60000000,SB RFI,75s,4,0.48281658,0,0,0.10755891,0.069394216,0.3402303,0.176953126
joint-final,73,60000000,SB RFI,76s,4,0.17656748,0,0,0.08194158,0.24118233,0.50030863,0.32312391
joint-final,73,60000000,SB RFI,82s,4,0.7794655,0,0,0.08137975,0.05531562,0.083839156,0.13669537
joint-final,73,60000000,SB RFI,83s,4,0.7736987,0,0,0.04779019,0.05619226,0.12231884,0.10398245
joint-final,73,60000000,SB RFI,84s,4,0.7065802,0,0,0.09015435,0.052379984,0.15088542,0.14253433399999998
joint-final,73,60000000,SB RFI,85s,4,0.4791881,0,0,0.20402507,0.055574257,0.26121256,0.259599327
joint-final,73,60000000,SB RFI,86s,4,0.13070717,0,0,0.14728981,0.1197313,0.60227174,0.26702111
joint-final,73,60000000,SB RFI,87s,4,0.05289562,0,0,0.4786412,0.15075563,0.31770757,0.62939683
joint-final,73,60000000,SB RFI,92s,4,0.7375674,0,0,0.098929,0.052391585,0.111112006,0.151320585
joint-final,73,60000000,SB RFI,93s,4,0.7413508,0,0,0.10238821,0.061766524,0.09449443,0.164154734
joint-final,73,60000000,SB RFI,94s,4,0.5172004,0,0,0.07405318,0.04264268,0.36610377,0.11669586
joint-final,73,60000000,SB RFI,95s,4,0.27782625,0,0,0.052443616,0.13523094,0.53449917,0.187674556
joint-final,73,60000000,SB RFI,96s,4,0.19908245,0,0,0.08135188,0.13379206,0.58577365,0.21514393999999998
joint-final,73,60000000,SB RFI,97s,4,0.09715571,0,0,0.10560173,0.092780694,0.7044619,0.198382424
joint-final,73,60000000,SB RFI,98s,4,0.04552374,0,0,0.08059386,0.07536217,0.79852027,0.15595603000000002
joint-final,73,60000000,SB RFI,T2s,4,0.41126606,0,0,0.1647661,0.04351251,0.38045532,0.20827861
joint-final,73,60000000,SB RFI,T3s,4,0.45389315,0,0,0.07017213,0.050540976,0.42539373,0.120713106
joint-final,73,60000000,SB RFI,T4s,4,0.2860724,0,0,0.083491996,0.06340281,0.5670329,0.146894806
joint-final,73,60000000,SB RFI,T5s,4,0.17793941,0,0,0.07793143,0.09024655,0.6538826,0.16817798
joint-final,73,60000000,SB RFI,T6s,4,0.2276937,0,0,0.18882273,0.06565017,0.5178334,0.2544729
joint-final,73,60000000,SB RFI,T7s,4,0.041921582,0,0,0.10932913,0.08753217,0.76121706,0.19686130000000002
joint-final,73,60000000,SB RFI,T8s,4,0.03556246,0,0,0.2897065,0.26542187,0.40930918,0.55512837
joint-final,73,60000000,SB RFI,T9s,4,0.018287629,0,0,0.57378805,0.10264615,0.30527815,0.6764342
joint-final,73,60000000,SB RFI,J2s,4,0.5323429,0,0,0.0706695,0.05111781,0.3458698,0.12178731
joint-final,73,60000000,SB RFI,J3s,4,0.30093005,0,0,0.15293424,0.057188924,0.48894674,0.210123164
joint-final,73,60000000,SB RFI,J4s,4,0.15278432,0,0,0.052595176,0.14627838,0.64834213,0.198873556
joint-final,73,60000000,SB RFI,J5s,4,0.15533265,0,0,0.07561655,0.08746093,0.68158984,0.16307748
joint-final,73,60000000,SB RFI,J6s,4,0.15976986,0,0,0.18334138,0.05569148,0.60119724,0.23903286
joint-final,73,60000000,SB RFI,J7s,4,0.03877293,0,0,0.5098397,0.08966398,0.36172336,0.59950368
joint-final,73,60000000,SB RFI,J8s,4,0.028870326,0,0,0.13394536,0.1336318,0.70355254,0.26757716
joint-final,73,60000000,SB RFI,J9s,4,0.0192086,0,0,0.23855987,0.09116277,0.6510688,0.32972264
joint-final,73,60000000,SB RFI,JTs,4,0.010676472,0,0,0.3111941,0.27058518,0.40754429,0.5817792799999999
joint-final,73,60000000,SB RFI,Q2s,4,0.28581125,0,0,0.17147905,0.09806344,0.44464636,0.26954248999999997
joint-final,73,60000000,SB RFI,Q3s,4,0.22808787,0,0,0.1968697,0.089923136,0.48511934,0.286792836
joint-final,73,60000000,SB RFI,Q4s,4,0.14747992,0,0,0.100769125,0.112590626,0.63916034,0.213359751
joint-final,73,60000000,SB RFI,Q5s,4,0.10375905,0,0,0.10529286,0.1513498,0.6395982,0.25664266
joint-final,73,60000000,SB RFI,Q6s,4,0.05151538,0,0,0.15437603,0.13729195,0.65681666,0.29166798
joint-final,73,60000000,SB RFI,Q7s,4,0.037126683,0,0,0.2241373,0.10341484,0.63532114,0.32755214
joint-final,73,60000000,SB RFI,Q8s,4,0.024259504,0,0,0.3546468,0.3450407,0.27605298,0.6996875
joint-final,73,60000000,SB RFI,Q9s,4,0.015869323,0,0,0.3543235,0.1679934,0.46181378,0.5223169
joint-final,73,60000000,SB RFI,QTs,4,0.017145261,0,0,0.5621042,0.13070253,0.29004803,0.69280673
joint-final,73,60000000,SB RFI,QJs,4,0.008861746,0,0,0.3698456,0.18200496,0.4392877,0.55185056
joint-final,73,60000000,SB RFI,K2s,4,0.1064717,0,0,0.147955,0.12570949,0.6198638,0.27366449000000004
joint-final,73,60000000,SB RFI,K3s,4,0.055655155,0,0,0.3408647,0.071045384,0.5324347,0.411910084
joint-final,73,60000000,SB RFI,K4s,4,0.058313034,0,0,0.322881,0.18286164,0.43594432,0.50574264
joint-final,73,60000000,SB RFI,K5s,4,0.032630928,0,0,0.24547596,0.12710881,0.59478426,0.37258477
joint-final,73,60000000,SB RFI,K6s,4,0.025989667,0,0,0.19053793,0.39200264,0.39146972,0.58254057
joint-final,73,60000000,SB RFI,K7s,4,0.03259178,0,0,0.3159678,0.3601047,0.2913357,0.6760725000000001
joint-final,73,60000000,SB RFI,K8s,4,0.026789567,0,0,0.5435108,0.2669269,0.16277266,0.8104377
joint-final,73,60000000,SB RFI,K9s,4,0.015010354,0,0,0.3633639,0.5295694,0.09205637,0.8929332999999999
joint-final,73,60000000,SB RFI,KTs,4,0.010778747,0,0,0.60442716,0.16057646,0.22421764,0.76500362
joint-final,73,60000000,SB RFI,KJs,4,0.010639506,0,0,0.20672913,0.6269434,0.15568791,0.8336725300000001
joint-final,73,60000000,SB RFI,KQs,4,0.009107894,0,0,0.55928546,0.240522,0.1910847,0.79980746
joint-final,73,60000000,SB RFI,A2s,4,0.017964546,0,0,0.24376242,0.46715787,0.27111512,0.71092029
joint-final,73,60000000,SB RFI,A3s,4,0.01606956,0,0,0.09943509,0.55464214,0.32985318,0.65407723
joint-final,73,60000000,SB RFI,A4s,4,0.011527207,0,0,0.35736397,0.32846245,0.30264634,0.6858264199999999
joint-final,73,60000000,SB RFI,A5s,4,0.011578075,0,0,0.29491767,0.5319085,0.16159566,0.82682617
joint-final,73,60000000,SB RFI,A6s,4,0.010746944,0,0,0.21727708,0.45973122,0.3122448,0.6770083
joint-final,73,60000000,SB RFI,A7s,4,0.008907756,0,0,0.13608149,0.47004795,0.38496274,0.60612944
joint-final,73,60000000,SB RFI,A8s,4,0.005833802,0,0,0.31397593,0.43943778,0.24075244,0.75341371
joint-final,73,60000000,SB RFI,A9s,4,0.006470754,0,0,0.19407102,0.55845004,0.2410082,0.75252106
joint-final,73,60000000,SB RFI,ATs,4,0.0056356797,0,0,0.15444525,0.16075248,0.67916656,0.31519773
joint-final,73,60000000,SB RFI,AJs,4,0.003620174,0,0,0.37447765,0.26015654,0.36174563,0.63463419
joint-final,73,60000000,SB RFI,AQs,4,0.0031425748,0,0,0.17882569,0.5369856,0.2810462,0.71581129
joint-final,73,60000000,SB RFI,AKs,4,0.002032365,0,0,0.2525487,0.41870734,0.32671162,0.67125604
joint-final,73,60000000,SB RFI,32o,12,0.9497108,0,0,0.014261351,0.026142055,0.009885833,0.040403406
joint-final,73,60000000,SB RFI,42o,12,0.9435642,0,0,0.020077761,0.025311217,0.011046838,0.045388977999999996
joint-final,73,60000000,SB RFI,43o,12,0.93065476,0,0,0.023111247,0.027972406,0.018261608,0.051083653
joint-final,73,60000000,SB RFI,52o,12,0.9356141,0,0,0.02191935,0.025857475,0.016609078,0.047776825
joint-final,73,60000000,SB RFI,53o,12,0.91192234,0,0,0.03249402,0.033626713,0.021956863,0.066120733
joint-final,73,60000000,SB RFI,54o,12,0.88425624,0,0,0.039227728,0.038588293,0.037927732,0.07781602100000001
joint-final,73,60000000,SB RFI,62o,12,0.9392927,0,0,0.018627884,0.027443435,0.014635891,0.046071319
joint-final,73,60000000,SB RFI,63o,12,0.928278,0,0,0.023448378,0.026819779,0.021453781,0.050268156999999994
joint-final,73,60000000,SB RFI,64o,12,0.86902744,0,0,0.033862907,0.02969311,0.067416504,0.06355601699999999
joint-final,73,60000000,SB RFI,65o,12,0.84775347,0,0,0.03588357,0.033984236,0.08237869,0.069867806
joint-final,73,60000000,SB RFI,72o,12,0.94128895,0,0,0.023672381,0.021949627,0.01308905,0.045622008
joint-final,73,60000000,SB RFI,73o,12,0.9250894,0,0,0.027241783,0.02717186,0.020497011,0.054413643
joint-final,73,60000000,SB RFI,74o,12,0.8694852,0,0,0.032940693,0.029338678,0.068235464,0.062279371
joint-final,73,60000000,SB RFI,75o,12,0.73679394,0,0,0.030388584,0.03496499,0.1978525,0.065353574
joint-final,73,60000000,SB RFI,76o,12,0.26231948,0,0,0.038659856,0.041772988,0.6572477,0.080432844
joint-final,73,60000000,SB RFI,82o,12,0.9331436,0,0,0.020236136,0.02655033,0.020069819,0.046786466
joint-final,73,60000000,SB RFI,83o,12,0.9218742,0,0,0.026355807,0.024216054,0.02755386,0.050571860999999996
joint-final,73,60000000,SB RFI,84o,12,0.8826843,0,0,0.04113868,0.03463086,0.0415461,0.07576954
joint-final,73,60000000,SB RFI,85o,12,0.7074511,0,0,0.03942392,0.030576505,0.22254845,0.070000425
joint-final,73,60000000,SB RFI,86o,12,0.4149789,0,0,0.08416829,0.033808954,0.46704388,0.11797724400000001
joint-final,73,60000000,SB RFI,87o,12,0.12622154,0,0,0.06588276,0.042470172,0.7654256,0.108352932
joint-final,73,60000000,SB RFI,92o,12,0.9010661,0,0,0.043811027,0.027361343,0.027761448,0.07117237
joint-final,73,60000000,SB RFI,93o,12,0.87496316,0,0,0.028132679,0.028745575,0.068158545,0.056878254
joint-final,73,60000000,SB RFI,94o,12,0.8055424,0,0,0.025840634,0.024979454,0.14363751,0.050820088
joint-final,73,60000000,SB RFI,95o,12,0.6128071,0,0,0.04694968,0.02248587,0.31775734,0.06943555
joint-final,73,60000000,SB RFI,96o,12,0.47318724,0,0,0.03758542,0.031373475,0.45785382,0.06895889499999999
joint-final,73,60000000,SB RFI,97o,12,0.18439858,0,0,0.0559908,0.043519933,0.7160907,0.09951073299999999
joint-final,73,60000000,SB RFI,98o,12,0.050003227,0,0,0.07573512,0.04636394,0.82789767,0.12209906000000001
joint-final,73,60000000,SB RFI,T2o,12,0.85119337,0,0,0.056759126,0.02858492,0.06346255,0.085344046
joint-final,73,60000000,SB RFI,T3o,12,0.82419795,0,0,0.086244956,0.029241588,0.060315527,0.115486544
joint-final,73,60000000,SB RFI,T4o,12,0.7147874,0,0,0.05790115,0.029368816,0.19794254,0.087269966
joint-final,73,60000000,SB RFI,T5o,12,0.54791945,0,0,0.042157646,0.025251469,0.38467142,0.06740911499999999
joint-final,73,60000000,SB RFI,T6o,12,0.31408572,0,0,0.046250977,0.041695807,0.5979675,0.087946784
joint-final,73,60000000,SB RFI,T7o,12,0.1233416,0,0,0.081714995,0.04012532,0.75481814,0.121840315
joint-final,73,60000000,SB RFI,T8o,12,0.02650403,0,0,0.060629748,0.048011255,0.86485493,0.108641003
joint-final,73,60000000,SB RFI,T9o,12,0.013792737,0,0,0.05822763,0.05958145,0.8683982,0.11780908000000001
joint-final,73,60000000,SB RFI,J2o,12,0.81170684,0,0,0.06675687,0.040487792,0.081048496,0.10724466199999999
joint-final,73,60000000,SB RFI,J3o,12,0.64466643,0,0,0.024206027,0.028398905,0.30272865,0.052604932
joint-final,73,60000000,SB RFI,J4o,12,0.50661176,0,0,0.035476718,0.03346062,0.42445087,0.068937338
joint-final,73,60000000,SB RFI,J5o,12,0.4057016,0,0,0.046719387,0.035352744,0.5122263,0.08207213099999999
joint-final,73,60000000,SB RFI,J6o,12,0.31555557,0,0,0.060477484,0.039863084,0.58410394,0.10034056799999999
joint-final,73,60000000,SB RFI,J7o,12,0.13600819,0,0,0.07672351,0.053500984,0.7337673,0.130224494
joint-final,73,60000000,SB RFI,J8o,12,0.033019304,0,0,0.09396877,0.055195175,0.8178167,0.149163945
joint-final,73,60000000,SB RFI,J9o,12,0.011977082,0,0,0.125608,0.049317352,0.8130976,0.174925352
joint-final,73,60000000,SB RFI,JTo,12,0.008528406,0,0,0.26396674,0.06787944,0.6596255,0.33184618
joint-final,73,60000000,SB RFI,Q2o,12,0.526241,0,0,0.033575848,0.033561356,0.40662184,0.067137204
joint-final,73,60000000,SB RFI,Q3o,12,0.6153867,0,0,0.048944373,0.033020627,0.30264822,0.081965
joint-final,73,60000000,SB RFI,Q4o,12,0.4519276,0,0,0.038886126,0.03689984,0.47228646,0.07578596600000001
joint-final,73,60000000,SB RFI,Q5o,12,0.16665289,0,0,0.09915804,0.044319384,0.6898697,0.14347742400000002
joint-final,73,60000000,SB RFI,Q6o,12,0.16921182,0,0,0.045730013,0.03995307,0.74510515,0.085683083
joint-final,73,60000000,SB RFI,Q7o,12,0.03564765,0,0,0.101360194,0.041178785,0.82181346,0.142538979
joint-final,73,60000000,SB RFI,Q8o,12,0.021376258,0,0,0.0860063,0.060364403,0.8322531,0.146370703
joint-final,73,60000000,SB RFI,Q9o,12,0.012595312,0,0,0.17040347,0.12141622,0.6955851,0.29181969
joint-final,73,60000000,SB RFI,QTo,12,0.010052811,0,0,0.19664268,0.2643976,0.5289069,0.46104027999999997
joint-final,73,60000000,SB RFI,QJo,12,0.010364689,0,0,0.55652374,0.10897295,0.3241386,0.66549669
joint-final,73,60000000,SB RFI,K2o,12,0.36432135,0,0,0.09803997,0.067332074,0.4703066,0.165372044
joint-final,73,60000000,SB RFI,K3o,12,0.119146354,0,0,0.13581106,0.08071575,0.66432685,0.21652681000000001
joint-final,73,60000000,SB RFI,K4o,12,0.16133188,0,0,0.07352271,0.0548952,0.7102502,0.12841791
joint-final,73,60000000,SB RFI,K5o,12,0.05042073,0,0,0.21871972,0.16599299,0.56486654,0.38471271
joint-final,73,60000000,SB RFI,K6o,12,0.041903127,0,0,0.08294563,0.0822993,0.792852,0.16524493
joint-final,73,60000000,SB RFI,K7o,12,0.02707186,0,0,0.111932695,0.16401123,0.69698423,0.275943925
joint-final,73,60000000,SB RFI,K8o,12,0.02551192,0,0,0.117207475,0.18993977,0.6673409,0.307147245
joint-final,73,60000000,SB RFI,K9o,12,0.010202559,0,0,0.17403586,0.10018614,0.7155754,0.27422199999999997
joint-final,73,60000000,SB RFI,KTo,12,0.013310639,0,0,0.6790397,0.2037994,0.10385031,0.8828391
joint-final,73,60000000,SB RFI,KJo,12,0.0061319247,0,0,0.43977973,0.28650567,0.2675827,0.7262854
joint-final,73,60000000,SB RFI,KQo,12,0.0055163754,0,0,0.34538293,0.18702531,0.46207535,0.53240824
joint-final,73,60000000,SB RFI,A2o,12,0.026482975,0,0,0.2087958,0.6693053,0.09541588,0.8781011
joint-final,73,60000000,SB RFI,A3o,12,0.01892439,0,0,0.31408077,0.4776954,0.18929945,0.79177617
joint-final,73,60000000,SB RFI,A4o,12,0.02042379,0,0,0.16299282,0.68473005,0.13185334,0.84772287
joint-final,73,60000000,SB RFI,A5o,12,0.015375344,0,0,0.17620127,0.710351,0.098072365,0.8865522699999999
joint-final,73,60000000,SB RFI,A6o,12,0.013520969,0,0,0.10114436,0.6508223,0.23451242,0.75196666
joint-final,73,60000000,SB RFI,A7o,12,0.008439343,0,0,0.5299668,0.3622957,0.099298194,0.8922625
joint-final,73,60000000,SB RFI,A8o,12,0.008038768,0,0,0.17305519,0.66197145,0.15693463,0.83502664
joint-final,73,60000000,SB RFI,A9o,12,0.0052411156,0,0,0.2695834,0.63122123,0.093954265,0.9008046299999999
joint-final,73,60000000,SB RFI,ATo,12,0.0028390337,0,0,0.43402264,0.37469432,0.18844399,0.80871696
joint-final,73,60000000,SB RFI,AJo,12,0.0029284596,0,0,0.56980664,0.18523213,0.2420328,0.7550387700000001
joint-final,73,60000000,SB RFI,AQo,12,0.0018859983,0,0,0.32266724,0.28606063,0.3893861,0.6087278700000001
joint-final,73,60000000,SB RFI,AKo,12,0.0017357077,0,0,0.5728218,0.21700218,0.2084403,0.78982398
