open_size_bb,position,hand,combos,open_frequency,limp_frequency
2.0,UTG RFI,22,6,0.00971003,0.00000000
2.0,UTG RFI,33,6,0.01361487,0.00000000
2.0,UTG RFI,44,6,0.02538939,0.00000000
2.0,UTG RFI,55,6,0.05028465,0.00000000
2.0,UTG RFI,66,6,0.32342434,0.00000000
2.0,UTG RFI,77,6,0.93628970,0.00000000
2.0,UTG RFI,88,6,0.97478193,0.00000000
2.0,UTG RFI,99,6,0.98121613,0.00000000
2.0,UTG RFI,TT,6,0.98902470,0.00000000
2.0,UTG RFI,JJ,6,0.99304060,0.00000000
2.0,UTG RFI,QQ,6,0.99539590,0.00000000
2.0,UTG RFI,KK,6,0.99730146,0.00000000
2.0,UTG RFI,AA,6,0.99977130,0.00000000
2.0,UTG RFI,32s,4,0.00254914,0.00000000
2.0,UTG RFI,42s,4,0.00348451,0.00000000
2.0,UTG RFI,43s,4,0.00438325,0.00000000
2.0,UTG RFI,52s,4,0.00273477,0.00000000
2.0,UTG RFI,53s,4,0.00385575,0.00000000
2.0,UTG RFI,54s,4,0.00527877,0.00000000
2.0,UTG RFI,62s,4,0.00384557,0.00000000
2.0,UTG RFI,63s,4,0.00377274,0.00000000
2.0,UTG RFI,64s,4,0.00485919,0.00000000
2.0,UTG RFI,65s,4,0.00595762,0.00000000
2.0,UTG RFI,72s,4,0.00343512,0.00000000
2.0,UTG RFI,73s,4,0.00379262,0.00000000
2.0,UTG RFI,74s,4,0.00385842,0.00000000
2.0,UTG RFI,75s,4,0.00579877,0.00000000
2.0,UTG RFI,76s,4,0.00836992,0.00000000
2.0,UTG RFI,82s,4,0.00324598,0.00000000
2.0,UTG RFI,83s,4,0.00418615,0.00000000
2.0,UTG RFI,84s,4,0.00486178,0.00000000
2.0,UTG RFI,85s,4,0.00635218,0.00000000
2.0,UTG RFI,86s,4,0.00731305,0.00000000
2.0,UTG RFI,87s,4,0.01030087,0.00000000
2.0,UTG RFI,92s,4,0.00481743,0.00000000
2.0,UTG RFI,93s,4,0.00542984,0.00000000
2.0,UTG RFI,94s,4,0.00479861,0.00000000
2.0,UTG RFI,95s,4,0.00628966,0.00000000
2.0,UTG RFI,96s,4,0.00747592,0.00000000
2.0,UTG RFI,97s,4,0.01097834,0.00000000
2.0,UTG RFI,98s,4,0.01353481,0.00000000
2.0,UTG RFI,T2s,4,0.00519195,0.00000000
2.0,UTG RFI,T3s,4,0.00555991,0.00000000
2.0,UTG RFI,T4s,4,0.00681965,0.00000000
2.0,UTG RFI,T5s,4,0.00746134,0.00000000
2.0,UTG RFI,T6s,4,0.00893072,0.00000000
2.0,UTG RFI,T7s,4,0.01184091,0.00000000
2.0,UTG RFI,T8s,4,0.01444819,0.00000000
2.0,UTG RFI,T9s,4,0.02494613,0.00000000
2.0,UTG RFI,J2s,4,0.00693313,0.00000000
2.0,UTG RFI,J3s,4,0.00654199,0.00000000
2.0,UTG RFI,J4s,4,0.00818076,0.00000000
2.0,UTG RFI,J5s,4,0.00791666,0.00000000
2.0,UTG RFI,J6s,4,0.00861783,0.00000000
2.0,UTG RFI,J7s,4,0.01269654,0.00000000
2.0,UTG RFI,J8s,4,0.01678315,0.00000000
2.0,UTG RFI,J9s,4,0.02520372,0.00000000
2.0,UTG RFI,JTs,4,0.06875729,0.00000000
2.0,UTG RFI,Q2s,4,0.00874384,0.00000000
2.0,UTG RFI,Q3s,4,0.00902675,0.00000000
2.0,UTG RFI,Q4s,4,0.00924744,0.00000000
2.0,UTG RFI,Q5s,4,0.01143327,0.00000000
2.0,UTG RFI,Q6s,4,0.01381102,0.00000000
2.0,UTG RFI,Q7s,4,0.01416953,0.00000000
2.0,UTG RFI,Q8s,4,0.01946390,0.00000000
2.0,UTG RFI,Q9s,4,0.03518446,0.00000000
2.0,UTG RFI,QTs,4,0.08185214,0.00000000
2.0,UTG RFI,QJs,4,0.46835306,0.00000000
2.0,UTG RFI,K2s,4,0.01459974,0.00000000
2.0,UTG RFI,K3s,4,0.01746210,0.00000000
2.0,UTG RFI,K4s,4,0.01442474,0.00000000
2.0,UTG RFI,K5s,4,0.02023227,0.00000000
2.0,UTG RFI,K6s,4,0.01768326,0.00000000
2.0,UTG RFI,K7s,4,0.02847372,0.00000000
2.0,UTG RFI,K8s,4,0.03265420,0.00000000
2.0,UTG RFI,K9s,4,0.09822112,0.00000000
2.0,UTG RFI,KTs,4,0.78319544,0.00000000
2.0,UTG RFI,KJs,4,0.93428504,0.00000000
2.0,UTG RFI,KQs,4,0.95587240,0.00000000
2.0,UTG RFI,A2s,4,0.03385409,0.00000000
2.0,UTG RFI,A3s,4,0.03642447,0.00000000
2.0,UTG RFI,A4s,4,0.07772175,0.00000000
2.0,UTG RFI,A5s,4,0.11469511,0.00000000
2.0,UTG RFI,A6s,4,0.07970274,0.00000000
2.0,UTG RFI,A7s,4,0.08964138,0.00000000
2.0,UTG RFI,A8s,4,0.17693368,0.00000000
2.0,UTG RFI,A9s,4,0.84522640,0.00000000
2.0,UTG RFI,ATs,4,0.95113724,0.00000000
2.0,UTG RFI,AJs,4,0.96802050,0.00000000
2.0,UTG RFI,AQs,4,0.98101500,0.00000000
2.0,UTG RFI,AKs,4,0.99125020,0.00000000
2.0,UTG RFI,32o,12,0.00090868,0.00000000
2.0,UTG RFI,42o,12,0.00118701,0.00000000
2.0,UTG RFI,43o,12,0.00131784,0.00000000
2.0,UTG RFI,52o,12,0.00120170,0.00000000
2.0,UTG RFI,53o,12,0.00140439,0.00000000
2.0,UTG RFI,54o,12,0.00173089,0.00000000
2.0,UTG RFI,62o,12,0.00110862,0.00000000
2.0,UTG RFI,63o,12,0.00139903,0.00000000
2.0,UTG RFI,64o,12,0.00180211,0.00000000
2.0,UTG RFI,65o,12,0.00213807,0.00000000
2.0,UTG RFI,72o,12,0.00124488,0.00000000
2.0,UTG RFI,73o,12,0.00162836,0.00000000
2.0,UTG RFI,74o,12,0.00169903,0.00000000
2.0,UTG RFI,75o,12,0.00225590,0.00000000
2.0,UTG RFI,76o,12,0.00260872,0.00000000
2.0,UTG RFI,82o,12,0.00140922,0.00000000
2.0,UTG RFI,83o,12,0.00185782,0.00000000
2.0,UTG RFI,84o,12,0.00195963,0.00000000
2.0,UTG RFI,85o,12,0.00222489,0.00000000
2.0,UTG RFI,86o,12,0.00290352,0.00000000
2.0,UTG RFI,87o,12,0.00303172,0.00000000
2.0,UTG RFI,92o,12,0.00177169,0.00000000
2.0,UTG RFI,93o,12,0.00217175,0.00000000
2.0,UTG RFI,94o,12,0.00205349,0.00000000
2.0,UTG RFI,95o,12,0.00244759,0.00000000
2.0,UTG RFI,96o,12,0.00273128,0.00000000
2.0,UTG RFI,97o,12,0.00326575,0.00000000
2.0,UTG RFI,98o,12,0.00432223,0.00000000
2.0,UTG RFI,T2o,12,0.00208832,0.00000000
2.0,UTG RFI,T3o,12,0.00245049,0.00000000
2.0,UTG RFI,T4o,12,0.00268767,0.00000000
2.0,UTG RFI,T5o,12,0.00252205,0.00000000
2.0,UTG RFI,T6o,12,0.00306168,0.00000000
2.0,UTG RFI,T7o,12,0.00387433,0.00000000
2.0,UTG RFI,T8o,12,0.00475081,0.00000000
2.0,UTG RFI,T9o,12,0.00635778,0.00000000
2.0,UTG RFI,J2o,12,0.00265489,0.00000000
2.0,UTG RFI,J3o,12,0.00286899,0.00000000
2.0,UTG RFI,J4o,12,0.00320182,0.00000000
2.0,UTG RFI,J5o,12,0.00364887,0.00000000
2.0,UTG RFI,J6o,12,0.00351206,0.00000000
2.0,UTG RFI,J7o,12,0.00385123,0.00000000
2.0,UTG RFI,J8o,12,0.00546584,0.00000000
2.0,UTG RFI,J9o,12,0.00682815,0.00000000
2.0,UTG RFI,JTo,12,0.01141722,0.00000000
2.0,UTG RFI,Q2o,12,0.00366805,0.00000000
2.0,UTG RFI,Q3o,12,0.00409471,0.00000000
2.0,UTG RFI,Q4o,12,0.00373482,0.00000000
2.0,UTG RFI,Q5o,12,0.00415339,0.00000000
2.0,UTG RFI,Q6o,12,0.00459954,0.00000000
2.0,UTG RFI,Q7o,12,0.00510147,0.00000000
2.0,UTG RFI,Q8o,12,0.00646248,0.00000000
2.0,UTG RFI,Q9o,12,0.00900502,0.00000000
2.0,UTG RFI,QTo,12,0.01824693,0.00000000
2.0,UTG RFI,QJo,12,0.02394039,0.00000000
2.0,UTG RFI,K2o,12,0.00426178,0.00000000
2.0,UTG RFI,K3o,12,0.00563589,0.00000000
2.0,UTG RFI,K4o,12,0.00573367,0.00000000
2.0,UTG RFI,K5o,12,0.00614676,0.00000000
2.0,UTG RFI,K6o,12,0.00629015,0.00000000
2.0,UTG RFI,K7o,12,0.00822083,0.00000000
2.0,UTG RFI,K8o,12,0.00825732,0.00000000
2.0,UTG RFI,K9o,12,0.01535127,0.00000000
2.0,UTG RFI,KTo,12,0.04024823,0.00000000
2.0,UTG RFI,KJo,12,0.08395745,0.00000000
2.0,UTG RFI,KQo,12,0.80943704,0.00000000
2.0,UTG RFI,A2o,12,0.00879171,0.00000000
2.0,UTG RFI,A3o,12,0.00893258,0.00000000
2.0,UTG RFI,A4o,12,0.01103123,0.00000000
2.0,UTG RFI,A5o,12,0.01431909,0.00000000
2.0,UTG RFI,A6o,12,0.01182954,0.00000000
2.0,UTG RFI,A7o,12,0.01773587,0.00000000
2.0,UTG RFI,A8o,12,0.02604649,0.00000000
2.0,UTG RFI,A9o,12,0.03887278,0.00000000
2.0,UTG RFI,ATo,12,0.90869730,0.00000000
2.0,UTG RFI,AJo,12,0.94777090,0.00000000
2.0,UTG RFI,AQo,12,0.98029980,0.00000000
2.0,UTG RFI,AKo,12,0.99355620,0.00000000
2.0,HJ RFI,22,6,0.01045421,0.00000000
2.0,HJ RFI,33,6,0.01738336,0.00000000
2.0,HJ RFI,44,6,0.03381459,0.00000000
2.0,HJ RFI,55,6,0.10003544,0.00000000
2.0,HJ RFI,66,6,0.79722697,0.00000000
2.0,HJ RFI,77,6,0.94346050,0.00000000
2.0,HJ RFI,88,6,0.96941495,0.00000000
2.0,HJ RFI,99,6,0.97991180,0.00000000
2.0,HJ RFI,TT,6,0.98800380,0.00000000
2.0,HJ RFI,JJ,6,0.99198110,0.00000000
2.0,HJ RFI,QQ,6,0.99510480,0.00000000
2.0,HJ RFI,KK,6,0.99720950,0.00000000
2.0,HJ RFI,AA,6,0.99975740,0.00000000
2.0,HJ RFI,32s,4,0.00302734,0.00000000
2.0,HJ RFI,42s,4,0.00302391,0.00000000
2.0,HJ RFI,43s,4,0.00373547,0.00000000
2.0,HJ RFI,52s,4,0.00336305,0.00000000
2.0,HJ RFI,53s,4,0.00464956,0.00000000
2.0,HJ RFI,54s,4,0.00466338,0.00000000
2.0,HJ RFI,62s,4,0.00347171,0.00000000
2.0,HJ RFI,63s,4,0.00405552,0.00000000
2.0,HJ RFI,64s,4,0.00581128,0.00000000
2.0,HJ RFI,65s,4,0.00552919,0.00000000
2.0,HJ RFI,72s,4,0.00333095,0.00000000
2.0,HJ RFI,73s,4,0.00402480,0.00000000
2.0,HJ RFI,74s,4,0.00471025,0.00000000
2.0,HJ RFI,75s,4,0.00773228,0.00000000
2.0,HJ RFI,76s,4,0.00884991,0.00000000
2.0,HJ RFI,82s,4,0.00488060,0.00000000
2.0,HJ RFI,83s,4,0.00472489,0.00000000
2.0,HJ RFI,84s,4,0.00591999,0.00000000
2.0,HJ RFI,85s,4,0.00781025,0.00000000
2.0,HJ RFI,86s,4,0.00747502,0.00000000
2.0,HJ RFI,87s,4,0.01079741,0.00000000
2.0,HJ RFI,92s,4,0.00473456,0.00000000
2.0,HJ RFI,93s,4,0.00574673,0.00000000
2.0,HJ RFI,94s,4,0.00619986,0.00000000
2.0,HJ RFI,95s,4,0.00698317,0.00000000
2.0,HJ RFI,96s,4,0.00909961,0.00000000
2.0,HJ RFI,97s,4,0.01076484,0.00000000
2.0,HJ RFI,98s,4,0.01420516,0.00000000
2.0,HJ RFI,T2s,4,0.00654087,0.00000000
2.0,HJ RFI,T3s,4,0.00663090,0.00000000
2.0,HJ RFI,T4s,4,0.00725927,0.00000000
2.0,HJ RFI,T5s,4,0.00782596,0.00000000
2.0,HJ RFI,T6s,4,0.01042549,0.00000000
2.0,HJ RFI,T7s,4,0.01317335,0.00000000
2.0,HJ RFI,T8s,4,0.01600579,0.00000000
2.0,HJ RFI,T9s,4,0.02555485,0.00000000
2.0,HJ RFI,J2s,4,0.00765763,0.00000000
2.0,HJ RFI,J3s,4,0.01041880,0.00000000
2.0,HJ RFI,J4s,4,0.00924944,0.00000000
2.0,HJ RFI,J5s,4,0.01096822,0.00000000
2.0,HJ RFI,J6s,4,0.01114255,0.00000000
2.0,HJ RFI,J7s,4,0.01250611,0.00000000
2.0,HJ RFI,J8s,4,0.01775070,0.00000000
2.0,HJ RFI,J9s,4,0.03259257,0.00000000
2.0,HJ RFI,JTs,4,0.06971479,0.00000000
2.0,HJ RFI,Q2s,4,0.01081737,0.00000000
2.0,HJ RFI,Q3s,4,0.01188097,0.00000000
2.0,HJ RFI,Q4s,4,0.01326664,0.00000000
2.0,HJ RFI,Q5s,4,0.01370349,0.00000000
2.0,HJ RFI,Q6s,4,0.01756013,0.00000000
2.0,HJ RFI,Q7s,4,0.01759714,0.00000000
2.0,HJ RFI,Q8s,4,0.02886619,0.00000000
2.0,HJ RFI,Q9s,4,0.06613421,0.00000000
2.0,HJ RFI,QTs,4,0.20930561,0.00000000
2.0,HJ RFI,QJs,4,0.60869490,0.00000000
2.0,HJ RFI,K2s,4,0.01623243,0.00000000
2.0,HJ RFI,K3s,4,0.01688020,0.00000000
2.0,HJ RFI,K4s,4,0.02190364,0.00000000
2.0,HJ RFI,K5s,4,0.02526236,0.00000000
2.0,HJ RFI,K6s,4,0.02919411,0.00000000
2.0,HJ RFI,K7s,4,0.03559603,0.00000000
2.0,HJ RFI,K8s,4,0.06203827,0.00000000
2.0,HJ RFI,K9s,4,0.18721028,0.00000000
2.0,HJ RFI,KTs,4,0.90300510,0.00000000
2.0,HJ RFI,KJs,4,0.91792600,0.00000000
2.0,HJ RFI,KQs,4,0.94928163,0.00000000
2.0,HJ RFI,A2s,4,0.04030250,0.00000000
2.0,HJ RFI,A3s,4,0.06996310,0.00000000
2.0,HJ RFI,A4s,4,0.07300708,0.00000000
2.0,HJ RFI,A5s,4,0.17379871,0.00000000
2.0,HJ RFI,A6s,4,0.15066294,0.00000000
2.0,HJ RFI,A7s,4,0.32288322,0.00000000
2.0,HJ RFI,A8s,4,0.87582580,0.00000000
2.0,HJ RFI,A9s,4,0.92456090,0.00000000
2.0,HJ RFI,ATs,4,0.95095754,0.00000000
2.0,HJ RFI,AJs,4,0.97141220,0.00000000
2.0,HJ RFI,AQs,4,0.98159903,0.00000000
2.0,HJ RFI,AKs,4,0.99106970,0.00000000
2.0,HJ RFI,32o,12,0.00109892,0.00000000
2.0,HJ RFI,42o,12,0.00122824,0.00000000
2.0,HJ RFI,43o,12,0.00132350,0.00000000
2.0,HJ RFI,52o,12,0.00131698,0.00000000
2.0,HJ RFI,53o,12,0.00188721,0.00000000
2.0,HJ RFI,54o,12,0.00183564,0.00000000
2.0,HJ RFI,62o,12,0.00150497,0.00000000
2.0,HJ RFI,63o,12,0.00152862,0.00000000
2.0,HJ RFI,64o,12,0.00196456,0.00000000
2.0,HJ RFI,65o,12,0.00272893,0.00000000
2.0,HJ RFI,72o,12,0.00161633,0.00000000
2.0,HJ RFI,73o,12,0.00190726,0.00000000
2.0,HJ RFI,74o,12,0.00211100,0.00000000
2.0,HJ RFI,75o,12,0.00247564,0.00000000
2.0,HJ RFI,76o,12,0.00282222,0.00000000
2.0,HJ RFI,82o,12,0.00196680,0.00000000
2.0,HJ RFI,83o,12,0.00193433,0.00000000
2.0,HJ RFI,84o,12,0.00219701,0.00000000
2.0,HJ RFI,85o,12,0.00271393,0.00000000
2.0,HJ RFI,86o,12,0.00323051,0.00000000
2.0,HJ RFI,87o,12,0.00350853,0.00000000
2.0,HJ RFI,92o,12,0.00223593,0.00000000
2.0,HJ RFI,93o,12,0.00278391,0.00000000
2.0,HJ RFI,94o,12,0.00275392,0.00000000
2.0,HJ RFI,95o,12,0.00324506,0.00000000
2.0,HJ RFI,96o,12,0.00368171,0.00000000
2.0,HJ RFI,97o,12,0.00393363,0.00000000
2.0,HJ RFI,98o,12,0.00543406,0.00000000
2.0,HJ RFI,T2o,12,0.00291928,0.00000000
2.0,HJ RFI,T3o,12,0.00309670,0.00000000
2.0,HJ RFI,T4o,12,0.00329564,0.00000000
2.0,HJ RFI,T5o,12,0.00347259,0.00000000
2.0,HJ RFI,T6o,12,0.00380525,0.00000000
2.0,HJ RFI,T7o,12,0.00482623,0.00000000
2.0,HJ RFI,T8o,12,0.00600134,0.00000000
2.0,HJ RFI,T9o,12,0.00758536,0.00000000
2.0,HJ RFI,J2o,12,0.00350134,0.00000000
2.0,HJ RFI,J3o,12,0.00408258,0.00000000
2.0,HJ RFI,J4o,12,0.00384060,0.00000000
2.0,HJ RFI,J5o,12,0.00432691,0.00000000
2.0,HJ RFI,J6o,12,0.00481387,0.00000000
2.0,HJ RFI,J7o,12,0.00527560,0.00000000
2.0,HJ RFI,J8o,12,0.00624403,0.00000000
2.0,HJ RFI,J9o,12,0.00871291,0.00000000
2.0,HJ RFI,JTo,12,0.01362698,0.00000000
2.0,HJ RFI,Q2o,12,0.00444043,0.00000000
2.0,HJ RFI,Q3o,12,0.00477748,0.00000000
2.0,HJ RFI,Q4o,12,0.00580025,0.00000000
2.0,HJ RFI,Q5o,12,0.00543984,0.00000000
2.0,HJ RFI,Q6o,12,0.00647206,0.00000000
2.0,HJ RFI,Q7o,12,0.00649579,0.00000000
2.0,HJ RFI,Q8o,12,0.00874595,0.00000000
2.0,HJ RFI,Q9o,12,0.01200153,0.00000000
2.0,HJ RFI,QTo,12,0.02446948,0.00000000
2.0,HJ RFI,QJo,12,0.03042763,0.00000000
2.0,HJ RFI,K2o,12,0.00590482,0.00000000
2.0,HJ RFI,K3o,12,0.00714643,0.00000000
2.0,HJ RFI,K4o,12,0.00697654,0.00000000
2.0,HJ RFI,K5o,12,0.00806029,0.00000000
2.0,HJ RFI,K6o,12,0.00884581,0.00000000
2.0,HJ RFI,K7o,12,0.01038243,0.00000000
2.0,HJ RFI,K8o,12,0.01267399,0.00000000
2.0,HJ RFI,K9o,12,0.02392228,0.00000000
2.0,HJ RFI,KTo,12,0.05871958,0.00000000
2.0,HJ RFI,KJo,12,0.34635776,0.00000000
2.0,HJ RFI,KQo,12,0.94938780,0.00000000
2.0,HJ RFI,A2o,12,0.01239173,0.00000000
2.0,HJ RFI,A3o,12,0.01304768,0.00000000
2.0,HJ RFI,A4o,12,0.01721221,0.00000000
2.0,HJ RFI,A5o,12,0.02164284,0.00000000
2.0,HJ RFI,A6o,12,0.02235272,0.00000000
2.0,HJ RFI,A7o,12,0.03494532,0.00000000
2.0,HJ RFI,A8o,12,0.05530239,0.00000000
2.0,HJ RFI,A9o,12,0.35467425,0.00000000
2.0,HJ RFI,ATo,12,0.96092490,0.00000000
2.0,HJ RFI,AJo,12,0.97757380,0.00000000
2.0,HJ RFI,AQo,12,0.98286587,0.00000000
2.0,HJ RFI,AKo,12,0.99314370,0.00000000
2.0,CO RFI,22,6,0.01108450,0.00000000
2.0,CO RFI,33,6,0.02033478,0.00000000
2.0,CO RFI,44,6,0.05907216,0.00000000
2.0,CO RFI,55,6,0.43070020,0.00000000
2.0,CO RFI,66,6,0.92074525,0.00000000
2.0,CO RFI,77,6,0.95892376,0.00000000
2.0,CO RFI,88,6,0.97308690,0.00000000
2.0,CO RFI,99,6,0.98292625,0.00000000
2.0,CO RFI,TT,6,0.98810720,0.00000000
2.0,CO RFI,JJ,6,0.99302024,0.00000000
2.0,CO RFI,QQ,6,0.99505067,0.00000000
2.0,CO RFI,KK,6,0.99720275,0.00000000
2.0,CO RFI,AA,6,0.99978210,0.00000000
2.0,CO RFI,32s,4,0.00333293,0.00000000
2.0,CO RFI,42s,4,0.00334871,0.00000000
2.0,CO RFI,43s,4,0.00412679,0.00000000
2.0,CO RFI,52s,4,0.00407285,0.00000000
2.0,CO RFI,53s,4,0.00448126,0.00000000
2.0,CO RFI,54s,4,0.00661007,0.00000000
2.0,CO RFI,62s,4,0.00390752,0.00000000
2.0,CO RFI,63s,4,0.00460624,0.00000000
2.0,CO RFI,64s,4,0.00537815,0.00000000
2.0,CO RFI,65s,4,0.00753321,0.00000000
2.0,CO RFI,72s,4,0.00427242,0.00000000
2.0,CO RFI,73s,4,0.00446544,0.00000000
2.0,CO RFI,74s,4,0.00677126,0.00000000
2.0,CO RFI,75s,4,0.00685990,0.00000000
2.0,CO RFI,76s,4,0.00900374,0.00000000
2.0,CO RFI,82s,4,0.00486539,0.00000000
2.0,CO RFI,83s,4,0.00549479,0.00000000
2.0,CO RFI,84s,4,0.00684154,0.00000000
2.0,CO RFI,85s,4,0.00775580,0.00000000
2.0,CO RFI,86s,4,0.01046907,0.00000000
2.0,CO RFI,87s,4,0.01307529,0.00000000
2.0,CO RFI,92s,4,0.00631801,0.00000000
2.0,CO RFI,93s,4,0.00739930,0.00000000
2.0,CO RFI,94s,4,0.00714783,0.00000000
2.0,CO RFI,95s,4,0.00885385,0.00000000
2.0,CO RFI,96s,4,0.01167834,0.00000000
2.0,CO RFI,97s,4,0.01307163,0.00000000
2.0,CO RFI,98s,4,0.01885926,0.00000000
2.0,CO RFI,T2s,4,0.00766882,0.00000000
2.0,CO RFI,T3s,4,0.00867252,0.00000000
2.0,CO RFI,T4s,4,0.00976066,0.00000000
2.0,CO RFI,T5s,4,0.00947936,0.00000000
2.0,CO RFI,T6s,4,0.01122823,0.00000000
2.0,CO RFI,T7s,4,0.01561861,0.00000000
2.0,CO RFI,T8s,4,0.02075814,0.00000000
2.0,CO RFI,T9s,4,0.03681229,0.00000000
2.0,CO RFI,J2s,4,0.01137293,0.00000000
2.0,CO RFI,J3s,4,0.01236867,0.00000000
2.0,CO RFI,J4s,4,0.01235019,0.00000000
2.0,CO RFI,J5s,4,0.01263311,0.00000000
2.0,CO RFI,J6s,4,0.01411839,0.00000000
2.0,CO RFI,J7s,4,0.01777409,0.00000000
2.0,CO RFI,J8s,4,0.03182968,0.00000000
2.0,CO RFI,J9s,4,0.05148242,0.00000000
2.0,CO RFI,JTs,4,0.11733526,0.00000000
2.0,CO RFI,Q2s,4,0.01430722,0.00000000
2.0,CO RFI,Q3s,4,0.01462246,0.00000000
2.0,CO RFI,Q4s,4,0.01539718,0.00000000
2.0,CO RFI,Q5s,4,0.01965444,0.00000000
2.0,CO RFI,Q6s,4,0.02061380,0.00000000
2.0,CO RFI,Q7s,4,0.02102036,0.00000000
2.0,CO RFI,Q8s,4,0.04466321,0.00000000
2.0,CO RFI,Q9s,4,0.05932044,0.00000000
2.0,CO RFI,QTs,4,0.38680694,0.00000000
2.0,CO RFI,QJs,4,0.82990220,0.00000000
2.0,CO RFI,K2s,4,0.02160240,0.00000000
2.0,CO RFI,K3s,4,0.02625977,0.00000000
2.0,CO RFI,K4s,4,0.02907947,0.00000000
2.0,CO RFI,K5s,4,0.03300396,0.00000000
2.0,CO RFI,K6s,4,0.05451883,0.00000000
2.0,CO RFI,K7s,4,0.06272949,0.00000000
2.0,CO RFI,K8s,4,0.10163522,0.00000000
2.0,CO RFI,K9s,4,0.24112903,0.00000000
2.0,CO RFI,KTs,4,0.92540824,0.00000000
2.0,CO RFI,KJs,4,0.94070250,0.00000000
2.0,CO RFI,KQs,4,0.95641273,0.00000000
2.0,CO RFI,A2s,4,0.07447945,0.00000000
2.0,CO RFI,A3s,4,0.15316795,0.00000000
2.0,CO RFI,A4s,4,0.22925557,0.00000000
2.0,CO RFI,A5s,4,0.41166723,0.00000000
2.0,CO RFI,A6s,4,0.74407990,0.00000000
2.0,CO RFI,A7s,4,0.89982754,0.00000000
2.0,CO RFI,A8s,4,0.92671920,0.00000000
2.0,CO RFI,A9s,4,0.94390583,0.00000000
2.0,CO RFI,ATs,4,0.96401490,0.00000000
2.0,CO RFI,AJs,4,0.97229564,0.00000000
2.0,CO RFI,AQs,4,0.98308533,0.00000000
2.0,CO RFI,AKs,4,0.99147135,0.00000000
2.0,CO RFI,32o,12,0.00128751,0.00000000
2.0,CO RFI,42o,12,0.00152824,0.00000000
2.0,CO RFI,43o,12,0.00178248,0.00000000
2.0,CO RFI,52o,12,0.00163799,0.00000000
2.0,CO RFI,53o,12,0.00211729,0.00000000
2.0,CO RFI,54o,12,0.00226389,0.00000000
2.0,CO RFI,62o,12,0.00168814,0.00000000
2.0,CO RFI,63o,12,0.00206467,0.00000000
2.0,CO RFI,64o,12,0.00230572,0.00000000
2.0,CO RFI,65o,12,0.00267832,0.00000000
2.0,CO RFI,72o,12,0.00192097,0.00000000
2.0,CO RFI,73o,12,0.00213013,0.00000000
2.0,CO RFI,74o,12,0.00254319,0.00000000
2.0,CO RFI,75o,12,0.00320863,0.00000000
2.0,CO RFI,76o,12,0.00398052,0.00000000
2.0,CO RFI,82o,12,0.00256669,0.00000000
2.0,CO RFI,83o,12,0.00256467,0.00000000
2.0,CO RFI,84o,12,0.00296460,0.00000000
2.0,CO RFI,85o,12,0.00349486,0.00000000
2.0,CO RFI,86o,12,0.00400313,0.00000000
2.0,CO RFI,87o,12,0.00485309,0.00000000
2.0,CO RFI,92o,12,0.00309469,0.00000000
2.0,CO RFI,93o,12,0.00339157,0.00000000
2.0,CO RFI,94o,12,0.00333995,0.00000000
2.0,CO RFI,95o,12,0.00387705,0.00000000
2.0,CO RFI,96o,12,0.00460456,0.00000000
2.0,CO RFI,97o,12,0.00575739,0.00000000
2.0,CO RFI,98o,12,0.00635401,0.00000000
2.0,CO RFI,T2o,12,0.00367621,0.00000000
2.0,CO RFI,T3o,12,0.00403297,0.00000000
2.0,CO RFI,T4o,12,0.00420408,0.00000000
2.0,CO RFI,T5o,12,0.00441017,0.00000000
2.0,CO RFI,T6o,12,0.00522279,0.00000000
2.0,CO RFI,T7o,12,0.00645105,0.00000000
2.0,CO RFI,T8o,12,0.00870597,0.00000000
2.0,CO RFI,T9o,12,0.01063504,0.00000000
2.0,CO RFI,J2o,12,0.00462047,0.00000000
2.0,CO RFI,J3o,12,0.00532047,0.00000000
2.0,CO RFI,J4o,12,0.00532299,0.00000000
2.0,CO RFI,J5o,12,0.00583157,0.00000000
2.0,CO RFI,J6o,12,0.00668571,0.00000000
2.0,CO RFI,J7o,12,0.00727333,0.00000000
2.0,CO RFI,J8o,12,0.00957836,0.00000000
2.0,CO RFI,J9o,12,0.01382172,0.00000000
2.0,CO RFI,JTo,12,0.02239134,0.00000000
2.0,CO RFI,Q2o,12,0.00614797,0.00000000
2.0,CO RFI,Q3o,12,0.00691943,0.00000000
2.0,CO RFI,Q4o,12,0.00734259,0.00000000
2.0,CO RFI,Q5o,12,0.00774569,0.00000000
2.0,CO RFI,Q6o,12,0.00841198,0.00000000
2.0,CO RFI,Q7o,12,0.00967758,0.00000000
2.0,CO RFI,Q8o,12,0.01217389,0.00000000
2.0,CO RFI,Q9o,12,0.01921137,0.00000000
2.0,CO RFI,QTo,12,0.03864858,0.00000000
2.0,CO RFI,QJo,12,0.09438055,0.00000000
2.0,CO RFI,K2o,12,0.00860575,0.00000000
2.0,CO RFI,K3o,12,0.00898670,0.00000000
2.0,CO RFI,K4o,12,0.00943982,0.00000000
2.0,CO RFI,K5o,12,0.01100383,0.00000000
2.0,CO RFI,K6o,12,0.01514304,0.00000000
2.0,CO RFI,K7o,12,0.01612642,0.00000000
2.0,CO RFI,K8o,12,0.02171244,0.00000000
2.0,CO RFI,K9o,12,0.04895826,0.00000000
2.0,CO RFI,KTo,12,0.21218130,0.00000000
2.0,CO RFI,KJo,12,0.90889230,0.00000000
2.0,CO RFI,KQo,12,0.95288646,0.00000000
2.0,CO RFI,A2o,12,0.02249429,0.00000000
2.0,CO RFI,A3o,12,0.02533696,0.00000000
2.0,CO RFI,A4o,12,0.03363827,0.00000000
2.0,CO RFI,A5o,12,0.05140932,0.00000000
2.0,CO RFI,A6o,12,0.05963928,0.00000000
2.0,CO RFI,A7o,12,0.13373914,0.00000000
2.0,CO RFI,A8o,12,0.73908760,0.00000000
2.0,CO RFI,A9o,12,0.95543855,0.00000000
2.0,CO RFI,ATo,12,0.97765464,0.00000000
2.0,CO RFI,AJo,12,0.97719663,0.00000000
2.0,CO RFI,AQo,12,0.98636013,0.00000000
2.0,CO RFI,AKo,12,0.99260430,0.00000000
2.0,BTN RFI,22,6,0.02351766,0.00000000
2.0,BTN RFI,33,6,0.03964739,0.00000000
2.0,BTN RFI,44,6,0.15184225,0.00000000
2.0,BTN RFI,55,6,0.89486444,0.00000000
2.0,BTN RFI,66,6,0.94784360,0.00000000
2.0,BTN RFI,77,6,0.96506566,0.00000000
2.0,BTN RFI,88,6,0.97683764,0.00000000
2.0,BTN RFI,99,6,0.98245480,0.00000000
2.0,BTN RFI,TT,6,0.99061860,0.00000000
2.0,BTN RFI,JJ,6,0.99286780,0.00000000
2.0,BTN RFI,QQ,6,0.99465233,0.00000000
2.0,BTN RFI,KK,6,0.99730283,0.00000000
2.0,BTN RFI,AA,6,0.99953413,0.00000000
2.0,BTN RFI,32s,4,0.00353380,0.00000000
2.0,BTN RFI,42s,4,0.00451875,0.00000000
2.0,BTN RFI,43s,4,0.00499466,0.00000000
2.0,BTN RFI,52s,4,0.00518289,0.00000000
2.0,BTN RFI,53s,4,0.00593866,0.00000000
2.0,BTN RFI,54s,4,0.00890372,0.00000000
2.0,BTN RFI,62s,4,0.00485605,0.00000000
2.0,BTN RFI,63s,4,0.00597305,0.00000000
2.0,BTN RFI,64s,4,0.00710262,0.00000000
2.0,BTN RFI,65s,4,0.00949390,0.00000000
2.0,BTN RFI,72s,4,0.00520317,0.00000000
2.0,BTN RFI,73s,4,0.00632876,0.00000000
2.0,BTN RFI,74s,4,0.00710774,0.00000000
2.0,BTN RFI,75s,4,0.01044031,0.00000000
2.0,BTN RFI,76s,4,0.01311477,0.00000000
2.0,BTN RFI,82s,4,0.00651479,0.00000000
2.0,BTN RFI,83s,4,0.00750331,0.00000000
2.0,BTN RFI,84s,4,0.00894878,0.00000000
2.0,BTN RFI,85s,4,0.01030401,0.00000000
2.0,BTN RFI,86s,4,0.01234556,0.00000000
2.0,BTN RFI,87s,4,0.01581151,0.00000000
2.0,BTN RFI,92s,4,0.00915662,0.00000000
2.0,BTN RFI,93s,4,0.00964350,0.00000000
2.0,BTN RFI,94s,4,0.00940900,0.00000000
2.0,BTN RFI,95s,4,0.01191158,0.00000000
2.0,BTN RFI,96s,4,0.01490597,0.00000000
2.0,BTN RFI,97s,4,0.01557706,0.00000000
2.0,BTN RFI,98s,4,0.02382786,0.00000000
2.0,BTN RFI,T2s,4,0.01086390,0.00000000
2.0,BTN RFI,T3s,4,0.01273953,0.00000000
2.0,BTN RFI,T4s,4,0.01506551,0.00000000
2.0,BTN RFI,T5s,4,0.01372536,0.00000000
2.0,BTN RFI,T6s,4,0.01706015,0.00000000
2.0,BTN RFI,T7s,4,0.02284445,0.00000000
2.0,BTN RFI,T8s,4,0.03623619,0.00000000
2.0,BTN RFI,T9s,4,0.04800473,0.00000000
2.0,BTN RFI,J2s,4,0.01470229,0.00000000
2.0,BTN RFI,J3s,4,0.01704555,0.00000000
2.0,BTN RFI,J4s,4,0.01681000,0.00000000
2.0,BTN RFI,J5s,4,0.02106590,0.00000000
2.0,BTN RFI,J6s,4,0.02222403,0.00000000
2.0,BTN RFI,J7s,4,0.03029550,0.00000000
2.0,BTN RFI,J8s,4,0.05897969,0.00000000
2.0,BTN RFI,J9s,4,0.06490374,0.00000000
2.0,BTN RFI,JTs,4,0.31706968,0.00000000
2.0,BTN RFI,Q2s,4,0.02191599,0.00000000
2.0,BTN RFI,Q3s,4,0.02283882,0.00000000
2.0,BTN RFI,Q4s,4,0.02452346,0.00000000
2.0,BTN RFI,Q5s,4,0.03767254,0.00000000
2.0,BTN RFI,Q6s,4,0.03504050,0.00000000
2.0,BTN RFI,Q7s,4,0.04805726,0.00000000
2.0,BTN RFI,Q8s,4,0.06823749,0.00000000
2.0,BTN RFI,Q9s,4,0.49348310,0.00000000
2.0,BTN RFI,QTs,4,0.87894017,0.00000000
2.0,BTN RFI,QJs,4,0.89600396,0.00000000
2.0,BTN RFI,K2s,4,0.03211289,0.00000000
2.0,BTN RFI,K3s,4,0.04266635,0.00000000
2.0,BTN RFI,K4s,4,0.04395958,0.00000000
2.0,BTN RFI,K5s,4,0.06527895,0.00000000
2.0,BTN RFI,K6s,4,0.10190178,0.00000000
2.0,BTN RFI,K7s,4,0.17791104,0.00000000
2.0,BTN RFI,K8s,4,0.57363590,0.00000000
2.0,BTN RFI,K9s,4,0.77240700,0.00000000
2.0,BTN RFI,KTs,4,0.92198820,0.00000000
2.0,BTN RFI,KJs,4,0.94728094,0.00000000
2.0,BTN RFI,KQs,4,0.96557740,0.00000000
2.0,BTN RFI,A2s,4,0.74100630,0.00000000
2.0,BTN RFI,A3s,4,0.89764166,0.00000000
2.0,BTN RFI,A4s,4,0.89532727,0.00000000
2.0,BTN RFI,A5s,4,0.89818310,0.00000000
2.0,BTN RFI,A6s,4,0.90608084,0.00000000
2.0,BTN RFI,A7s,4,0.92666334,0.00000000
2.0,BTN RFI,A8s,4,0.94339603,0.00000000
2.0,BTN RFI,A9s,4,0.95338690,0.00000000
2.0,BTN RFI,ATs,4,0.96658390,0.00000000
2.0,BTN RFI,AJs,4,0.97756356,0.00000000
2.0,BTN RFI,AQs,4,0.98655650,0.00000000
2.0,BTN RFI,AKs,4,0.99133927,0.00000000
2.0,BTN RFI,32o,12,0.00152037,0.00000000
2.0,BTN RFI,42o,12,0.00185071,0.00000000
2.0,BTN RFI,43o,12,0.00229913,0.00000000
2.0,BTN RFI,52o,12,0.00216391,0.00000000
2.0,BTN RFI,53o,12,0.00264361,0.00000000
2.0,BTN RFI,54o,12,0.00312095,0.00000000
2.0,BTN RFI,62o,12,0.00219119,0.00000000
2.0,BTN RFI,63o,12,0.00264038,0.00000000
2.0,BTN RFI,64o,12,0.00318087,0.00000000
2.0,BTN RFI,65o,12,0.00372272,0.00000000
2.0,BTN RFI,72o,12,0.00238759,0.00000000
2.0,BTN RFI,73o,12,0.00299966,0.00000000
2.0,BTN RFI,74o,12,0.00336815,0.00000000
2.0,BTN RFI,75o,12,0.00404625,0.00000000
2.0,BTN RFI,76o,12,0.00483936,0.00000000
2.0,BTN RFI,82o,12,0.00309010,0.00000000
2.0,BTN RFI,83o,12,0.00324638,0.00000000
2.0,BTN RFI,84o,12,0.00383491,0.00000000
2.0,BTN RFI,85o,12,0.00464716,0.00000000
2.0,BTN RFI,86o,12,0.00514638,0.00000000
2.0,BTN RFI,87o,12,0.00640204,0.00000000
2.0,BTN RFI,92o,12,0.00382355,0.00000000
2.0,BTN RFI,93o,12,0.00408468,0.00000000
2.0,BTN RFI,94o,12,0.00442827,0.00000000
2.0,BTN RFI,95o,12,0.00529327,0.00000000
2.0,BTN RFI,96o,12,0.00601693,0.00000000
2.0,BTN RFI,97o,12,0.00766166,0.00000000
2.0,BTN RFI,98o,12,0.00931194,0.00000000
2.0,BTN RFI,T2o,12,0.00487118,0.00000000
2.0,BTN RFI,T3o,12,0.00544578,0.00000000
2.0,BTN RFI,T4o,12,0.00601150,0.00000000
2.0,BTN RFI,T5o,12,0.00633251,0.00000000
2.0,BTN RFI,T6o,12,0.00750594,0.00000000
2.0,BTN RFI,T7o,12,0.00967954,0.00000000
2.0,BTN RFI,T8o,12,0.01365056,0.00000000
2.0,BTN RFI,T9o,12,0.01640562,0.00000000
2.0,BTN RFI,J2o,12,0.00657315,0.00000000
2.0,BTN RFI,J3o,12,0.00652636,0.00000000
2.0,BTN RFI,J4o,12,0.00824196,0.00000000
2.0,BTN RFI,J5o,12,0.00844196,0.00000000
2.0,BTN RFI,J6o,12,0.00895140,0.00000000
2.0,BTN RFI,J7o,12,0.01244352,0.00000000
2.0,BTN RFI,J8o,12,0.01678834,0.00000000
2.0,BTN RFI,J9o,12,0.02403748,0.00000000
2.0,BTN RFI,JTo,12,0.04543335,0.00000000
2.0,BTN RFI,Q2o,12,0.00912122,0.00000000
2.0,BTN RFI,Q3o,12,0.00998791,0.00000000
2.0,BTN RFI,Q4o,12,0.01069416,0.00000000
2.0,BTN RFI,Q5o,12,0.01323511,0.00000000
2.0,BTN RFI,Q6o,12,0.01419433,0.00000000
2.0,BTN RFI,Q7o,12,0.01683667,0.00000000
2.0,BTN RFI,Q8o,12,0.02402929,0.00000000
2.0,BTN RFI,Q9o,12,0.03554010,0.00000000
2.0,BTN RFI,QTo,12,0.18037927,0.00000000
2.0,BTN RFI,QJo,12,0.89259400,0.00000000
2.0,BTN RFI,K2o,12,0.01183024,0.00000000
2.0,BTN RFI,K3o,12,0.01477344,0.00000000
2.0,BTN RFI,K4o,12,0.01684790,0.00000000
2.0,BTN RFI,K5o,12,0.02117097,0.00000000
2.0,BTN RFI,K6o,12,0.02476582,0.00000000
2.0,BTN RFI,K7o,12,0.03361279,0.00000000
2.0,BTN RFI,K8o,12,0.04352353,0.00000000
2.0,BTN RFI,K9o,12,0.28901390,0.00000000
2.0,BTN RFI,KTo,12,0.94440156,0.00000000
2.0,BTN RFI,KJo,12,0.96459883,0.00000000
2.0,BTN RFI,KQo,12,0.96694110,0.00000000
2.0,BTN RFI,A2o,12,0.05011097,0.00000000
2.0,BTN RFI,A3o,12,0.09371617,0.00000000
2.0,BTN RFI,A4o,12,0.36917877,0.00000000
2.0,BTN RFI,A5o,12,0.81583506,0.00000000
2.0,BTN RFI,A6o,12,0.83629096,0.00000000
2.0,BTN RFI,A7o,12,0.93258590,0.00000000
2.0,BTN RFI,A8o,12,0.95582250,0.00000000
2.0,BTN RFI,A9o,12,0.97243120,0.00000000
2.0,BTN RFI,ATo,12,0.97676720,0.00000000
2.0,BTN RFI,AJo,12,0.97889996,0.00000000
2.0,BTN RFI,AQo,12,0.98824465,0.00000000
2.0,BTN RFI,AKo,12,0.99383044,0.00000000
2.0,SB RFI,22,6,0.03678474,0.95778066
2.0,SB RFI,33,6,0.13660166,0.85688400
2.0,SB RFI,44,6,0.15499945,0.83697450
2.0,SB RFI,55,6,0.72069200,0.26591900
2.0,SB RFI,66,6,0.71836330,0.27107424
2.0,SB RFI,77,6,0.85094100,0.13922316
2.0,SB RFI,88,6,0.84982610,0.14156091
2.0,SB RFI,99,6,0.86462040,0.12984560
2.0,SB RFI,TT,6,0.76778626,0.22928151
2.0,SB RFI,JJ,6,0.83325756,0.16431780
2.0,SB RFI,QQ,6,0.90651995,0.09171744
2.0,SB RFI,KK,6,0.79079765,0.20864339
2.0,SB RFI,AA,6,0.74703836,0.25295350
2.0,SB RFI,32s,4,0.02970319,0.82195890
2.0,SB RFI,42s,4,0.03273874,0.90909130
2.0,SB RFI,43s,4,0.02938011,0.94924220
2.0,SB RFI,52s,4,0.03301441,0.93310470
2.0,SB RFI,53s,4,0.03582829,0.94580096
2.0,SB RFI,54s,4,0.03183570,0.95526330
2.0,SB RFI,62s,4,0.03142004,0.93190150
2.0,SB RFI,63s,4,0.02559397,0.95798683
2.0,SB RFI,64s,4,0.03347458,0.95501703
2.0,SB RFI,65s,4,0.04129112,0.95088780
2.0,SB RFI,72s,4,0.02860202,0.93356230
2.0,SB RFI,73s,4,0.03813390,0.94498720
2.0,SB RFI,74s,4,0.02935640,0.95702946
2.0,SB RFI,75s,4,0.03653038,0.95268434
2.0,SB RFI,76s,4,0.03375822,0.96048730
2.0,SB RFI,82s,4,0.02868773,0.95155210
2.0,SB RFI,83s,4,0.02975664,0.95247096
2.0,SB RFI,84s,4,0.03772358,0.95229930
2.0,SB RFI,85s,4,0.03104506,0.96155596
2.0,SB RFI,86s,4,0.03862235,0.95438750
2.0,SB RFI,87s,4,0.03737368,0.95622940
2.0,SB RFI,92s,4,0.03092489,0.95724404
2.0,SB RFI,93s,4,0.03676298,0.95423470
2.0,SB RFI,94s,4,0.03159326,0.95689803
2.0,SB RFI,95s,4,0.03313073,0.95871860
2.0,SB RFI,96s,4,0.03133559,0.96257573
2.0,SB RFI,97s,4,0.03846393,0.95639250
2.0,SB RFI,98s,4,0.05068735,0.94434820
2.0,SB RFI,T2s,4,0.02952601,0.96098965
2.0,SB RFI,T3s,4,0.03215043,0.95975983
2.0,SB RFI,T4s,4,0.03323720,0.96011660
2.0,SB RFI,T5s,4,0.03924468,0.95398635
2.0,SB RFI,T6s,4,0.03306808,0.96177800
2.0,SB RFI,T7s,4,0.03922843,0.95616406
2.0,SB RFI,T8s,4,0.05671220,0.93911904
2.0,SB RFI,T9s,4,0.06657540,0.92993960
2.0,SB RFI,J2s,4,0.04669343,0.94574934
2.0,SB RFI,J3s,4,0.04836830,0.94639130
2.0,SB RFI,J4s,4,0.05129487,0.94306624
2.0,SB RFI,J5s,4,0.04248926,0.95240820
2.0,SB RFI,J6s,4,0.05350881,0.94146220
2.0,SB RFI,J7s,4,0.05438830,0.94176066
2.0,SB RFI,J8s,4,0.06081698,0.93580437
2.0,SB RFI,J9s,4,0.07450248,0.92225385
2.0,SB RFI,JTs,4,0.61166810,0.37570027
2.0,SB RFI,Q2s,4,0.05328231,0.94173700
2.0,SB RFI,Q3s,4,0.07703721,0.91793007
2.0,SB RFI,Q4s,4,0.06256315,0.93280685
2.0,SB RFI,Q5s,4,0.05616570,0.93984956
2.0,SB RFI,Q6s,4,0.08290156,0.91346610
2.0,SB RFI,Q7s,4,0.09884679,0.89772916
2.0,SB RFI,Q8s,4,0.10385037,0.89298370
2.0,SB RFI,Q9s,4,0.15297255,0.84332780
2.0,SB RFI,QTs,4,0.56602070,0.42576018
2.0,SB RFI,QJs,4,0.80828900,0.17776214
2.0,SB RFI,K2s,4,0.09714007,0.89963010
2.0,SB RFI,K3s,4,0.20848720,0.78764784
2.0,SB RFI,K4s,4,0.08519969,0.91154134
2.0,SB RFI,K5s,4,0.14568764,0.85138327
2.0,SB RFI,K6s,4,0.28321260,0.71300244
2.0,SB RFI,K7s,4,0.54063820,0.45397466
2.0,SB RFI,K8s,4,0.57787013,0.41585746
2.0,SB RFI,K9s,4,0.80557126,0.18132530
2.0,SB RFI,KTs,4,0.87671750,0.10934625
2.0,SB RFI,KJs,4,0.81048304,0.17809327
2.0,SB RFI,KQs,4,0.91146390,0.07894123
2.0,SB RFI,A2s,4,0.47527644,0.51881635
2.0,SB RFI,A3s,4,0.71717215,0.27203488
2.0,SB RFI,A4s,4,0.67305230,0.32057130
2.0,SB RFI,A5s,4,0.78838010,0.20233862
2.0,SB RFI,A6s,4,0.87284905,0.11565127
2.0,SB RFI,A7s,4,0.86021453,0.12854217
2.0,SB RFI,A8s,4,0.68678580,0.30281106
2.0,SB RFI,A9s,4,0.54531395,0.44673067
2.0,SB RFI,ATs,4,0.32270175,0.67071950
2.0,SB RFI,AJs,4,0.64564425,0.34983578
2.0,SB RFI,AQs,4,0.48354020,0.51329600
2.0,SB RFI,AKs,4,0.20319387,0.79500484
2.0,SB RFI,32o,12,0.01629409,0.01669942
2.0,SB RFI,42o,12,0.01652872,0.03037183
2.0,SB RFI,43o,12,0.01734158,0.85184497
2.0,SB RFI,52o,12,0.01420641,0.40547190
2.0,SB RFI,53o,12,0.01780737,0.95369400
2.0,SB RFI,54o,12,0.01842383,0.96927077
2.0,SB RFI,62o,12,0.01651127,0.04826813
2.0,SB RFI,63o,12,0.01764787,0.90135140
2.0,SB RFI,64o,12,0.01564408,0.96649970
2.0,SB RFI,65o,12,0.01978250,0.97197306
2.0,SB RFI,72o,12,0.01455518,0.12292526
2.0,SB RFI,73o,12,0.01692732,0.94511650
2.0,SB RFI,74o,12,0.01815982,0.96592224
2.0,SB RFI,75o,12,0.01873619,0.97332937
2.0,SB RFI,76o,12,0.01865862,0.97588634
2.0,SB RFI,82o,12,0.01742120,0.94557816
2.0,SB RFI,83o,12,0.01573321,0.94954630
2.0,SB RFI,84o,12,0.01545526,0.97067130
2.0,SB RFI,85o,12,0.02330466,0.96949590
2.0,SB RFI,86o,12,0.01999826,0.97495070
2.0,SB RFI,87o,12,0.01903667,0.97707820
2.0,SB RFI,92o,12,0.01509972,0.96935780
2.0,SB RFI,93o,12,0.01695980,0.97040820
2.0,SB RFI,94o,12,0.01724709,0.97264670
2.0,SB RFI,95o,12,0.01659904,0.97667205
2.0,SB RFI,96o,12,0.01794173,0.97714260
2.0,SB RFI,97o,12,0.02252098,0.97362530
2.0,SB RFI,98o,12,0.02479655,0.97212000
2.0,SB RFI,T2o,12,0.01905707,0.97319580
2.0,SB RFI,T3o,12,0.01717506,0.97433174
2.0,SB RFI,T4o,12,0.01761747,0.97615480
2.0,SB RFI,T5o,12,0.01978559,0.97448754
2.0,SB RFI,T6o,12,0.02229371,0.97320634
2.0,SB RFI,T7o,12,0.02257792,0.97425455
2.0,SB RFI,T8o,12,0.02718306,0.97016590
2.0,SB RFI,T9o,12,0.03178031,0.96608436
2.0,SB RFI,J2o,12,0.01949269,0.97488800
2.0,SB RFI,J3o,12,0.01948632,0.97524210
2.0,SB RFI,J4o,12,0.02226346,0.97340405
2.0,SB RFI,J5o,12,0.02223555,0.97381440
2.0,SB RFI,J6o,12,0.02639217,0.96941160
2.0,SB RFI,J7o,12,0.03047089,0.96668994
2.0,SB RFI,J8o,12,0.03332023,0.96432006
2.0,SB RFI,J9o,12,0.04498422,0.95312047
2.0,SB RFI,JTo,12,0.05986436,0.93871886
2.0,SB RFI,Q2o,12,0.02583448,0.97059375
2.0,SB RFI,Q3o,12,0.02466706,0.97156715
2.0,SB RFI,Q4o,12,0.02785423,0.96916795
2.0,SB RFI,Q5o,12,0.03056352,0.96672475
2.0,SB RFI,Q6o,12,0.03806436,0.95940980
2.0,SB RFI,Q7o,12,0.05351671,0.94421510
2.0,SB RFI,Q8o,12,0.05373456,0.94434726
2.0,SB RFI,Q9o,12,0.07777879,0.92050296
2.0,SB RFI,QTo,12,0.16451283,0.83391260
2.0,SB RFI,QJo,12,0.31760296,0.68020254
2.0,SB RFI,K2o,12,0.06668153,0.93097110
2.0,SB RFI,K3o,12,0.03973043,0.95816090
2.0,SB RFI,K4o,12,0.04553182,0.95240813
2.0,SB RFI,K5o,12,0.05683974,0.94136770
2.0,SB RFI,K6o,12,0.05745246,0.94081790
2.0,SB RFI,K7o,12,0.17094697,0.82709426
2.0,SB RFI,K8o,12,0.22046895,0.77769756
2.0,SB RFI,K9o,12,0.77903163,0.21607845
2.0,SB RFI,KTo,12,0.79010373,0.20613168
2.0,SB RFI,KJo,12,0.94692045,0.04777270
2.0,SB RFI,KQo,12,0.91557556,0.07628776
2.0,SB RFI,A2o,12,0.40801257,0.58981335
2.0,SB RFI,A3o,12,0.14497262,0.85358715
2.0,SB RFI,A4o,12,0.44756103,0.55037120
2.0,SB RFI,A5o,12,0.84897316,0.14589462
2.0,SB RFI,A6o,12,0.93765116,0.05748293
2.0,SB RFI,A7o,12,0.93381800,0.06144436
2.0,SB RFI,A8o,12,0.93583320,0.05947320
2.0,SB RFI,A9o,12,0.87913096,0.11347546
2.0,SB RFI,ATo,12,0.68215020,0.31193748
2.0,SB RFI,AJo,12,0.57060945,0.42570480
2.0,SB RFI,AQo,12,0.82628240,0.17054200
2.0,SB RFI,AKo,12,0.81080294,0.18784449
2.5,UTG RFI,22,6,0.01014918,0.00000000
2.5,UTG RFI,33,6,0.01369208,0.00000000
2.5,UTG RFI,44,6,0.02576711,0.00000000
2.5,UTG RFI,55,6,0.05947864,0.00000000
2.5,UTG RFI,66,6,0.31321220,0.00000000
2.5,UTG RFI,77,6,0.93441900,0.00000000
2.5,UTG RFI,88,6,0.96813780,0.00000000
2.5,UTG RFI,99,6,0.98318260,0.00000000
2.5,UTG RFI,TT,6,0.98832220,0.00000000
2.5,UTG RFI,JJ,6,0.99322665,0.00000000
2.5,UTG RFI,QQ,6,0.99509090,0.00000000
2.5,UTG RFI,KK,6,0.99786806,0.00000000
2.5,UTG RFI,AA,6,0.99976870,0.00000000
2.5,UTG RFI,32s,4,0.00396126,0.00000000
2.5,UTG RFI,42s,4,0.00544151,0.00000000
2.5,UTG RFI,43s,4,0.00442823,0.00000000
2.5,UTG RFI,52s,4,0.00476556,0.00000000
2.5,UTG RFI,53s,4,0.00484460,0.00000000
2.5,UTG RFI,54s,4,0.00808978,0.00000000
2.5,UTG RFI,62s,4,0.00432092,0.00000000
2.5,UTG RFI,63s,4,0.00449002,0.00000000
2.5,UTG RFI,64s,4,0.00641051,0.00000000
2.5,UTG RFI,65s,4,0.00649413,0.00000000
2.5,UTG RFI,72s,4,0.00393250,0.00000000
2.5,UTG RFI,73s,4,0.00463886,0.00000000
2.5,UTG RFI,74s,4,0.00563975,0.00000000
2.5,UTG RFI,75s,4,0.00720498,0.00000000
2.5,UTG RFI,76s,4,0.00887215,0.00000000
2.5,UTG RFI,82s,4,0.00584414,0.00000000
2.5,UTG RFI,83s,4,0.00535247,0.00000000
2.5,UTG RFI,84s,4,0.00560618,0.00000000
2.5,UTG RFI,85s,4,0.00714002,0.00000000
2.5,UTG RFI,86s,4,0.00923760,0.00000000
2.5,UTG RFI,87s,4,0.01156006,0.00000000
2.5,UTG RFI,92s,4,0.00547998,0.00000000
2.5,UTG RFI,93s,4,0.00566825,0.00000000
2.5,UTG RFI,94s,4,0.00667519,0.00000000
2.5,UTG RFI,95s,4,0.00701963,0.00000000
2.5,UTG RFI,96s,4,0.00869070,0.00000000
2.5,UTG RFI,97s,4,0.01028955,0.00000000
2.5,UTG RFI,98s,4,0.01476377,0.00000000
2.5,UTG RFI,T2s,4,0.00604371,0.00000000
2.5,UTG RFI,T3s,4,0.00650819,0.00000000
2.5,UTG RFI,T4s,4,0.00720065,0.00000000
2.5,UTG RFI,T5s,4,0.00770152,0.00000000
2.5,UTG RFI,T6s,4,0.00991764,0.00000000
2.5,UTG RFI,T7s,4,0.01235477,0.00000000
2.5,UTG RFI,T8s,4,0.01612264,0.00000000
2.5,UTG RFI,T9s,4,0.02272407,0.00000000
2.5,UTG RFI,J2s,4,0.00683321,0.00000000
2.5,UTG RFI,J3s,4,0.00773980,0.00000000
2.5,UTG RFI,J4s,4,0.00879383,0.00000000
2.5,UTG RFI,J5s,4,0.00932457,0.00000000
2.5,UTG RFI,J6s,4,0.00960812,0.00000000
2.5,UTG RFI,J7s,4,0.01423255,0.00000000
2.5,UTG RFI,J8s,4,0.01652961,0.00000000
2.5,UTG RFI,J9s,4,0.03195055,0.00000000
2.5,UTG RFI,JTs,4,0.07009499,0.00000000
2.5,UTG RFI,Q2s,4,0.00940334,0.00000000
2.5,UTG RFI,Q3s,4,0.01159641,0.00000000
2.5,UTG RFI,Q4s,4,0.01133489,0.00000000
2.5,UTG RFI,Q5s,4,0.01239727,0.00000000
2.5,UTG RFI,Q6s,4,0.01414937,0.00000000
2.5,UTG RFI,Q7s,4,0.01699970,0.00000000
2.5,UTG RFI,Q8s,4,0.02245325,0.00000000
2.5,UTG RFI,Q9s,4,0.04065941,0.00000000
2.5,UTG RFI,QTs,4,0.09533696,0.00000000
2.5,UTG RFI,QJs,4,0.61479040,0.00000000
2.5,UTG RFI,K2s,4,0.01752624,0.00000000
2.5,UTG RFI,K3s,4,0.01858241,0.00000000
2.5,UTG RFI,K4s,4,0.01693941,0.00000000
2.5,UTG RFI,K5s,4,0.01950506,0.00000000
2.5,UTG RFI,K6s,4,0.02392684,0.00000000
2.5,UTG RFI,K7s,4,0.02751145,0.00000000
2.5,UTG RFI,K8s,4,0.03429750,0.00000000
2.5,UTG RFI,K9s,4,0.07575912,0.00000000
2.5,UTG RFI,KTs,4,0.85057443,0.00000000
2.5,UTG RFI,KJs,4,0.89168170,0.00000000
2.5,UTG RFI,KQs,4,0.93831384,0.00000000
2.5,UTG RFI,A2s,4,0.04138259,0.00000000
2.5,UTG RFI,A3s,4,0.03774868,0.00000000
2.5,UTG RFI,A4s,4,0.07092115,0.00000000
2.5,UTG RFI,A5s,4,0.10199933,0.00000000
2.5,UTG RFI,A6s,4,0.07268640,0.00000000
2.5,UTG RFI,A7s,4,0.12301692,0.00000000
2.5,UTG RFI,A8s,4,0.47213510,0.00000000
2.5,UTG RFI,A9s,4,0.83293027,0.00000000
2.5,UTG RFI,ATs,4,0.95168800,0.00000000
2.5,UTG RFI,AJs,4,0.96967036,0.00000000
2.5,UTG RFI,AQs,4,0.98382790,0.00000000
2.5,UTG RFI,AKs,4,0.99174800,0.00000000
2.5,UTG RFI,32o,12,0.00167198,0.00000000
2.5,UTG RFI,42o,12,0.00198966,0.00000000
2.5,UTG RFI,43o,12,0.00214582,0.00000000
2.5,UTG RFI,52o,12,0.00194894,0.00000000
2.5,UTG RFI,53o,12,0.00230219,0.00000000
2.5,UTG RFI,54o,12,0.00267577,0.00000000
2.5,UTG RFI,62o,12,0.00197160,0.00000000
2.5,UTG RFI,63o,12,0.00227941,0.00000000
2.5,UTG RFI,64o,12,0.00259207,0.00000000
2.5,UTG RFI,65o,12,0.00273130,0.00000000
2.5,UTG RFI,72o,12,0.00194344,0.00000000
2.5,UTG RFI,73o,12,0.00223724,0.00000000
2.5,UTG RFI,74o,12,0.00249461,0.00000000
2.5,UTG RFI,75o,12,0.00307696,0.00000000
2.5,UTG RFI,76o,12,0.00313365,0.00000000
2.5,UTG RFI,82o,12,0.00223147,0.00000000
2.5,UTG RFI,83o,12,0.00232826,0.00000000
2.5,UTG RFI,84o,12,0.00265630,0.00000000
2.5,UTG RFI,85o,12,0.00291530,0.00000000
2.5,UTG RFI,86o,12,0.00325339,0.00000000
2.5,UTG RFI,87o,12,0.00409745,0.00000000
2.5,UTG RFI,92o,12,0.00269578,0.00000000
2.5,UTG RFI,93o,12,0.00270374,0.00000000
2.5,UTG RFI,94o,12,0.00294278,0.00000000
2.5,UTG RFI,95o,12,0.00307278,0.00000000
2.5,UTG RFI,96o,12,0.00350331,0.00000000
2.5,UTG RFI,97o,12,0.00395583,0.00000000
2.5,UTG RFI,98o,12,0.00501341,0.00000000
2.5,UTG RFI,T2o,12,0.00280666,0.00000000
2.5,UTG RFI,T3o,12,0.00296860,0.00000000
2.5,UTG RFI,T4o,12,0.00310586,0.00000000
2.5,UTG RFI,T5o,12,0.00326034,0.00000000
2.5,UTG RFI,T6o,12,0.00382651,0.00000000
2.5,UTG RFI,T7o,12,0.00473133,0.00000000
2.5,UTG RFI,T8o,12,0.00564479,0.00000000
2.5,UTG RFI,T9o,12,0.00704733,0.00000000
2.5,UTG RFI,J2o,12,0.00321007,0.00000000
2.5,UTG RFI,J3o,12,0.00342805,0.00000000
2.5,UTG RFI,J4o,12,0.00371355,0.00000000
2.5,UTG RFI,J5o,12,0.00400025,0.00000000
2.5,UTG RFI,J6o,12,0.00421300,0.00000000
2.5,UTG RFI,J7o,12,0.00489517,0.00000000
2.5,UTG RFI,J8o,12,0.00633945,0.00000000
2.5,UTG RFI,J9o,12,0.00792189,0.00000000
2.5,UTG RFI,JTo,12,0.01374135,0.00000000
2.5,UTG RFI,Q2o,12,0.00385588,0.00000000
2.5,UTG RFI,Q3o,12,0.00437827,0.00000000
2.5,UTG RFI,Q4o,12,0.00457559,0.00000000
2.5,UTG RFI,Q5o,12,0.00519478,0.00000000
2.5,UTG RFI,Q6o,12,0.00511282,0.00000000
2.5,UTG RFI,Q7o,12,0.00603622,0.00000000
2.5,UTG RFI,Q8o,12,0.00742454,0.00000000
2.5,UTG RFI,Q9o,12,0.01033295,0.00000000
2.5,UTG RFI,QTo,12,0.01703729,0.00000000
2.5,UTG RFI,QJo,12,0.02347884,0.00000000
2.5,UTG RFI,K2o,12,0.00520660,0.00000000
2.5,UTG RFI,K3o,12,0.00602325,0.00000000
2.5,UTG RFI,K4o,12,0.00677809,0.00000000
2.5,UTG RFI,K5o,12,0.00681531,0.00000000
2.5,UTG RFI,K6o,12,0.00784757,0.00000000
2.5,UTG RFI,K7o,12,0.00875226,0.00000000
2.5,UTG RFI,K8o,12,0.01035454,0.00000000
2.5,UTG RFI,K9o,12,0.01693980,0.00000000
2.5,UTG RFI,KTo,12,0.03100475,0.00000000
2.5,UTG RFI,KJo,12,0.06838749,0.00000000
2.5,UTG RFI,KQo,12,0.77173644,0.00000000
2.5,UTG RFI,A2o,12,0.00906635,0.00000000
2.5,UTG RFI,A3o,12,0.01114164,0.00000000
2.5,UTG RFI,A4o,12,0.01213507,0.00000000
2.5,UTG RFI,A5o,12,0.01500875,0.00000000
2.5,UTG RFI,A6o,12,0.01458786,0.00000000
2.5,UTG RFI,A7o,12,0.01895223,0.00000000
2.5,UTG RFI,A8o,12,0.03025135,0.00000000
2.5,UTG RFI,A9o,12,0.04799517,0.00000000
2.5,UTG RFI,ATo,12,0.93300210,0.00000000
2.5,UTG RFI,AJo,12,0.97299856,0.00000000
2.5,UTG RFI,AQo,12,0.98489850,0.00000000
2.5,UTG RFI,AKo,12,0.99397063,0.00000000
2.5,HJ RFI,22,6,0.01185118,0.00000000
2.5,HJ RFI,33,6,0.02077997,0.00000000
2.5,HJ RFI,44,6,0.02969141,0.00000000
2.5,HJ RFI,55,6,0.12028610,0.00000000
2.5,HJ RFI,66,6,0.89324206,0.00000000
2.5,HJ RFI,77,6,0.95857525,0.00000000
2.5,HJ RFI,88,6,0.97123194,0.00000000
2.5,HJ RFI,99,6,0.98108786,0.00000000
2.5,HJ RFI,TT,6,0.98900220,0.00000000
2.5,HJ RFI,JJ,6,0.99235570,0.00000000
2.5,HJ RFI,QQ,6,0.99472770,0.00000000
2.5,HJ RFI,KK,6,0.99745050,0.00000000
2.5,HJ RFI,AA,6,0.99972950,0.00000000
2.5,HJ RFI,32s,4,0.00400603,0.00000000
2.5,HJ RFI,42s,4,0.00374060,0.00000000
2.5,HJ RFI,43s,4,0.00514825,0.00000000
2.5,HJ RFI,52s,4,0.00519171,0.00000000
2.5,HJ RFI,53s,4,0.00602289,0.00000000
2.5,HJ RFI,54s,4,0.00579571,0.00000000
2.5,HJ RFI,62s,4,0.00442991,0.00000000
2.5,HJ RFI,63s,4,0.00530492,0.00000000
2.5,HJ RFI,64s,4,0.00653851,0.00000000
2.5,HJ RFI,65s,4,0.00740201,0.00000000
2.5,HJ RFI,72s,4,0.00511723,0.00000000
2.5,HJ RFI,73s,4,0.00543225,0.00000000
2.5,HJ RFI,74s,4,0.00713166,0.00000000
2.5,HJ RFI,75s,4,0.00756106,0.00000000
2.5,HJ RFI,76s,4,0.00845708,0.00000000
2.5,HJ RFI,82s,4,0.00570521,0.00000000
2.5,HJ RFI,83s,4,0.00574019,0.00000000
2.5,HJ RFI,84s,4,0.00609012,0.00000000
2.5,HJ RFI,85s,4,0.00711122,0.00000000
2.5,HJ RFI,86s,4,0.00958670,0.00000000
2.5,HJ RFI,87s,4,0.01112294,0.00000000
2.5,HJ RFI,92s,4,0.00672964,0.00000000
2.5,HJ RFI,93s,4,0.00593357,0.00000000
2.5,HJ RFI,94s,4,0.00739457,0.00000000
2.5,HJ RFI,95s,4,0.00728587,0.00000000
2.5,HJ RFI,96s,4,0.01093635,0.00000000
2.5,HJ RFI,97s,4,0.01222180,0.00000000
2.5,HJ RFI,98s,4,0.01505604,0.00000000
2.5,HJ RFI,T2s,4,0.00751098,0.00000000
2.5,HJ RFI,T3s,4,0.00801425,0.00000000
2.5,HJ RFI,T4s,4,0.00849167,0.00000000
2.5,HJ RFI,T5s,4,0.00916880,0.00000000
2.5,HJ RFI,T6s,4,0.01026024,0.00000000
2.5,HJ RFI,T7s,4,0.01300281,0.00000000
2.5,HJ RFI,T8s,4,0.02019660,0.00000000
2.5,HJ RFI,T9s,4,0.02782877,0.00000000
2.5,HJ RFI,J2s,4,0.00956545,0.00000000
2.5,HJ RFI,J3s,4,0.00852198,0.00000000
2.5,HJ RFI,J4s,4,0.01026662,0.00000000
2.5,HJ RFI,J5s,4,0.01093012,0.00000000
2.5,HJ RFI,J6s,4,0.01176573,0.00000000
2.5,HJ RFI,J7s,4,0.01831672,0.00000000
2.5,HJ RFI,J8s,4,0.01863088,0.00000000
2.5,HJ RFI,J9s,4,0.02877921,0.00000000
2.5,HJ RFI,JTs,4,0.07649327,0.00000000
2.5,HJ RFI,Q2s,4,0.01164097,0.00000000
2.5,HJ RFI,Q3s,4,0.01289119,0.00000000
2.5,HJ RFI,Q4s,4,0.01409750,0.00000000
2.5,HJ RFI,Q5s,4,0.01782073,0.00000000
2.5,HJ RFI,Q6s,4,0.01589204,0.00000000
2.5,HJ RFI,Q7s,4,0.01854779,0.00000000
2.5,HJ RFI,Q8s,4,0.02549851,0.00000000
2.5,HJ RFI,Q9s,4,0.03977356,0.00000000
2.5,HJ RFI,QTs,4,0.27141055,0.00000000
2.5,HJ RFI,QJs,4,0.86119115,0.00000000
2.5,HJ RFI,K2s,4,0.01545778,0.00000000
2.5,HJ RFI,K3s,4,0.01854609,0.00000000
2.5,HJ RFI,K4s,4,0.02955284,0.00000000
2.5,HJ RFI,K5s,4,0.02170042,0.00000000
2.5,HJ RFI,K6s,4,0.02984865,0.00000000
2.5,HJ RFI,K7s,4,0.04517305,0.00000000
2.5,HJ RFI,K8s,4,0.04658415,0.00000000
2.5,HJ RFI,K9s,4,0.19550687,0.00000000
2.5,HJ RFI,KTs,4,0.78909093,0.00000000
2.5,HJ RFI,KJs,4,0.92120570,0.00000000
2.5,HJ RFI,KQs,4,0.95752530,0.00000000
2.5,HJ RFI,A2s,4,0.04397320,0.00000000
2.5,HJ RFI,A3s,4,0.05538570,0.00000000
2.5,HJ RFI,A4s,4,0.06254952,0.00000000
2.5,HJ RFI,A5s,4,0.16340890,0.00000000
2.5,HJ RFI,A6s,4,0.23180150,0.00000000
2.5,HJ RFI,A7s,4,0.44986764,0.00000000
2.5,HJ RFI,A8s,4,0.86626184,0.00000000
2.5,HJ RFI,A9s,4,0.92665050,0.00000000
2.5,HJ RFI,ATs,4,0.95837540,0.00000000
2.5,HJ RFI,AJs,4,0.97030574,0.00000000
2.5,HJ RFI,AQs,4,0.98182050,0.00000000
2.5,HJ RFI,AKs,4,0.99255890,0.00000000
2.5,HJ RFI,32o,12,0.00180817,0.00000000
2.5,HJ RFI,42o,12,0.00188956,0.00000000
2.5,HJ RFI,43o,12,0.00239036,0.00000000
2.5,HJ RFI,52o,12,0.00206118,0.00000000
2.5,HJ RFI,53o,12,0.00249225,0.00000000
2.5,HJ RFI,54o,12,0.00269035,0.00000000
2.5,HJ RFI,62o,12,0.00221680,0.00000000
2.5,HJ RFI,63o,12,0.00237441,0.00000000
2.5,HJ RFI,64o,12,0.00273888,0.00000000
2.5,HJ RFI,65o,12,0.00294472,0.00000000
2.5,HJ RFI,72o,12,0.00240350,0.00000000
2.5,HJ RFI,73o,12,0.00254466,0.00000000
2.5,HJ RFI,74o,12,0.00274552,0.00000000
2.5,HJ RFI,75o,12,0.00319709,0.00000000
2.5,HJ RFI,76o,12,0.00356016,0.00000000
2.5,HJ RFI,82o,12,0.00274668,0.00000000
2.5,HJ RFI,83o,12,0.00283215,0.00000000
2.5,HJ RFI,84o,12,0.00299819,0.00000000
2.5,HJ RFI,85o,12,0.00333508,0.00000000
2.5,HJ RFI,86o,12,0.00383326,0.00000000
2.5,HJ RFI,87o,12,0.00438378,0.00000000
2.5,HJ RFI,92o,12,0.00289070,0.00000000
2.5,HJ RFI,93o,12,0.00322223,0.00000000
2.5,HJ RFI,94o,12,0.00337436,0.00000000
2.5,HJ RFI,95o,12,0.00365209,0.00000000
2.5,HJ RFI,96o,12,0.00434930,0.00000000
2.5,HJ RFI,97o,12,0.00472172,0.00000000
2.5,HJ RFI,98o,12,0.00574511,0.00000000
2.5,HJ RFI,T2o,12,0.00343982,0.00000000
2.5,HJ RFI,T3o,12,0.00358797,0.00000000
2.5,HJ RFI,T4o,12,0.00406693,0.00000000
2.5,HJ RFI,T5o,12,0.00409578,0.00000000
2.5,HJ RFI,T6o,12,0.00451869,0.00000000
2.5,HJ RFI,T7o,12,0.00563257,0.00000000
2.5,HJ RFI,T8o,12,0.00656348,0.00000000
2.5,HJ RFI,T9o,12,0.00843284,0.00000000
2.5,HJ RFI,J2o,12,0.00374611,0.00000000
2.5,HJ RFI,J3o,12,0.00438669,0.00000000
2.5,HJ RFI,J4o,12,0.00465873,0.00000000
2.5,HJ RFI,J5o,12,0.00489716,0.00000000
2.5,HJ RFI,J6o,12,0.00523361,0.00000000
2.5,HJ RFI,J7o,12,0.00613318,0.00000000
2.5,HJ RFI,J8o,12,0.00716379,0.00000000
2.5,HJ RFI,J9o,12,0.01019235,0.00000000
2.5,HJ RFI,JTo,12,0.01718987,0.00000000
2.5,HJ RFI,Q2o,12,0.00510778,0.00000000
2.5,HJ RFI,Q3o,12,0.00508536,0.00000000
2.5,HJ RFI,Q4o,12,0.00561739,0.00000000
2.5,HJ RFI,Q5o,12,0.00637375,0.00000000
2.5,HJ RFI,Q6o,12,0.00679571,0.00000000
2.5,HJ RFI,Q7o,12,0.00838176,0.00000000
2.5,HJ RFI,Q8o,12,0.00993788,0.00000000
2.5,HJ RFI,Q9o,12,0.01545390,0.00000000
2.5,HJ RFI,QTo,12,0.02891997,0.00000000
2.5,HJ RFI,QJo,12,0.03359347,0.00000000
2.5,HJ RFI,K2o,12,0.00646565,0.00000000
2.5,HJ RFI,K3o,12,0.00681917,0.00000000
2.5,HJ RFI,K4o,12,0.00842653,0.00000000
2.5,HJ RFI,K5o,12,0.00932378,0.00000000
2.5,HJ RFI,K6o,12,0.01030657,0.00000000
2.5,HJ RFI,K7o,12,0.01261028,0.00000000
2.5,HJ RFI,K8o,12,0.01575993,0.00000000
2.5,HJ RFI,K9o,12,0.01998094,0.00000000
2.5,HJ RFI,KTo,12,0.05530704,0.00000000
2.5,HJ RFI,KJo,12,0.17995083,0.00000000
2.5,HJ RFI,KQo,12,0.94842650,0.00000000
2.5,HJ RFI,A2o,12,0.01378325,0.00000000
2.5,HJ RFI,A3o,12,0.01591598,0.00000000
2.5,HJ RFI,A4o,12,0.02566285,0.00000000
2.5,HJ RFI,A5o,12,0.02617992,0.00000000
2.5,HJ RFI,A6o,12,0.02577217,0.00000000
2.5,HJ RFI,A7o,12,0.04094724,0.00000000
2.5,HJ RFI,A8o,12,0.07194123,0.00000000
2.5,HJ RFI,A9o,12,0.32792422,0.00000000
2.5,HJ RFI,ATo,12,0.95722530,0.00000000
2.5,HJ RFI,AJo,12,0.97898525,0.00000000
2.5,HJ RFI,AQo,12,0.98544390,0.00000000
2.5,HJ RFI,AKo,12,0.99352590,0.00000000
2.5,CO RFI,22,6,0.01281880,0.00000000
2.5,CO RFI,33,6,0.02342502,0.00000000
2.5,CO RFI,44,6,0.04713525,0.00000000
2.5,CO RFI,55,6,0.42914155,0.00000000
2.5,CO RFI,66,6,0.88189596,0.00000000
2.5,CO RFI,77,6,0.95577190,0.00000000
2.5,CO RFI,88,6,0.97404160,0.00000000
2.5,CO RFI,99,6,0.98261620,0.00000000
2.5,CO RFI,TT,6,0.98985803,0.00000000
2.5,CO RFI,JJ,6,0.99245740,0.00000000
2.5,CO RFI,QQ,6,0.99513030,0.00000000
2.5,CO RFI,KK,6,0.99719420,0.00000000
2.5,CO RFI,AA,6,0.99971510,0.00000000
2.5,CO RFI,32s,4,0.00389462,0.00000000
2.5,CO RFI,42s,4,0.00430699,0.00000000
2.5,CO RFI,43s,4,0.00544051,0.00000000
2.5,CO RFI,52s,4,0.00482747,0.00000000
2.5,CO RFI,53s,4,0.00564395,0.00000000
2.5,CO RFI,54s,4,0.00668724,0.00000000
2.5,CO RFI,62s,4,0.00484334,0.00000000
2.5,CO RFI,63s,4,0.00520495,0.00000000
2.5,CO RFI,64s,4,0.00653235,0.00000000
2.5,CO RFI,65s,4,0.00776309,0.00000000
2.5,CO RFI,72s,4,0.00565041,0.00000000
2.5,CO RFI,73s,4,0.00521184,0.00000000
2.5,CO RFI,74s,4,0.00709632,0.00000000
2.5,CO RFI,75s,4,0.00771790,0.00000000
2.5,CO RFI,76s,4,0.00988296,0.00000000
2.5,CO RFI,82s,4,0.00537748,0.00000000
2.5,CO RFI,83s,4,0.00714489,0.00000000
2.5,CO RFI,84s,4,0.00762382,0.00000000
2.5,CO RFI,85s,4,0.00789896,0.00000000
2.5,CO RFI,86s,4,0.01165366,0.00000000
2.5,CO RFI,87s,4,0.01390430,0.00000000
2.5,CO RFI,92s,4,0.00654816,0.00000000
2.5,CO RFI,93s,4,0.00773197,0.00000000
2.5,CO RFI,94s,4,0.00777403,0.00000000
2.5,CO RFI,95s,4,0.00990013,0.00000000
2.5,CO RFI,96s,4,0.01125569,0.00000000
2.5,CO RFI,97s,4,0.01468443,0.00000000
2.5,CO RFI,98s,4,0.02154366,0.00000000
2.5,CO RFI,T2s,4,0.00815119,0.00000000
2.5,CO RFI,T3s,4,0.01015219,0.00000000
2.5,CO RFI,T4s,4,0.01027721,0.00000000
2.5,CO RFI,T5s,4,0.01106713,0.00000000
2.5,CO RFI,T6s,4,0.01217955,0.00000000
2.5,CO RFI,T7s,4,0.01652185,0.00000000
2.5,CO RFI,T8s,4,0.02536379,0.00000000
2.5,CO RFI,T9s,4,0.04025017,0.00000000
2.5,CO RFI,J2s,4,0.01172955,0.00000000
2.5,CO RFI,J3s,4,0.01217058,0.00000000
2.5,CO RFI,J4s,4,0.01260711,0.00000000
2.5,CO RFI,J5s,4,0.01357184,0.00000000
2.5,CO RFI,J6s,4,0.01680498,0.00000000
2.5,CO RFI,J7s,4,0.02212860,0.00000000
2.5,CO RFI,J8s,4,0.02952811,0.00000000
2.5,CO RFI,J9s,4,0.03721311,0.00000000
2.5,CO RFI,JTs,4,0.16812736,0.00000000
2.5,CO RFI,Q2s,4,0.01300360,0.00000000
2.5,CO RFI,Q3s,4,0.01527534,0.00000000
2.5,CO RFI,Q4s,4,0.01850009,0.00000000
2.5,CO RFI,Q5s,4,0.01993646,0.00000000
2.5,CO RFI,Q6s,4,0.02101357,0.00000000
2.5,CO RFI,Q7s,4,0.03026788,0.00000000
2.5,CO RFI,Q8s,4,0.05599756,0.00000000
2.5,CO RFI,Q9s,4,0.12079989,0.00000000
2.5,CO RFI,QTs,4,0.59809440,0.00000000
2.5,CO RFI,QJs,4,0.80627066,0.00000000
2.5,CO RFI,K2s,4,0.02282947,0.00000000
2.5,CO RFI,K3s,4,0.02251493,0.00000000
2.5,CO RFI,K4s,4,0.03123927,0.00000000
2.5,CO RFI,K5s,4,0.03604738,0.00000000
2.5,CO RFI,K6s,4,0.05061556,0.00000000
2.5,CO RFI,K7s,4,0.05120190,0.00000000
2.5,CO RFI,K8s,4,0.08834565,0.00000000
2.5,CO RFI,K9s,4,0.60094440,0.00000000
2.5,CO RFI,KTs,4,0.94137290,0.00000000
2.5,CO RFI,KJs,4,0.95260650,0.00000000
2.5,CO RFI,KQs,4,0.96481060,0.00000000
2.5,CO RFI,A2s,4,0.08457438,0.00000000
2.5,CO RFI,A3s,4,0.12744896,0.00000000
2.5,CO RFI,A4s,4,0.23338073,0.00000000
2.5,CO RFI,A5s,4,0.80698840,0.00000000
2.5,CO RFI,A6s,4,0.79206806,0.00000000
2.5,CO RFI,A7s,4,0.79155976,0.00000000
2.5,CO RFI,A8s,4,0.92453355,0.00000000
2.5,CO RFI,A9s,4,0.92580104,0.00000000
2.5,CO RFI,ATs,4,0.96712970,0.00000000
2.5,CO RFI,AJs,4,0.97445240,0.00000000
2.5,CO RFI,AQs,4,0.98473590,0.00000000
2.5,CO RFI,AKs,4,0.99165750,0.00000000
2.5,CO RFI,32o,12,0.00194516,0.00000000
2.5,CO RFI,42o,12,0.00194747,0.00000000
2.5,CO RFI,43o,12,0.00239148,0.00000000
2.5,CO RFI,52o,12,0.00224456,0.00000000
2.5,CO RFI,53o,12,0.00253960,0.00000000
2.5,CO RFI,54o,12,0.00286406,0.00000000
2.5,CO RFI,62o,12,0.00232946,0.00000000
2.5,CO RFI,63o,12,0.00262339,0.00000000
2.5,CO RFI,64o,12,0.00272067,0.00000000
2.5,CO RFI,65o,12,0.00352310,0.00000000
2.5,CO RFI,72o,12,0.00235759,0.00000000
2.5,CO RFI,73o,12,0.00264613,0.00000000
2.5,CO RFI,74o,12,0.00305676,0.00000000
2.5,CO RFI,75o,12,0.00380106,0.00000000
2.5,CO RFI,76o,12,0.00430038,0.00000000
2.5,CO RFI,82o,12,0.00288276,0.00000000
2.5,CO RFI,83o,12,0.00287607,0.00000000
2.5,CO RFI,84o,12,0.00349945,0.00000000
2.5,CO RFI,85o,12,0.00411019,0.00000000
2.5,CO RFI,86o,12,0.00461938,0.00000000
2.5,CO RFI,87o,12,0.00593610,0.00000000
2.5,CO RFI,92o,12,0.00338057,0.00000000
2.5,CO RFI,93o,12,0.00357568,0.00000000
2.5,CO RFI,94o,12,0.00377115,0.00000000
2.5,CO RFI,95o,12,0.00433594,0.00000000
2.5,CO RFI,96o,12,0.00509934,0.00000000
2.5,CO RFI,97o,12,0.00553720,0.00000000
2.5,CO RFI,98o,12,0.00772645,0.00000000
2.5,CO RFI,T2o,12,0.00425564,0.00000000
2.5,CO RFI,T3o,12,0.00414891,0.00000000
2.5,CO RFI,T4o,12,0.00463496,0.00000000
2.5,CO RFI,T5o,12,0.00485879,0.00000000
2.5,CO RFI,T6o,12,0.00547040,0.00000000
2.5,CO RFI,T7o,12,0.00643506,0.00000000
2.5,CO RFI,T8o,12,0.00898599,0.00000000
2.5,CO RFI,T9o,12,0.00992708,0.00000000
2.5,CO RFI,J2o,12,0.00477761,0.00000000
2.5,CO RFI,J3o,12,0.00569929,0.00000000
2.5,CO RFI,J4o,12,0.00591988,0.00000000
2.5,CO RFI,J5o,12,0.00629384,0.00000000
2.5,CO RFI,J6o,12,0.00719143,0.00000000
2.5,CO RFI,J7o,12,0.00824346,0.00000000
2.5,CO RFI,J8o,12,0.01016142,0.00000000
2.5,CO RFI,J9o,12,0.01339387,0.00000000
2.5,CO RFI,JTo,12,0.02236626,0.00000000
2.5,CO RFI,Q2o,12,0.00671252,0.00000000
2.5,CO RFI,Q3o,12,0.00701091,0.00000000
2.5,CO RFI,Q4o,12,0.00800953,0.00000000
2.5,CO RFI,Q5o,12,0.00883485,0.00000000
2.5,CO RFI,Q6o,12,0.01023852,0.00000000
2.5,CO RFI,Q7o,12,0.01026056,0.00000000
2.5,CO RFI,Q8o,12,0.01444205,0.00000000
2.5,CO RFI,Q9o,12,0.01970729,0.00000000
2.5,CO RFI,QTo,12,0.05144472,0.00000000
2.5,CO RFI,QJo,12,0.06889216,0.00000000
2.5,CO RFI,K2o,12,0.00966045,0.00000000
2.5,CO RFI,K3o,12,0.01102686,0.00000000
2.5,CO RFI,K4o,12,0.01124100,0.00000000
2.5,CO RFI,K5o,12,0.01356404,0.00000000
2.5,CO RFI,K6o,12,0.01626123,0.00000000
2.5,CO RFI,K7o,12,0.01783973,0.00000000
2.5,CO RFI,K8o,12,0.02131035,0.00000000
2.5,CO RFI,K9o,12,0.04038820,0.00000000
2.5,CO RFI,KTo,12,0.31321755,0.00000000
2.5,CO RFI,KJo,12,0.89384330,0.00000000
2.5,CO RFI,KQo,12,0.96123400,0.00000000
2.5,CO RFI,A2o,12,0.02072610,0.00000000
2.5,CO RFI,A3o,12,0.02798661,0.00000000
2.5,CO RFI,A4o,12,0.03690068,0.00000000
2.5,CO RFI,A5o,12,0.06417304,0.00000000
2.5,CO RFI,A6o,12,0.08917259,0.00000000
2.5,CO RFI,A7o,12,0.21229458,0.00000000
2.5,CO RFI,A8o,12,0.82719330,0.00000000
2.5,CO RFI,A9o,12,0.92900175,0.00000000
2.5,CO RFI,ATo,12,0.97214454,0.00000000
2.5,CO RFI,AJo,12,0.97403720,0.00000000
2.5,CO RFI,AQo,12,0.98686710,0.00000000
2.5,CO RFI,AKo,12,0.99409306,0.00000000
2.5,BTN RFI,22,6,0.01786257,0.00000000
2.5,BTN RFI,33,6,0.04199374,0.00000000
2.5,BTN RFI,44,6,0.25367510,0.00000000
2.5,BTN RFI,55,6,0.91456705,0.00000000
2.5,BTN RFI,66,6,0.94935846,0.00000000
2.5,BTN RFI,77,6,0.96971613,0.00000000
2.5,BTN RFI,88,6,0.97315360,0.00000000
2.5,BTN RFI,99,6,0.98657525,0.00000000
2.5,BTN RFI,TT,6,0.99108400,0.00000000
2.5,BTN RFI,JJ,6,0.99441576,0.00000000
2.5,BTN RFI,QQ,6,0.99519630,0.00000000
2.5,BTN RFI,KK,6,0.99734690,0.00000000
2.5,BTN RFI,AA,6,0.99974227,0.00000000
2.5,BTN RFI,32s,4,0.00437235,0.00000000
2.5,BTN RFI,42s,4,0.00489192,0.00000000
2.5,BTN RFI,43s,4,0.00589088,0.00000000
2.5,BTN RFI,52s,4,0.00526719,0.00000000
2.5,BTN RFI,53s,4,0.00590944,0.00000000
2.5,BTN RFI,54s,4,0.00729015,0.00000000
2.5,BTN RFI,62s,4,0.00504818,0.00000000
2.5,BTN RFI,63s,4,0.00718538,0.00000000
2.5,BTN RFI,64s,4,0.00817973,0.00000000
2.5,BTN RFI,65s,4,0.01023155,0.00000000
2.5,BTN RFI,72s,4,0.00533339,0.00000000
2.5,BTN RFI,73s,4,0.00614801,0.00000000
2.5,BTN RFI,74s,4,0.00828410,0.00000000
2.5,BTN RFI,75s,4,0.01005276,0.00000000
2.5,BTN RFI,76s,4,0.01192816,0.00000000
2.5,BTN RFI,82s,4,0.00645401,0.00000000
2.5,BTN RFI,83s,4,0.00774855,0.00000000
2.5,BTN RFI,84s,4,0.00879776,0.00000000
2.5,BTN RFI,85s,4,0.01213518,0.00000000
2.5,BTN RFI,86s,4,0.01308871,0.00000000
2.5,BTN RFI,87s,4,0.01730184,0.00000000
2.5,BTN RFI,92s,4,0.00922196,0.00000000
2.5,BTN RFI,93s,4,0.00904395,0.00000000
2.5,BTN RFI,94s,4,0.01039216,0.00000000
2.5,BTN RFI,95s,4,0.01202810,0.00000000
2.5,BTN RFI,96s,4,0.01458502,0.00000000
2.5,BTN RFI,97s,4,0.02031849,0.00000000
2.5,BTN RFI,98s,4,0.02597911,0.00000000
2.5,BTN RFI,T2s,4,0.01073841,0.00000000
2.5,BTN RFI,T3s,4,0.01199841,0.00000000
2.5,BTN RFI,T4s,4,0.01207070,0.00000000
2.5,BTN RFI,T5s,4,0.01554565,0.00000000
2.5,BTN RFI,T6s,4,0.01803500,0.00000000
2.5,BTN RFI,T7s,4,0.02592114,0.00000000
2.5,BTN RFI,T8s,4,0.03188381,0.00000000
2.5,BTN RFI,T9s,4,0.05879078,0.00000000
2.5,BTN RFI,J2s,4,0.01428029,0.00000000
2.5,BTN RFI,J3s,4,0.01642514,0.00000000
2.5,BTN RFI,J4s,4,0.01846729,0.00000000
2.5,BTN RFI,J5s,4,0.02019094,0.00000000
2.5,BTN RFI,J6s,4,0.02197014,0.00000000
2.5,BTN RFI,J7s,4,0.03449956,0.00000000
2.5,BTN RFI,J8s,4,0.03978042,0.00000000
2.5,BTN RFI,J9s,4,0.08330388,0.00000000
2.5,BTN RFI,JTs,4,0.71118075,0.00000000
2.5,BTN RFI,Q2s,4,0.02104241,0.00000000
2.5,BTN RFI,Q3s,4,0.02518050,0.00000000
2.5,BTN RFI,Q4s,4,0.02917210,0.00000000
2.5,BTN RFI,Q5s,4,0.03234385,0.00000000
2.5,BTN RFI,Q6s,4,0.04595345,0.00000000
2.5,BTN RFI,Q7s,4,0.04721367,0.00000000
2.5,BTN RFI,Q8s,4,0.09615153,0.00000000
2.5,BTN RFI,Q9s,4,0.33349985,0.00000000
2.5,BTN RFI,QTs,4,0.84249040,0.00000000
2.5,BTN RFI,QJs,4,0.91756000,0.00000000
2.5,BTN RFI,K2s,4,0.03552905,0.00000000
2.5,BTN RFI,K3s,4,0.04496843,0.00000000
2.5,BTN RFI,K4s,4,0.06025556,0.00000000
2.5,BTN RFI,K5s,4,0.07837655,0.00000000
2.5,BTN RFI,K6s,4,0.07233200,0.00000000
2.5,BTN RFI,K7s,4,0.13196354,0.00000000
2.5,BTN RFI,K8s,4,0.57377500,0.00000000
2.5,BTN RFI,K9s,4,0.83566266,0.00000000
2.5,BTN RFI,KTs,4,0.93770960,0.00000000
2.5,BTN RFI,KJs,4,0.95191520,0.00000000
2.5,BTN RFI,KQs,4,0.97027930,0.00000000
2.5,BTN RFI,A2s,4,0.45448992,0.00000000
2.5,BTN RFI,A3s,4,0.78951660,0.00000000
2.5,BTN RFI,A4s,4,0.90199250,0.00000000
2.5,BTN RFI,A5s,4,0.87612520,0.00000000
2.5,BTN RFI,A6s,4,0.92081547,0.00000000
2.5,BTN RFI,A7s,4,0.94001675,0.00000000
2.5,BTN RFI,A8s,4,0.95219886,0.00000000
2.5,BTN RFI,A9s,4,0.95946485,0.00000000
2.5,BTN RFI,ATs,4,0.97123190,0.00000000
2.5,BTN RFI,AJs,4,0.98089310,0.00000000
2.5,BTN RFI,AQs,4,0.98467470,0.00000000
2.5,BTN RFI,AKs,4,0.99390304,0.00000000
2.5,BTN RFI,32o,12,0.00200395,0.00000000
2.5,BTN RFI,42o,12,0.00218057,0.00000000
2.5,BTN RFI,43o,12,0.00235477,0.00000000
2.5,BTN RFI,52o,12,0.00231817,0.00000000
2.5,BTN RFI,53o,12,0.00277677,0.00000000
2.5,BTN RFI,54o,12,0.00334546,0.00000000
2.5,BTN RFI,62o,12,0.00237236,0.00000000
2.5,BTN RFI,63o,12,0.00265218,0.00000000
2.5,BTN RFI,64o,12,0.00320007,0.00000000
2.5,BTN RFI,65o,12,0.00388618,0.00000000
2.5,BTN RFI,72o,12,0.00262607,0.00000000
2.5,BTN RFI,73o,12,0.00309491,0.00000000
2.5,BTN RFI,74o,12,0.00380298,0.00000000
2.5,BTN RFI,75o,12,0.00423421,0.00000000
2.5,BTN RFI,76o,12,0.00505801,0.00000000
2.5,BTN RFI,82o,12,0.00325896,0.00000000
2.5,BTN RFI,83o,12,0.00327714,0.00000000
2.5,BTN RFI,84o,12,0.00413910,0.00000000
2.5,BTN RFI,85o,12,0.00529229,0.00000000
2.5,BTN RFI,86o,12,0.00557020,0.00000000
2.5,BTN RFI,87o,12,0.00659296,0.00000000
2.5,BTN RFI,92o,12,0.00370269,0.00000000
2.5,BTN RFI,93o,12,0.00407994,0.00000000
2.5,BTN RFI,94o,12,0.00452693,0.00000000
2.5,BTN RFI,95o,12,0.00519463,0.00000000
2.5,BTN RFI,96o,12,0.00634199,0.00000000
2.5,BTN RFI,97o,12,0.00786810,0.00000000
2.5,BTN RFI,98o,12,0.00952649,0.00000000
2.5,BTN RFI,T2o,12,0.00507858,0.00000000
2.5,BTN RFI,T3o,12,0.00563788,0.00000000
2.5,BTN RFI,T4o,12,0.00587183,0.00000000
2.5,BTN RFI,T5o,12,0.00668375,0.00000000
2.5,BTN RFI,T6o,12,0.00782001,0.00000000
2.5,BTN RFI,T7o,12,0.00924165,0.00000000
2.5,BTN RFI,T8o,12,0.01264578,0.00000000
2.5,BTN RFI,T9o,12,0.01522658,0.00000000
2.5,BTN RFI,J2o,12,0.00702477,0.00000000
2.5,BTN RFI,J3o,12,0.00709054,0.00000000
2.5,BTN RFI,J4o,12,0.00781372,0.00000000
2.5,BTN RFI,J5o,12,0.00824534,0.00000000
2.5,BTN RFI,J6o,12,0.00972079,0.00000000
2.5,BTN RFI,J7o,12,0.01191653,0.00000000
2.5,BTN RFI,J8o,12,0.01427392,0.00000000
2.5,BTN RFI,J9o,12,0.02349759,0.00000000
2.5,BTN RFI,JTo,12,0.03931828,0.00000000
2.5,BTN RFI,Q2o,12,0.00797847,0.00000000
2.5,BTN RFI,Q3o,12,0.00996850,0.00000000
2.5,BTN RFI,Q4o,12,0.01104678,0.00000000
2.5,BTN RFI,Q5o,12,0.01221897,0.00000000
2.5,BTN RFI,Q6o,12,0.01540388,0.00000000
2.5,BTN RFI,Q7o,12,0.01604307,0.00000000
2.5,BTN RFI,Q8o,12,0.02388412,0.00000000
2.5,BTN RFI,Q9o,12,0.04211110,0.00000000
2.5,BTN RFI,QTo,12,0.18083957,0.00000000
2.5,BTN RFI,QJo,12,0.84012204,0.00000000
2.5,BTN RFI,K2o,12,0.01313743,0.00000000
2.5,BTN RFI,K3o,12,0.01451121,0.00000000
2.5,BTN RFI,K4o,12,0.01811267,0.00000000
2.5,BTN RFI,K5o,12,0.02167640,0.00000000
2.5,BTN RFI,K6o,12,0.02579327,0.00000000
2.5,BTN RFI,K7o,12,0.03174712,0.00000000
2.5,BTN RFI,K8o,12,0.04267280,0.00000000
2.5,BTN RFI,K9o,12,0.18253312,0.00000000
2.5,BTN RFI,KTo,12,0.93909910,0.00000000
2.5,BTN RFI,KJo,12,0.96151334,0.00000000
2.5,BTN RFI,KQo,12,0.97041850,0.00000000
2.5,BTN RFI,A2o,12,0.05258815,0.00000000
2.5,BTN RFI,A3o,12,0.07996297,0.00000000
2.5,BTN RFI,A4o,12,0.28888030,0.00000000
2.5,BTN RFI,A5o,12,0.82455844,0.00000000
2.5,BTN RFI,A6o,12,0.88469833,0.00000000
2.5,BTN RFI,A7o,12,0.93352400,0.00000000
2.5,BTN RFI,A8o,12,0.96729930,0.00000000
2.5,BTN RFI,A9o,12,0.97504735,0.00000000
2.5,BTN RFI,ATo,12,0.97511620,0.00000000
2.5,BTN RFI,AJo,12,0.98387880,0.00000000
2.5,BTN RFI,AQo,12,0.98967576,0.00000000
2.5,BTN RFI,AKo,12,0.99460710,0.00000000
2.5,SB RFI,22,6,0.04805700,0.94586736
2.5,SB RFI,33,6,0.08753625,0.90620970
2.5,SB RFI,44,6,0.44316160,0.54516980
2.5,SB RFI,55,6,0.63983660,0.34490183
2.5,SB RFI,66,6,0.55828303,0.43085290
2.5,SB RFI,77,6,0.40741760,0.58469120
2.5,SB RFI,88,6,0.89128440,0.10067327
2.5,SB RFI,99,6,0.84253895,0.15301642
2.5,SB RFI,TT,6,0.89228070,0.10434912
2.5,SB RFI,JJ,6,0.71697590,0.28109908
2.5,SB RFI,QQ,6,0.68968093,0.30909530
2.5,SB RFI,KK,6,0.86624557,0.13304381
2.5,SB RFI,AA,6,0.85599494,0.14399911
2.5,SB RFI,32s,4,0.03733666,0.09822694
2.5,SB RFI,42s,4,0.03301395,0.13839218
2.5,SB RFI,43s,4,0.03504758,0.87411830
2.5,SB RFI,52s,4,0.03091118,0.39892090
2.5,SB RFI,53s,4,0.03607739,0.92635650
2.5,SB RFI,54s,4,0.03815116,0.93089940
2.5,SB RFI,62s,4,0.04218458,0.51963717
2.5,SB RFI,63s,4,0.03107552,0.91630596
2.5,SB RFI,64s,4,0.04126241,0.92459120
2.5,SB RFI,65s,4,0.03825871,0.94545037
2.5,SB RFI,72s,4,0.02986525,0.51827060
2.5,SB RFI,73s,4,0.04037787,0.90183240
2.5,SB RFI,74s,4,0.03062236,0.94485140
2.5,SB RFI,75s,4,0.02955783,0.95240190
2.5,SB RFI,76s,4,0.03732055,0.95237380
2.5,SB RFI,82s,4,0.02995662,0.91527920
2.5,SB RFI,83s,4,0.03126810,0.91501980
2.5,SB RFI,84s,4,0.03439878,0.94441400
2.5,SB RFI,85s,4,0.03316753,0.94953180
2.5,SB RFI,86s,4,0.03513397,0.95182810
2.5,SB RFI,87s,4,0.04426495,0.94748780
2.5,SB RFI,92s,4,0.03171636,0.93664825
2.5,SB RFI,93s,4,0.03944940,0.93627090
2.5,SB RFI,94s,4,0.03839690,0.94100510
2.5,SB RFI,95s,4,0.03036574,0.95595384
2.5,SB RFI,96s,4,0.03281952,0.95719710
2.5,SB RFI,97s,4,0.04304260,0.94974905
2.5,SB RFI,98s,4,0.04256133,0.95124650
2.5,SB RFI,T2s,4,0.03477179,0.94751150
2.5,SB RFI,T3s,4,0.03262626,0.95170224
2.5,SB RFI,T4s,4,0.04493928,0.94071840
2.5,SB RFI,T5s,4,0.03241471,0.95610850
2.5,SB RFI,T6s,4,0.05241045,0.93878037
2.5,SB RFI,T7s,4,0.04145834,0.95181760
2.5,SB RFI,T8s,4,0.05091758,0.94385916
2.5,SB RFI,T9s,4,0.06040701,0.93491864
2.5,SB RFI,J2s,4,0.03936733,0.94871330
2.5,SB RFI,J3s,4,0.04406631,0.94746900
2.5,SB RFI,J4s,4,0.03990415,0.94944364
2.5,SB RFI,J5s,4,0.04313160,0.94864220
2.5,SB RFI,J6s,4,0.05309676,0.93849960
2.5,SB RFI,J7s,4,0.05945001,0.93404960
2.5,SB RFI,J8s,4,0.09738038,0.89705660
2.5,SB RFI,J9s,4,0.12726393,0.86773944
2.5,SB RFI,JTs,4,0.60233520,0.38540120
2.5,SB RFI,Q2s,4,0.04570905,0.94732230
2.5,SB RFI,Q3s,4,0.05531384,0.93812280
2.5,SB RFI,Q4s,4,0.06799402,0.92508330
2.5,SB RFI,Q5s,4,0.06227388,0.93192780
2.5,SB RFI,Q6s,4,0.12251368,0.87169963
2.5,SB RFI,Q7s,4,0.09840649,0.89665470
2.5,SB RFI,Q8s,4,0.21817465,0.77679694
2.5,SB RFI,Q9s,4,0.37898263,0.61259610
2.5,SB RFI,QTs,4,0.78888970,0.19674721
2.5,SB RFI,QJs,4,0.78436816,0.20331965
2.5,SB RFI,K2s,4,0.10058925,0.89390080
2.5,SB RFI,K3s,4,0.11803104,0.87694085
2.5,SB RFI,K4s,4,0.14567713,0.84966330
2.5,SB RFI,K5s,4,0.30222696,0.69137480
2.5,SB RFI,K6s,4,0.23642443,0.75793606
2.5,SB RFI,K7s,4,0.23112817,0.76423967
2.5,SB RFI,K8s,4,0.54322046,0.45046705
2.5,SB RFI,K9s,4,0.65790810,0.33440265
2.5,SB RFI,KTs,4,0.83287615,0.15406974
2.5,SB RFI,KJs,4,0.80017960,0.18751675
2.5,SB RFI,KQs,4,0.77860010,0.21231657
2.5,SB RFI,A2s,4,0.21423922,0.77944910
2.5,SB RFI,A3s,4,0.70200430,0.28825092
2.5,SB RFI,A4s,4,0.71552970,0.27108000
2.5,SB RFI,A5s,4,0.50607050,0.48290350
2.5,SB RFI,A6s,4,0.84859360,0.13927084
2.5,SB RFI,A7s,4,0.78828750,0.19864687
2.5,SB RFI,A8s,4,0.70684177,0.28245902
2.5,SB RFI,A9s,4,0.56908184,0.42233256
2.5,SB RFI,ATs,4,0.73169760,0.26061090
2.5,SB RFI,AJs,4,0.44219673,0.55292600
2.5,SB RFI,AQs,4,0.45023490,0.54699220
2.5,SB RFI,AKs,4,0.81546134,0.18207555
2.5,SB RFI,32o,12,0.01350762,0.00456490
2.5,SB RFI,42o,12,0.01652945,0.00636387
2.5,SB RFI,43o,12,0.01820617,0.01594768
2.5,SB RFI,52o,12,0.01663153,0.00869596
2.5,SB RFI,53o,12,0.01751798,0.08110784
2.5,SB RFI,54o,12,0.02210741,0.92892610
2.5,SB RFI,62o,12,0.01597530,0.00795129
2.5,SB RFI,63o,12,0.02005346,0.02519054
2.5,SB RFI,64o,12,0.02002330,0.79562710
2.5,SB RFI,65o,12,0.02098675,0.95490170
2.5,SB RFI,72o,12,0.01595290,0.01235196
2.5,SB RFI,73o,12,0.02154915,0.02932403
2.5,SB RFI,74o,12,0.02045164,0.83243100
2.5,SB RFI,75o,12,0.01914180,0.95934737
2.5,SB RFI,76o,12,0.02064749,0.96639960
2.5,SB RFI,82o,12,0.01783967,0.06544580
2.5,SB RFI,83o,12,0.01743269,0.21243939
2.5,SB RFI,84o,12,0.01892245,0.93733420
2.5,SB RFI,85o,12,0.01925193,0.95771855
2.5,SB RFI,86o,12,0.02024905,0.96817480
2.5,SB RFI,87o,12,0.02126947,0.97137564
2.5,SB RFI,92o,12,0.01783101,0.92066120
2.5,SB RFI,93o,12,0.01914296,0.94185954
2.5,SB RFI,94o,12,0.02032642,0.94899774
2.5,SB RFI,95o,12,0.01863432,0.96567750
2.5,SB RFI,96o,12,0.02097638,0.96893110
2.5,SB RFI,97o,12,0.02512405,0.96820530
2.5,SB RFI,98o,12,0.02530563,0.96946216
2.5,SB RFI,T2o,12,0.02207954,0.96106344
2.5,SB RFI,T3o,12,0.01953212,0.96540034
2.5,SB RFI,T4o,12,0.01949944,0.96617293
2.5,SB RFI,T5o,12,0.02463412,0.96382240
2.5,SB RFI,T6o,12,0.02425202,0.96807280
2.5,SB RFI,T7o,12,0.02962371,0.96447640
2.5,SB RFI,T8o,12,0.03147853,0.96390490
2.5,SB RFI,T9o,12,0.03895200,0.95752925
2.5,SB RFI,J2o,12,0.02139917,0.96625006
2.5,SB RFI,J3o,12,0.02350748,0.96677494
2.5,SB RFI,J4o,12,0.02696572,0.96374893
2.5,SB RFI,J5o,12,0.02860251,0.96343750
2.5,SB RFI,J6o,12,0.03471344,0.95821595
2.5,SB RFI,J7o,12,0.03257766,0.96287050
2.5,SB RFI,J8o,12,0.04286360,0.95311000
2.5,SB RFI,J9o,12,0.04909623,0.94776470
2.5,SB RFI,JTo,12,0.05048261,0.94715020
2.5,SB RFI,Q2o,12,0.03379563,0.95882684
2.5,SB RFI,Q3o,12,0.03841083,0.95490660
2.5,SB RFI,Q4o,12,0.04004576,0.95434254
2.5,SB RFI,Q5o,12,0.03524377,0.95947100
2.5,SB RFI,Q6o,12,0.04918579,0.94645256
2.5,SB RFI,Q7o,12,0.10587207,0.88994060
2.5,SB RFI,Q8o,12,0.10544958,0.89118254
2.5,SB RFI,Q9o,12,0.19857740,0.79893360
2.5,SB RFI,QTo,12,0.18928471,0.80861056
2.5,SB RFI,QJo,12,0.69898610,0.29590473
2.5,SB RFI,K2o,12,0.06713797,0.92862230
2.5,SB RFI,K3o,12,0.06666523,0.92953545
2.5,SB RFI,K4o,12,0.07067709,0.92622906
2.5,SB RFI,K5o,12,0.07540286,0.92156850
2.5,SB RFI,K6o,12,0.26829535,0.72853667
2.5,SB RFI,K7o,12,0.47571856,0.52020955
2.5,SB RFI,K8o,12,0.45352042,0.54294420
2.5,SB RFI,K9o,12,0.61756160,0.37776697
2.5,SB RFI,KTo,12,0.93451690,0.06047339
2.5,SB RFI,KJo,12,0.90254130,0.08913781
2.5,SB RFI,KQo,12,0.83166640,0.16056298
2.5,SB RFI,A2o,12,0.35200635,0.64550155
2.5,SB RFI,A3o,12,0.23446308,0.76350670
2.5,SB RFI,A4o,12,0.27699130,0.72098930
2.5,SB RFI,A5o,12,0.84713070,0.14784472
2.5,SB RFI,A6o,12,0.77683395,0.21893443
2.5,SB RFI,A7o,12,0.88873820,0.10664874
2.5,SB RFI,A8o,12,0.93382806,0.06158467
2.5,SB RFI,A9o,12,0.74840360,0.24279542
2.5,SB RFI,ATo,12,0.35599667,0.63916180
2.5,SB RFI,AJo,12,0.30958062,0.68660070
2.5,SB RFI,AQo,12,0.81388980,0.18343987
2.5,SB RFI,AKo,12,0.79030454,0.20833778
3.0,UTG RFI,22,6,0.01160977,0.00000000
3.0,UTG RFI,33,6,0.01568294,0.00000000
3.0,UTG RFI,44,6,0.03382359,0.00000000
3.0,UTG RFI,55,6,0.05570912,0.00000000
3.0,UTG RFI,66,6,0.52552676,0.00000000
3.0,UTG RFI,77,6,0.89852330,0.00000000
3.0,UTG RFI,88,6,0.96426904,0.00000000
3.0,UTG RFI,99,6,0.98246320,0.00000000
3.0,UTG RFI,TT,6,0.98871887,0.00000000
3.0,UTG RFI,JJ,6,0.99237400,0.00000000
3.0,UTG RFI,QQ,6,0.99576660,0.00000000
3.0,UTG RFI,KK,6,0.99736320,0.00000000
3.0,UTG RFI,AA,6,0.99984440,0.00000000
3.0,UTG RFI,32s,4,0.00682210,0.00000000
3.0,UTG RFI,42s,4,0.00671316,0.00000000
3.0,UTG RFI,43s,4,0.00797967,0.00000000
3.0,UTG RFI,52s,4,0.00715071,0.00000000
3.0,UTG RFI,53s,4,0.00789067,0.00000000
3.0,UTG RFI,54s,4,0.00930487,0.00000000
3.0,UTG RFI,62s,4,0.00668805,0.00000000
3.0,UTG RFI,63s,4,0.00778879,0.00000000
3.0,UTG RFI,64s,4,0.00825959,0.00000000
3.0,UTG RFI,65s,4,0.00989300,0.00000000
3.0,UTG RFI,72s,4,0.00710607,0.00000000
3.0,UTG RFI,73s,4,0.00714090,0.00000000
3.0,UTG RFI,74s,4,0.00869880,0.00000000
3.0,UTG RFI,75s,4,0.00960372,0.00000000
3.0,UTG RFI,76s,4,0.01052309,0.00000000
3.0,UTG RFI,82s,4,0.00725384,0.00000000
3.0,UTG RFI,83s,4,0.00691529,0.00000000
3.0,UTG RFI,84s,4,0.00751137,0.00000000
3.0,UTG RFI,85s,4,0.00995992,0.00000000
3.0,UTG RFI,86s,4,0.01220373,0.00000000
3.0,UTG RFI,87s,4,0.01288311,0.00000000
3.0,UTG RFI,92s,4,0.00762041,0.00000000
3.0,UTG RFI,93s,4,0.00839866,0.00000000
3.0,UTG RFI,94s,4,0.00833819,0.00000000
3.0,UTG RFI,95s,4,0.00817268,0.00000000
3.0,UTG RFI,96s,4,0.01189568,0.00000000
3.0,UTG RFI,97s,4,0.01558438,0.00000000
3.0,UTG RFI,98s,4,0.01565982,0.00000000
3.0,UTG RFI,T2s,4,0.00838086,0.00000000
3.0,UTG RFI,T3s,4,0.00891316,0.00000000
3.0,UTG RFI,T4s,4,0.00996875,0.00000000
3.0,UTG RFI,T5s,4,0.00963619,0.00000000
3.0,UTG RFI,T6s,4,0.01067478,0.00000000
3.0,UTG RFI,T7s,4,0.01561510,0.00000000
3.0,UTG RFI,T8s,4,0.01772818,0.00000000
3.0,UTG RFI,T9s,4,0.03152318,0.00000000
3.0,UTG RFI,J2s,4,0.01036614,0.00000000
3.0,UTG RFI,J3s,4,0.00982868,0.00000000
3.0,UTG RFI,J4s,4,0.01088622,0.00000000
3.0,UTG RFI,J5s,4,0.01105139,0.00000000
3.0,UTG RFI,J6s,4,0.01323565,0.00000000
3.0,UTG RFI,J7s,4,0.01422826,0.00000000
3.0,UTG RFI,J8s,4,0.01975830,0.00000000
3.0,UTG RFI,J9s,4,0.03122320,0.00000000
3.0,UTG RFI,JTs,4,0.06714088,0.00000000
3.0,UTG RFI,Q2s,4,0.01283632,0.00000000
3.0,UTG RFI,Q3s,4,0.01252291,0.00000000
3.0,UTG RFI,Q4s,4,0.01204338,0.00000000
3.0,UTG RFI,Q5s,4,0.01290049,0.00000000
3.0,UTG RFI,Q6s,4,0.01376505,0.00000000
3.0,UTG RFI,Q7s,4,0.01605064,0.00000000
3.0,UTG RFI,Q8s,4,0.02202121,0.00000000
3.0,UTG RFI,Q9s,4,0.03973826,0.00000000
3.0,UTG RFI,QTs,4,0.10270225,0.00000000
3.0,UTG RFI,QJs,4,0.21045090,0.00000000
3.0,UTG RFI,K2s,4,0.01499893,0.00000000
3.0,UTG RFI,K3s,4,0.01759580,0.00000000
3.0,UTG RFI,K4s,4,0.01675119,0.00000000
3.0,UTG RFI,K5s,4,0.02302130,0.00000000
3.0,UTG RFI,K6s,4,0.02369355,0.00000000
3.0,UTG RFI,K7s,4,0.02958728,0.00000000
3.0,UTG RFI,K8s,4,0.03899376,0.00000000
3.0,UTG RFI,K9s,4,0.09011912,0.00000000
3.0,UTG RFI,KTs,4,0.87964910,0.00000000
3.0,UTG RFI,KJs,4,0.92070870,0.00000000
3.0,UTG RFI,KQs,4,0.95502365,0.00000000
3.0,UTG RFI,A2s,4,0.04104647,0.00000000
3.0,UTG RFI,A3s,4,0.05206121,0.00000000
3.0,UTG RFI,A4s,4,0.06598137,0.00000000
3.0,UTG RFI,A5s,4,0.10162243,0.00000000
3.0,UTG RFI,A6s,4,0.07165303,0.00000000
3.0,UTG RFI,A7s,4,0.18733706,0.00000000
3.0,UTG RFI,A8s,4,0.44902173,0.00000000
3.0,UTG RFI,A9s,4,0.88855535,0.00000000
3.0,UTG RFI,ATs,4,0.96335185,0.00000000
3.0,UTG RFI,AJs,4,0.96881986,0.00000000
3.0,UTG RFI,AQs,4,0.98650736,0.00000000
3.0,UTG RFI,AKs,4,0.99217030,0.00000000
3.0,UTG RFI,32o,12,0.00348181,0.00000000
3.0,UTG RFI,42o,12,0.00346508,0.00000000
3.0,UTG RFI,43o,12,0.00374379,0.00000000
3.0,UTG RFI,52o,12,0.00384149,0.00000000
3.0,UTG RFI,53o,12,0.00398372,0.00000000
3.0,UTG RFI,54o,12,0.00418689,0.00000000
3.0,UTG RFI,62o,12,0.00374058,0.00000000
3.0,UTG RFI,63o,12,0.00382281,0.00000000
3.0,UTG RFI,64o,12,0.00386163,0.00000000
3.0,UTG RFI,65o,12,0.00427630,0.00000000
3.0,UTG RFI,72o,12,0.00362761,0.00000000
3.0,UTG RFI,73o,12,0.00373379,0.00000000
3.0,UTG RFI,74o,12,0.00394554,0.00000000
3.0,UTG RFI,75o,12,0.00471467,0.00000000
3.0,UTG RFI,76o,12,0.00487388,0.00000000
3.0,UTG RFI,82o,12,0.00370202,0.00000000
3.0,UTG RFI,83o,12,0.00391665,0.00000000
3.0,UTG RFI,84o,12,0.00403627,0.00000000
3.0,UTG RFI,85o,12,0.00455399,0.00000000
3.0,UTG RFI,86o,12,0.00460118,0.00000000
3.0,UTG RFI,87o,12,0.00558993,0.00000000
3.0,UTG RFI,92o,12,0.00415696,0.00000000
3.0,UTG RFI,93o,12,0.00396921,0.00000000
3.0,UTG RFI,94o,12,0.00441951,0.00000000
3.0,UTG RFI,95o,12,0.00453439,0.00000000
3.0,UTG RFI,96o,12,0.00496136,0.00000000
3.0,UTG RFI,97o,12,0.00538495,0.00000000
3.0,UTG RFI,98o,12,0.00601320,0.00000000
3.0,UTG RFI,T2o,12,0.00430449,0.00000000
3.0,UTG RFI,T3o,12,0.00454542,0.00000000
3.0,UTG RFI,T4o,12,0.00462485,0.00000000
3.0,UTG RFI,T5o,12,0.00449509,0.00000000
3.0,UTG RFI,T6o,12,0.00491560,0.00000000
3.0,UTG RFI,T7o,12,0.00569111,0.00000000
3.0,UTG RFI,T8o,12,0.00676089,0.00000000
3.0,UTG RFI,T9o,12,0.00810534,0.00000000
3.0,UTG RFI,J2o,12,0.00472774,0.00000000
3.0,UTG RFI,J3o,12,0.00461045,0.00000000
3.0,UTG RFI,J4o,12,0.00453344,0.00000000
3.0,UTG RFI,J5o,12,0.00526553,0.00000000
3.0,UTG RFI,J6o,12,0.00511497,0.00000000
3.0,UTG RFI,J7o,12,0.00597492,0.00000000
3.0,UTG RFI,J8o,12,0.00662457,0.00000000
3.0,UTG RFI,J9o,12,0.00856737,0.00000000
3.0,UTG RFI,JTo,12,0.01375238,0.00000000
3.0,UTG RFI,Q2o,12,0.00514190,0.00000000
3.0,UTG RFI,Q3o,12,0.00548335,0.00000000
3.0,UTG RFI,Q4o,12,0.00578549,0.00000000
3.0,UTG RFI,Q5o,12,0.00578778,0.00000000
3.0,UTG RFI,Q6o,12,0.00695517,0.00000000
3.0,UTG RFI,Q7o,12,0.00678283,0.00000000
3.0,UTG RFI,Q8o,12,0.00787742,0.00000000
3.0,UTG RFI,Q9o,12,0.01002018,0.00000000
3.0,UTG RFI,QTo,12,0.01576025,0.00000000
3.0,UTG RFI,QJo,12,0.02299711,0.00000000
3.0,UTG RFI,K2o,12,0.00663457,0.00000000
3.0,UTG RFI,K3o,12,0.00702693,0.00000000
3.0,UTG RFI,K4o,12,0.00697933,0.00000000
3.0,UTG RFI,K5o,12,0.00806251,0.00000000
3.0,UTG RFI,K6o,12,0.00790424,0.00000000
3.0,UTG RFI,K7o,12,0.00952837,0.00000000
3.0,UTG RFI,K8o,12,0.01165378,0.00000000
3.0,UTG RFI,K9o,12,0.01376423,0.00000000
3.0,UTG RFI,KTo,12,0.02964772,0.00000000
3.0,UTG RFI,KJo,12,0.07656605,0.00000000
3.0,UTG RFI,KQo,12,0.85063650,0.00000000
3.0,UTG RFI,A2o,12,0.01140793,0.00000000
3.0,UTG RFI,A3o,12,0.01288356,0.00000000
3.0,UTG RFI,A4o,12,0.01318751,0.00000000
3.0,UTG RFI,A5o,12,0.01784628,0.00000000
3.0,UTG RFI,A6o,12,0.01564838,0.00000000
3.0,UTG RFI,A7o,12,0.02090204,0.00000000
3.0,UTG RFI,A8o,12,0.02587349,0.00000000
3.0,UTG RFI,A9o,12,0.06576706,0.00000000
3.0,UTG RFI,ATo,12,0.90883780,0.00000000
3.0,UTG RFI,AJo,12,0.95700747,0.00000000
3.0,UTG RFI,AQo,12,0.98490560,0.00000000
3.0,UTG RFI,AKo,12,0.99432635,0.00000000
3.0,HJ RFI,22,6,0.01513335,0.00000000
3.0,HJ RFI,33,6,0.02041947,0.00000000
3.0,HJ RFI,44,6,0.06440852,0.00000000
3.0,HJ RFI,55,6,0.21417594,0.00000000
3.0,HJ RFI,66,6,0.75664090,0.00000000
3.0,HJ RFI,77,6,0.94584420,0.00000000
3.0,HJ RFI,88,6,0.96786547,0.00000000
3.0,HJ RFI,99,6,0.97997880,0.00000000
3.0,HJ RFI,TT,6,0.98791176,0.00000000
3.0,HJ RFI,JJ,6,0.99175640,0.00000000
3.0,HJ RFI,QQ,6,0.99517477,0.00000000
3.0,HJ RFI,KK,6,0.99746070,0.00000000
3.0,HJ RFI,AA,6,0.99984680,0.00000000
3.0,HJ RFI,32s,4,0.00752306,0.00000000
3.0,HJ RFI,42s,4,0.00755994,0.00000000
3.0,HJ RFI,43s,4,0.00869199,0.00000000
3.0,HJ RFI,52s,4,0.00850336,0.00000000
3.0,HJ RFI,53s,4,0.00932277,0.00000000
3.0,HJ RFI,54s,4,0.01136845,0.00000000
3.0,HJ RFI,62s,4,0.00838593,0.00000000
3.0,HJ RFI,63s,4,0.00898988,0.00000000
3.0,HJ RFI,64s,4,0.01010299,0.00000000
3.0,HJ RFI,65s,4,0.01196741,0.00000000
3.0,HJ RFI,72s,4,0.00857865,0.00000000
3.0,HJ RFI,73s,4,0.00899747,0.00000000
3.0,HJ RFI,74s,4,0.00892709,0.00000000
3.0,HJ RFI,75s,4,0.01065326,0.00000000
3.0,HJ RFI,76s,4,0.01114509,0.00000000
3.0,HJ RFI,82s,4,0.00879482,0.00000000
3.0,HJ RFI,83s,4,0.00826765,0.00000000
3.0,HJ RFI,84s,4,0.00985454,0.00000000
3.0,HJ RFI,85s,4,0.01000358,0.00000000
3.0,HJ RFI,86s,4,0.01166920,0.00000000
3.0,HJ RFI,87s,4,0.01638438,0.00000000
3.0,HJ RFI,92s,4,0.01005005,0.00000000
3.0,HJ RFI,93s,4,0.01046173,0.00000000
3.0,HJ RFI,94s,4,0.00972013,0.00000000
3.0,HJ RFI,95s,4,0.01111947,0.00000000
3.0,HJ RFI,96s,4,0.01175565,0.00000000
3.0,HJ RFI,97s,4,0.01524598,0.00000000
3.0,HJ RFI,98s,4,0.01814857,0.00000000
3.0,HJ RFI,T2s,4,0.01068209,0.00000000
3.0,HJ RFI,T3s,4,0.01059981,0.00000000
3.0,HJ RFI,T4s,4,0.01091232,0.00000000
3.0,HJ RFI,T5s,4,0.01078852,0.00000000
3.0,HJ RFI,T6s,4,0.01516412,0.00000000
3.0,HJ RFI,T7s,4,0.01572453,0.00000000
3.0,HJ RFI,T8s,4,0.02141969,0.00000000
3.0,HJ RFI,T9s,4,0.02790804,0.00000000
3.0,HJ RFI,J2s,4,0.01111350,0.00000000
3.0,HJ RFI,J3s,4,0.01073169,0.00000000
3.0,HJ RFI,J4s,4,0.01269214,0.00000000
3.0,HJ RFI,J5s,4,0.01335629,0.00000000
3.0,HJ RFI,J6s,4,0.01511698,0.00000000
3.0,HJ RFI,J7s,4,0.01909540,0.00000000
3.0,HJ RFI,J8s,4,0.02224969,0.00000000
3.0,HJ RFI,J9s,4,0.03186307,0.00000000
3.0,HJ RFI,JTs,4,0.07998887,0.00000000
3.0,HJ RFI,Q2s,4,0.01494021,0.00000000
3.0,HJ RFI,Q3s,4,0.01295269,0.00000000
3.0,HJ RFI,Q4s,4,0.01646194,0.00000000
3.0,HJ RFI,Q5s,4,0.01657461,0.00000000
3.0,HJ RFI,Q6s,4,0.01987159,0.00000000
3.0,HJ RFI,Q7s,4,0.02642614,0.00000000
3.0,HJ RFI,Q8s,4,0.03007544,0.00000000
3.0,HJ RFI,Q9s,4,0.04321807,0.00000000
3.0,HJ RFI,QTs,4,0.18675523,0.00000000
3.0,HJ RFI,QJs,4,0.43430126,0.00000000
3.0,HJ RFI,K2s,4,0.01927857,0.00000000
3.0,HJ RFI,K3s,4,0.02725649,0.00000000
3.0,HJ RFI,K4s,4,0.02142383,0.00000000
3.0,HJ RFI,K5s,4,0.02587207,0.00000000
3.0,HJ RFI,K6s,4,0.03047747,0.00000000
3.0,HJ RFI,K7s,4,0.04403565,0.00000000
3.0,HJ RFI,K8s,4,0.05985358,0.00000000
3.0,HJ RFI,K9s,4,0.12151205,0.00000000
3.0,HJ RFI,KTs,4,0.89883950,0.00000000
3.0,HJ RFI,KJs,4,0.91168904,0.00000000
3.0,HJ RFI,KQs,4,0.96338720,0.00000000
3.0,HJ RFI,A2s,4,0.04692907,0.00000000
3.0,HJ RFI,A3s,4,0.04934424,0.00000000
3.0,HJ RFI,A4s,4,0.08057117,0.00000000
3.0,HJ RFI,A5s,4,0.16215570,0.00000000
3.0,HJ RFI,A6s,4,0.26585725,0.00000000
3.0,HJ RFI,A7s,4,0.45768610,0.00000000
3.0,HJ RFI,A8s,4,0.85651237,0.00000000
3.0,HJ RFI,A9s,4,0.92541340,0.00000000
3.0,HJ RFI,ATs,4,0.95701545,0.00000000
3.0,HJ RFI,AJs,4,0.97191703,0.00000000
3.0,HJ RFI,AQs,4,0.98465914,0.00000000
3.0,HJ RFI,AKs,4,0.99122596,0.00000000
3.0,HJ RFI,32o,12,0.00384469,0.00000000
3.0,HJ RFI,42o,12,0.00377294,0.00000000
3.0,HJ RFI,43o,12,0.00438202,0.00000000
3.0,HJ RFI,52o,12,0.00432745,0.00000000
3.0,HJ RFI,53o,12,0.00433710,0.00000000
3.0,HJ RFI,54o,12,0.00481114,0.00000000
3.0,HJ RFI,62o,12,0.00414990,0.00000000
3.0,HJ RFI,63o,12,0.00436942,0.00000000
3.0,HJ RFI,64o,12,0.00455100,0.00000000
3.0,HJ RFI,65o,12,0.00512985,0.00000000
3.0,HJ RFI,72o,12,0.00400897,0.00000000
3.0,HJ RFI,73o,12,0.00449006,0.00000000
3.0,HJ RFI,74o,12,0.00468457,0.00000000
3.0,HJ RFI,75o,12,0.00513542,0.00000000
3.0,HJ RFI,76o,12,0.00580698,0.00000000
3.0,HJ RFI,82o,12,0.00451410,0.00000000
3.0,HJ RFI,83o,12,0.00443376,0.00000000
3.0,HJ RFI,84o,12,0.00469015,0.00000000
3.0,HJ RFI,85o,12,0.00539698,0.00000000
3.0,HJ RFI,86o,12,0.00583850,0.00000000
3.0,HJ RFI,87o,12,0.00644194,0.00000000
3.0,HJ RFI,92o,12,0.00468969,0.00000000
3.0,HJ RFI,93o,12,0.00492588,0.00000000
3.0,HJ RFI,94o,12,0.00510266,0.00000000
3.0,HJ RFI,95o,12,0.00527036,0.00000000
3.0,HJ RFI,96o,12,0.00583424,0.00000000
3.0,HJ RFI,97o,12,0.00698883,0.00000000
3.0,HJ RFI,98o,12,0.00796215,0.00000000
3.0,HJ RFI,T2o,12,0.00492775,0.00000000
3.0,HJ RFI,T3o,12,0.00534864,0.00000000
3.0,HJ RFI,T4o,12,0.00538686,0.00000000
3.0,HJ RFI,T5o,12,0.00553422,0.00000000
3.0,HJ RFI,T6o,12,0.00633278,0.00000000
3.0,HJ RFI,T7o,12,0.00689865,0.00000000
3.0,HJ RFI,T8o,12,0.00888457,0.00000000
3.0,HJ RFI,T9o,12,0.01061189,0.00000000
3.0,HJ RFI,J2o,12,0.00559985,0.00000000
3.0,HJ RFI,J3o,12,0.00555399,0.00000000
3.0,HJ RFI,J4o,12,0.00619689,0.00000000
3.0,HJ RFI,J5o,12,0.00666398,0.00000000
3.0,HJ RFI,J6o,12,0.00655837,0.00000000
3.0,HJ RFI,J7o,12,0.00807530,0.00000000
3.0,HJ RFI,J8o,12,0.00892956,0.00000000
3.0,HJ RFI,J9o,12,0.01125469,0.00000000
3.0,HJ RFI,JTo,12,0.01692991,0.00000000
3.0,HJ RFI,Q2o,12,0.00663375,0.00000000
3.0,HJ RFI,Q3o,12,0.00679715,0.00000000
3.0,HJ RFI,Q4o,12,0.00740294,0.00000000
3.0,HJ RFI,Q5o,12,0.00793624,0.00000000
3.0,HJ RFI,Q6o,12,0.00827267,0.00000000
3.0,HJ RFI,Q7o,12,0.00842459,0.00000000
3.0,HJ RFI,Q8o,12,0.01114521,0.00000000
3.0,HJ RFI,Q9o,12,0.01431718,0.00000000
3.0,HJ RFI,QTo,12,0.02295135,0.00000000
3.0,HJ RFI,QJo,12,0.03241780,0.00000000
3.0,HJ RFI,K2o,12,0.00853210,0.00000000
3.0,HJ RFI,K3o,12,0.00837678,0.00000000
3.0,HJ RFI,K4o,12,0.00862755,0.00000000
3.0,HJ RFI,K5o,12,0.01072674,0.00000000
3.0,HJ RFI,K6o,12,0.01063748,0.00000000
3.0,HJ RFI,K7o,12,0.01229610,0.00000000
3.0,HJ RFI,K8o,12,0.01592274,0.00000000
3.0,HJ RFI,K9o,12,0.02533417,0.00000000
3.0,HJ RFI,KTo,12,0.06461605,0.00000000
3.0,HJ RFI,KJo,12,0.15417406,0.00000000
3.0,HJ RFI,KQo,12,0.94774350,0.00000000
3.0,HJ RFI,A2o,12,0.01975237,0.00000000
3.0,HJ RFI,A3o,12,0.02047619,0.00000000
3.0,HJ RFI,A4o,12,0.02467877,0.00000000
3.0,HJ RFI,A5o,12,0.02599991,0.00000000
3.0,HJ RFI,A6o,12,0.02273842,0.00000000
3.0,HJ RFI,A7o,12,0.06244905,0.00000000
3.0,HJ RFI,A8o,12,0.23672092,0.00000000
3.0,HJ RFI,A9o,12,0.35563922,0.00000000
3.0,HJ RFI,ATo,12,0.96288794,0.00000000
3.0,HJ RFI,AJo,12,0.97420340,0.00000000
3.0,HJ RFI,AQo,12,0.98820310,0.00000000
3.0,HJ RFI,AKo,12,0.99402280,0.00000000
3.0,CO RFI,22,6,0.01741180,0.00000000
3.0,CO RFI,33,6,0.03408364,0.00000000
3.0,CO RFI,44,6,0.09819368,0.00000000
3.0,CO RFI,55,6,0.25371104,0.00000000
3.0,CO RFI,66,6,0.90069210,0.00000000
3.0,CO RFI,77,6,0.95457083,0.00000000
3.0,CO RFI,88,6,0.97702456,0.00000000
3.0,CO RFI,99,6,0.98443735,0.00000000
3.0,CO RFI,TT,6,0.98925100,0.00000000
3.0,CO RFI,JJ,6,0.99306536,0.00000000
3.0,CO RFI,QQ,6,0.99511445,0.00000000
3.0,CO RFI,KK,6,0.99717754,0.00000000
3.0,CO RFI,AA,6,0.99972427,0.00000000
3.0,CO RFI,32s,4,0.00834914,0.00000000
3.0,CO RFI,42s,4,0.00908000,0.00000000
3.0,CO RFI,43s,4,0.00948756,0.00000000
3.0,CO RFI,52s,4,0.00840831,0.00000000
3.0,CO RFI,53s,4,0.01038294,0.00000000
3.0,CO RFI,54s,4,0.01135177,0.00000000
3.0,CO RFI,62s,4,0.00966808,0.00000000
3.0,CO RFI,63s,4,0.00941560,0.00000000
3.0,CO RFI,64s,4,0.01090573,0.00000000
3.0,CO RFI,65s,4,0.01299552,0.00000000
3.0,CO RFI,72s,4,0.00820137,0.00000000
3.0,CO RFI,73s,4,0.01002418,0.00000000
3.0,CO RFI,74s,4,0.01081992,0.00000000
3.0,CO RFI,75s,4,0.01354295,0.00000000
3.0,CO RFI,76s,4,0.01359622,0.00000000
3.0,CO RFI,82s,4,0.00889267,0.00000000
3.0,CO RFI,83s,4,0.01087169,0.00000000
3.0,CO RFI,84s,4,0.01146849,0.00000000
3.0,CO RFI,85s,4,0.01255907,0.00000000
3.0,CO RFI,86s,4,0.01367733,0.00000000
3.0,CO RFI,87s,4,0.01671516,0.00000000
3.0,CO RFI,92s,4,0.01068832,0.00000000
3.0,CO RFI,93s,4,0.01068972,0.00000000
3.0,CO RFI,94s,4,0.01089978,0.00000000
3.0,CO RFI,95s,4,0.01164133,0.00000000
3.0,CO RFI,96s,4,0.01546850,0.00000000
3.0,CO RFI,97s,4,0.01574437,0.00000000
3.0,CO RFI,98s,4,0.02229530,0.00000000
3.0,CO RFI,T2s,4,0.01020086,0.00000000
3.0,CO RFI,T3s,4,0.01170842,0.00000000
3.0,CO RFI,T4s,4,0.01387297,0.00000000
3.0,CO RFI,T5s,4,0.01286496,0.00000000
3.0,CO RFI,T6s,4,0.01640180,0.00000000
3.0,CO RFI,T7s,4,0.02038573,0.00000000
3.0,CO RFI,T8s,4,0.02279957,0.00000000
3.0,CO RFI,T9s,4,0.03813228,0.00000000
3.0,CO RFI,J2s,4,0.01449046,0.00000000
3.0,CO RFI,J3s,4,0.01466702,0.00000000
3.0,CO RFI,J4s,4,0.01465655,0.00000000
3.0,CO RFI,J5s,4,0.01728309,0.00000000
3.0,CO RFI,J6s,4,0.01584009,0.00000000
3.0,CO RFI,J7s,4,0.02378968,0.00000000
3.0,CO RFI,J8s,4,0.03441716,0.00000000
3.0,CO RFI,J9s,4,0.03649149,0.00000000
3.0,CO RFI,JTs,4,0.10443062,0.00000000
3.0,CO RFI,Q2s,4,0.01711966,0.00000000
3.0,CO RFI,Q3s,4,0.01870192,0.00000000
3.0,CO RFI,Q4s,4,0.01819417,0.00000000
3.0,CO RFI,Q5s,4,0.02210606,0.00000000
3.0,CO RFI,Q6s,4,0.02621317,0.00000000
3.0,CO RFI,Q7s,4,0.03074878,0.00000000
3.0,CO RFI,Q8s,4,0.04110983,0.00000000
3.0,CO RFI,Q9s,4,0.06840651,0.00000000
3.0,CO RFI,QTs,4,0.42121303,0.00000000
3.0,CO RFI,QJs,4,0.81893230,0.00000000
3.0,CO RFI,K2s,4,0.02680044,0.00000000
3.0,CO RFI,K3s,4,0.02808276,0.00000000
3.0,CO RFI,K4s,4,0.03127251,0.00000000
3.0,CO RFI,K5s,4,0.03623952,0.00000000
3.0,CO RFI,K6s,4,0.04387184,0.00000000
3.0,CO RFI,K7s,4,0.05065516,0.00000000
3.0,CO RFI,K8s,4,0.08980013,0.00000000
3.0,CO RFI,K9s,4,0.16826275,0.00000000
3.0,CO RFI,KTs,4,0.90956610,0.00000000
3.0,CO RFI,KJs,4,0.94772150,0.00000000
3.0,CO RFI,KQs,4,0.95417240,0.00000000
3.0,CO RFI,A2s,4,0.10699475,0.00000000
3.0,CO RFI,A3s,4,0.13832149,0.00000000
3.0,CO RFI,A4s,4,0.36559492,0.00000000
3.0,CO RFI,A5s,4,0.63107580,0.00000000
3.0,CO RFI,A6s,4,0.60283420,0.00000000
3.0,CO RFI,A7s,4,0.88320150,0.00000000
3.0,CO RFI,A8s,4,0.94032500,0.00000000
3.0,CO RFI,A9s,4,0.93443483,0.00000000
3.0,CO RFI,ATs,4,0.96555096,0.00000000
3.0,CO RFI,AJs,4,0.97705790,0.00000000
3.0,CO RFI,AQs,4,0.98450490,0.00000000
3.0,CO RFI,AKs,4,0.99166300,0.00000000
3.0,CO RFI,32o,12,0.00415641,0.00000000
3.0,CO RFI,42o,12,0.00422315,0.00000000
3.0,CO RFI,43o,12,0.00458249,0.00000000
3.0,CO RFI,52o,12,0.00456297,0.00000000
3.0,CO RFI,53o,12,0.00485552,0.00000000
3.0,CO RFI,54o,12,0.00544282,0.00000000
3.0,CO RFI,62o,12,0.00449627,0.00000000
3.0,CO RFI,63o,12,0.00466766,0.00000000
3.0,CO RFI,64o,12,0.00516369,0.00000000
3.0,CO RFI,65o,12,0.00571469,0.00000000
3.0,CO RFI,72o,12,0.00434627,0.00000000
3.0,CO RFI,73o,12,0.00481410,0.00000000
3.0,CO RFI,74o,12,0.00525272,0.00000000
3.0,CO RFI,75o,12,0.00577308,0.00000000
3.0,CO RFI,76o,12,0.00647889,0.00000000
3.0,CO RFI,82o,12,0.00487156,0.00000000
3.0,CO RFI,83o,12,0.00490360,0.00000000
3.0,CO RFI,84o,12,0.00531542,0.00000000
3.0,CO RFI,85o,12,0.00609915,0.00000000
3.0,CO RFI,86o,12,0.00620433,0.00000000
3.0,CO RFI,87o,12,0.00755376,0.00000000
3.0,CO RFI,92o,12,0.00515270,0.00000000
3.0,CO RFI,93o,12,0.00522942,0.00000000
3.0,CO RFI,94o,12,0.00534158,0.00000000
3.0,CO RFI,95o,12,0.00611556,0.00000000
3.0,CO RFI,96o,12,0.00674337,0.00000000
3.0,CO RFI,97o,12,0.00766309,0.00000000
3.0,CO RFI,98o,12,0.00865439,0.00000000
3.0,CO RFI,T2o,12,0.00580000,0.00000000
3.0,CO RFI,T3o,12,0.00604045,0.00000000
3.0,CO RFI,T4o,12,0.00634903,0.00000000
3.0,CO RFI,T5o,12,0.00623174,0.00000000
3.0,CO RFI,T6o,12,0.00755505,0.00000000
3.0,CO RFI,T7o,12,0.00848963,0.00000000
3.0,CO RFI,T8o,12,0.01067621,0.00000000
3.0,CO RFI,T9o,12,0.01308468,0.00000000
3.0,CO RFI,J2o,12,0.00657465,0.00000000
3.0,CO RFI,J3o,12,0.00677352,0.00000000
3.0,CO RFI,J4o,12,0.00716261,0.00000000
3.0,CO RFI,J5o,12,0.00745462,0.00000000
3.0,CO RFI,J6o,12,0.00857403,0.00000000
3.0,CO RFI,J7o,12,0.00970999,0.00000000
3.0,CO RFI,J8o,12,0.01087878,0.00000000
3.0,CO RFI,J9o,12,0.01321346,0.00000000
3.0,CO RFI,JTo,12,0.02089095,0.00000000
3.0,CO RFI,Q2o,12,0.00823334,0.00000000
3.0,CO RFI,Q3o,12,0.00854144,0.00000000
3.0,CO RFI,Q4o,12,0.00888713,0.00000000
3.0,CO RFI,Q5o,12,0.01054945,0.00000000
3.0,CO RFI,Q6o,12,0.01077175,0.00000000
3.0,CO RFI,Q7o,12,0.01220019,0.00000000
3.0,CO RFI,Q8o,12,0.01494590,0.00000000
3.0,CO RFI,Q9o,12,0.01905628,0.00000000
3.0,CO RFI,QTo,12,0.04720127,0.00000000
3.0,CO RFI,QJo,12,0.06719603,0.00000000
3.0,CO RFI,K2o,12,0.01076444,0.00000000
3.0,CO RFI,K3o,12,0.01166172,0.00000000
3.0,CO RFI,K4o,12,0.01329392,0.00000000
3.0,CO RFI,K5o,12,0.01311444,0.00000000
3.0,CO RFI,K6o,12,0.01625361,0.00000000
3.0,CO RFI,K7o,12,0.02137242,0.00000000
3.0,CO RFI,K8o,12,0.02113548,0.00000000
3.0,CO RFI,K9o,12,0.03584351,0.00000000
3.0,CO RFI,KTo,12,0.21825236,0.00000000
3.0,CO RFI,KJo,12,0.90352490,0.00000000
3.0,CO RFI,KQo,12,0.94125920,0.00000000
3.0,CO RFI,A2o,12,0.02843916,0.00000000
3.0,CO RFI,A3o,12,0.03518609,0.00000000
3.0,CO RFI,A4o,12,0.04126385,0.00000000
3.0,CO RFI,A5o,12,0.08217988,0.00000000
3.0,CO RFI,A6o,12,0.07991908,0.00000000
3.0,CO RFI,A7o,12,0.19157098,0.00000000
3.0,CO RFI,A8o,12,0.68325764,0.00000000
3.0,CO RFI,A9o,12,0.95599350,0.00000000
3.0,CO RFI,ATo,12,0.97305036,0.00000000
3.0,CO RFI,AJo,12,0.97823346,0.00000000
3.0,CO RFI,AQo,12,0.98811716,0.00000000
3.0,CO RFI,AKo,12,0.99409200,0.00000000
3.0,BTN RFI,22,6,0.02028876,0.00000000
3.0,BTN RFI,33,6,0.03713370,0.00000000
3.0,BTN RFI,44,6,0.18482560,0.00000000
3.0,BTN RFI,55,6,0.88062920,0.00000000
3.0,BTN RFI,66,6,0.94957477,0.00000000
3.0,BTN RFI,77,6,0.96776676,0.00000000
3.0,BTN RFI,88,6,0.97985860,0.00000000
3.0,BTN RFI,99,6,0.98615680,0.00000000
3.0,BTN RFI,TT,6,0.99007124,0.00000000
3.0,BTN RFI,JJ,6,0.99345750,0.00000000
3.0,BTN RFI,QQ,6,0.99571870,0.00000000
3.0,BTN RFI,KK,6,0.99734000,0.00000000
3.0,BTN RFI,AA,6,0.99966764,0.00000000
3.0,BTN RFI,32s,4,0.00818184,0.00000000
3.0,BTN RFI,42s,4,0.00906214,0.00000000
3.0,BTN RFI,43s,4,0.01002665,0.00000000
3.0,BTN RFI,52s,4,0.00886491,0.00000000
3.0,BTN RFI,53s,4,0.01033142,0.00000000
3.0,BTN RFI,54s,4,0.01079741,0.00000000
3.0,BTN RFI,62s,4,0.00906518,0.00000000
3.0,BTN RFI,63s,4,0.01127419,0.00000000
3.0,BTN RFI,64s,4,0.01207816,0.00000000
3.0,BTN RFI,65s,4,0.01402322,0.00000000
3.0,BTN RFI,72s,4,0.00866134,0.00000000
3.0,BTN RFI,73s,4,0.01059672,0.00000000
3.0,BTN RFI,74s,4,0.01085059,0.00000000
3.0,BTN RFI,75s,4,0.01427282,0.00000000
3.0,BTN RFI,76s,4,0.01539436,0.00000000
3.0,BTN RFI,82s,4,0.01011540,0.00000000
3.0,BTN RFI,83s,4,0.01088200,0.00000000
3.0,BTN RFI,84s,4,0.01081557,0.00000000
3.0,BTN RFI,85s,4,0.01383391,0.00000000
3.0,BTN RFI,86s,4,0.01658231,0.00000000
3.0,BTN RFI,87s,4,0.02211688,0.00000000
3.0,BTN RFI,92s,4,0.01148974,0.00000000
3.0,BTN RFI,93s,4,0.01235183,0.00000000
3.0,BTN RFI,94s,4,0.01390888,0.00000000
3.0,BTN RFI,95s,4,0.01658065,0.00000000
3.0,BTN RFI,96s,4,0.01982464,0.00000000
3.0,BTN RFI,97s,4,0.02145754,0.00000000
3.0,BTN RFI,98s,4,0.03256111,0.00000000
3.0,BTN RFI,T2s,4,0.01545570,0.00000000
3.0,BTN RFI,T3s,4,0.01426466,0.00000000
3.0,BTN RFI,T4s,4,0.01524655,0.00000000
3.0,BTN RFI,T5s,4,0.01656196,0.00000000
3.0,BTN RFI,T6s,4,0.02087772,0.00000000
3.0,BTN RFI,T7s,4,0.03050703,0.00000000
3.0,BTN RFI,T8s,4,0.03820463,0.00000000
3.0,BTN RFI,T9s,4,0.06033681,0.00000000
3.0,BTN RFI,J2s,4,0.01553319,0.00000000
3.0,BTN RFI,J3s,4,0.01939990,0.00000000
3.0,BTN RFI,J4s,4,0.01984942,0.00000000
3.0,BTN RFI,J5s,4,0.02157548,0.00000000
3.0,BTN RFI,J6s,4,0.02378398,0.00000000
3.0,BTN RFI,J7s,4,0.03169117,0.00000000
3.0,BTN RFI,J8s,4,0.04676073,0.00000000
3.0,BTN RFI,J9s,4,0.09128828,0.00000000
3.0,BTN RFI,JTs,4,0.26950562,0.00000000
3.0,BTN RFI,Q2s,4,0.02285329,0.00000000
3.0,BTN RFI,Q3s,4,0.02559468,0.00000000
3.0,BTN RFI,Q4s,4,0.02569444,0.00000000
3.0,BTN RFI,Q5s,4,0.03732318,0.00000000
3.0,BTN RFI,Q6s,4,0.03557327,0.00000000
3.0,BTN RFI,Q7s,4,0.03847238,0.00000000
3.0,BTN RFI,Q8s,4,0.08061849,0.00000000
3.0,BTN RFI,Q9s,4,0.16313447,0.00000000
3.0,BTN RFI,QTs,4,0.86799514,0.00000000
3.0,BTN RFI,QJs,4,0.89682716,0.00000000
3.0,BTN RFI,K2s,4,0.03664782,0.00000000
3.0,BTN RFI,K3s,4,0.04690230,0.00000000
3.0,BTN RFI,K4s,4,0.05915667,0.00000000
3.0,BTN RFI,K5s,4,0.06485725,0.00000000
3.0,BTN RFI,K6s,4,0.09908476,0.00000000
3.0,BTN RFI,K7s,4,0.11975609,0.00000000
3.0,BTN RFI,K8s,4,0.59680074,0.00000000
3.0,BTN RFI,K9s,4,0.65823543,0.00000000
3.0,BTN RFI,KTs,4,0.94409630,0.00000000
3.0,BTN RFI,KJs,4,0.93946505,0.00000000
3.0,BTN RFI,KQs,4,0.96615210,0.00000000
3.0,BTN RFI,A2s,4,0.70688740,0.00000000
3.0,BTN RFI,A3s,4,0.84063170,0.00000000
3.0,BTN RFI,A4s,4,0.89632136,0.00000000
3.0,BTN RFI,A5s,4,0.91006345,0.00000000
3.0,BTN RFI,A6s,4,0.92798430,0.00000000
3.0,BTN RFI,A7s,4,0.94212854,0.00000000
3.0,BTN RFI,A8s,4,0.94811106,0.00000000
3.0,BTN RFI,A9s,4,0.95769864,0.00000000
3.0,BTN RFI,ATs,4,0.97372746,0.00000000
3.0,BTN RFI,AJs,4,0.98173153,0.00000000
3.0,BTN RFI,AQs,4,0.98698940,0.00000000
3.0,BTN RFI,AKs,4,0.99234530,0.00000000
3.0,BTN RFI,32o,12,0.00406861,0.00000000
3.0,BTN RFI,42o,12,0.00442577,0.00000000
3.0,BTN RFI,43o,12,0.00487228,0.00000000
3.0,BTN RFI,52o,12,0.00461172,0.00000000
3.0,BTN RFI,53o,12,0.00490737,0.00000000
3.0,BTN RFI,54o,12,0.00561075,0.00000000
3.0,BTN RFI,62o,12,0.00447828,0.00000000
3.0,BTN RFI,63o,12,0.00486642,0.00000000
3.0,BTN RFI,64o,12,0.00534330,0.00000000
3.0,BTN RFI,65o,12,0.00617462,0.00000000
3.0,BTN RFI,72o,12,0.00449201,0.00000000
3.0,BTN RFI,73o,12,0.00510431,0.00000000
3.0,BTN RFI,74o,12,0.00571155,0.00000000
3.0,BTN RFI,75o,12,0.00677718,0.00000000
3.0,BTN RFI,76o,12,0.00724301,0.00000000
3.0,BTN RFI,82o,12,0.00489671,0.00000000
3.0,BTN RFI,83o,12,0.00530942,0.00000000
3.0,BTN RFI,84o,12,0.00568838,0.00000000
3.0,BTN RFI,85o,12,0.00648017,0.00000000
3.0,BTN RFI,86o,12,0.00738852,0.00000000
3.0,BTN RFI,87o,12,0.00907711,0.00000000
3.0,BTN RFI,92o,12,0.00553654,0.00000000
3.0,BTN RFI,93o,12,0.00580259,0.00000000
3.0,BTN RFI,94o,12,0.00637996,0.00000000
3.0,BTN RFI,95o,12,0.00710623,0.00000000
3.0,BTN RFI,96o,12,0.00810535,0.00000000
3.0,BTN RFI,97o,12,0.00952218,0.00000000
3.0,BTN RFI,98o,12,0.01115696,0.00000000
3.0,BTN RFI,T2o,12,0.00628767,0.00000000
3.0,BTN RFI,T3o,12,0.00693577,0.00000000
3.0,BTN RFI,T4o,12,0.00724732,0.00000000
3.0,BTN RFI,T5o,12,0.00770687,0.00000000
3.0,BTN RFI,T6o,12,0.00945566,0.00000000
3.0,BTN RFI,T7o,12,0.01035025,0.00000000
3.0,BTN RFI,T8o,12,0.01323729,0.00000000
3.0,BTN RFI,T9o,12,0.01685575,0.00000000
3.0,BTN RFI,J2o,12,0.00810729,0.00000000
3.0,BTN RFI,J3o,12,0.00842117,0.00000000
3.0,BTN RFI,J4o,12,0.00952787,0.00000000
3.0,BTN RFI,J5o,12,0.01045112,0.00000000
3.0,BTN RFI,J6o,12,0.01058116,0.00000000
3.0,BTN RFI,J7o,12,0.01239786,0.00000000
3.0,BTN RFI,J8o,12,0.01592611,0.00000000
3.0,BTN RFI,J9o,12,0.02245232,0.00000000
3.0,BTN RFI,JTo,12,0.04311577,0.00000000
3.0,BTN RFI,Q2o,12,0.01081604,0.00000000
3.0,BTN RFI,Q3o,12,0.01155689,0.00000000
3.0,BTN RFI,Q4o,12,0.01214317,0.00000000
3.0,BTN RFI,Q5o,12,0.01277208,0.00000000
3.0,BTN RFI,Q6o,12,0.01550307,0.00000000
3.0,BTN RFI,Q7o,12,0.01899221,0.00000000
3.0,BTN RFI,Q8o,12,0.02484967,0.00000000
3.0,BTN RFI,Q9o,12,0.03659863,0.00000000
3.0,BTN RFI,QTo,12,0.12409186,0.00000000
3.0,BTN RFI,QJo,12,0.46728830,0.00000000
3.0,BTN RFI,K2o,12,0.01503559,0.00000000
3.0,BTN RFI,K3o,12,0.01629596,0.00000000
3.0,BTN RFI,K4o,12,0.02291044,0.00000000
3.0,BTN RFI,K5o,12,0.02049085,0.00000000
3.0,BTN RFI,K6o,12,0.03317619,0.00000000
3.0,BTN RFI,K7o,12,0.03390806,0.00000000
3.0,BTN RFI,K8o,12,0.04678924,0.00000000
3.0,BTN RFI,K9o,12,0.12032855,0.00000000
3.0,BTN RFI,KTo,12,0.92939330,0.00000000
3.0,BTN RFI,KJo,12,0.94704074,0.00000000
3.0,BTN RFI,KQo,12,0.96221090,0.00000000
3.0,BTN RFI,A2o,12,0.05385204,0.00000000
3.0,BTN RFI,A3o,12,0.11306935,0.00000000
3.0,BTN RFI,A4o,12,0.29374352,0.00000000
3.0,BTN RFI,A5o,12,0.82037085,0.00000000
3.0,BTN RFI,A6o,12,0.83244180,0.00000000
3.0,BTN RFI,A7o,12,0.94571316,0.00000000
3.0,BTN RFI,A8o,12,0.96170420,0.00000000
3.0,BTN RFI,A9o,12,0.97529685,0.00000000
3.0,BTN RFI,ATo,12,0.97585700,0.00000000
3.0,BTN RFI,AJo,12,0.98476756,0.00000000
3.0,BTN RFI,AQo,12,0.99025870,0.00000000
3.0,BTN RFI,AKo,12,0.99464850,0.00000000
3.0,SB RFI,22,6,0.04453316,0.94844675
3.0,SB RFI,33,6,0.17476417,0.81586397
3.0,SB RFI,44,6,0.29658660,0.68774390
3.0,SB RFI,55,6,0.43851800,0.54791250
3.0,SB RFI,66,6,0.43984700,0.55067990
3.0,SB RFI,77,6,0.70974195,0.28267503
3.0,SB RFI,88,6,0.57140845,0.42144826
3.0,SB RFI,99,6,0.73446630,0.26102436
3.0,SB RFI,TT,6,0.86464596,0.13180444
3.0,SB RFI,JJ,6,0.73560566,0.26235023
3.0,SB RFI,QQ,6,0.81198955,0.18668474
3.0,SB RFI,KK,6,0.85301214,0.14622256
3.0,SB RFI,AA,6,0.84700340,0.15299138
3.0,SB RFI,32s,4,0.02987930,0.01768290
3.0,SB RFI,42s,4,0.02983256,0.02876710
3.0,SB RFI,43s,4,0.03181871,0.22728310
3.0,SB RFI,52s,4,0.03796027,0.11508763
3.0,SB RFI,53s,4,0.02552177,0.59428460
3.0,SB RFI,54s,4,0.03441570,0.92028750
3.0,SB RFI,62s,4,0.02982931,0.05523786
3.0,SB RFI,63s,4,0.02982355,0.46501708
3.0,SB RFI,64s,4,0.05077896,0.88513550
3.0,SB RFI,65s,4,0.03467231,0.93776070
3.0,SB RFI,72s,4,0.03449769,0.05945665
3.0,SB RFI,73s,4,0.03177652,0.62853307
3.0,SB RFI,74s,4,0.03789033,0.91309240
3.0,SB RFI,75s,4,0.04760249,0.92632700
3.0,SB RFI,76s,4,0.03502523,0.94451960
3.0,SB RFI,82s,4,0.03797203,0.80679680
3.0,SB RFI,83s,4,0.04451417,0.87053330
3.0,SB RFI,84s,4,0.03319519,0.93285850
3.0,SB RFI,85s,4,0.03380613,0.94024030
3.0,SB RFI,86s,4,0.03199212,0.94849855
3.0,SB RFI,87s,4,0.04483462,0.94149745
3.0,SB RFI,92s,4,0.03797648,0.92095220
3.0,SB RFI,93s,4,0.03707678,0.92763370
3.0,SB RFI,94s,4,0.03918903,0.92791090
3.0,SB RFI,95s,4,0.04456942,0.92981890
3.0,SB RFI,96s,4,0.04162527,0.94235426
3.0,SB RFI,97s,4,0.04252476,0.94571215
3.0,SB RFI,98s,4,0.04567108,0.94453746
3.0,SB RFI,T2s,4,0.04219490,0.93236450
3.0,SB RFI,T3s,4,0.03981936,0.93835120
3.0,SB RFI,T4s,4,0.03869704,0.93902415
3.0,SB RFI,T5s,4,0.03901663,0.94521250
3.0,SB RFI,T6s,4,0.04142643,0.94148946
3.0,SB RFI,T7s,4,0.06192232,0.92653334
3.0,SB RFI,T8s,4,0.06222797,0.92737590
3.0,SB RFI,T9s,4,0.08341774,0.90896730
3.0,SB RFI,J2s,4,0.04309382,0.93783236
3.0,SB RFI,J3s,4,0.05576344,0.92883980
3.0,SB RFI,J4s,4,0.04656502,0.93739367
3.0,SB RFI,J5s,4,0.05304704,0.93682384
3.0,SB RFI,J6s,4,0.05651648,0.93211820
3.0,SB RFI,J7s,4,0.05238031,0.93837720
3.0,SB RFI,J8s,4,0.07855690,0.91429320
3.0,SB RFI,J9s,4,0.11320236,0.88052580
3.0,SB RFI,JTs,4,0.24900939,0.74471690
3.0,SB RFI,Q2s,4,0.07314400,0.91531247
3.0,SB RFI,Q3s,4,0.07431761,0.91425340
3.0,SB RFI,Q4s,4,0.06511173,0.92543805
3.0,SB RFI,Q5s,4,0.08828737,0.90268040
3.0,SB RFI,Q6s,4,0.09666339,0.89551395
3.0,SB RFI,Q7s,4,0.08663767,0.90495205
3.0,SB RFI,Q8s,4,0.50236150,0.49014595
3.0,SB RFI,Q9s,4,0.71816725,0.27287406
3.0,SB RFI,QTs,4,0.86590403,0.11308280
3.0,SB RFI,QJs,4,0.85432700,0.12939851
3.0,SB RFI,K2s,4,0.11105434,0.88076526
3.0,SB RFI,K3s,4,0.11865471,0.87444700
3.0,SB RFI,K4s,4,0.11876201,0.87442020
3.0,SB RFI,K5s,4,0.13574919,0.85816980
3.0,SB RFI,K6s,4,0.34430940,0.64973205
3.0,SB RFI,K7s,4,0.63611150,0.35600543
3.0,SB RFI,K8s,4,0.70400470,0.28685364
3.0,SB RFI,K9s,4,0.58758014,0.40460232
3.0,SB RFI,KTs,4,0.87064100,0.11481392
3.0,SB RFI,KJs,4,0.76288444,0.22551437
3.0,SB RFI,KQs,4,0.63106924,0.35938280
3.0,SB RFI,A2s,4,0.45197500,0.53927430
3.0,SB RFI,A3s,4,0.45210487,0.53855294
3.0,SB RFI,A4s,4,0.61134160,0.38172650
3.0,SB RFI,A5s,4,0.78562680,0.20038334
3.0,SB RFI,A6s,4,0.77766746,0.20780028
3.0,SB RFI,A7s,4,0.81583500,0.17074907
3.0,SB RFI,A8s,4,0.41179386,0.57676510
3.0,SB RFI,A9s,4,0.66944146,0.32195142
3.0,SB RFI,ATs,4,0.29132295,0.70188130
3.0,SB RFI,AJs,4,0.66993326,0.32569525
3.0,SB RFI,AQs,4,0.38982102,0.60780930
3.0,SB RFI,AKs,4,0.86093470,0.13716042
3.0,SB RFI,32o,12,0.01238359,0.00530479
3.0,SB RFI,42o,12,0.01371877,0.00618222
3.0,SB RFI,43o,12,0.01522628,0.00899717
3.0,SB RFI,52o,12,0.01590210,0.00846099
3.0,SB RFI,53o,12,0.01699810,0.01199007
3.0,SB RFI,54o,12,0.02072096,0.11014756
3.0,SB RFI,62o,12,0.01532146,0.00833578
3.0,SB RFI,63o,12,0.01626125,0.01669618
3.0,SB RFI,64o,12,0.02156114,0.03301631
3.0,SB RFI,65o,12,0.02159433,0.82073617
3.0,SB RFI,72o,12,0.01468162,0.01637836
3.0,SB RFI,73o,12,0.01653741,0.02533685
3.0,SB RFI,74o,12,0.01458352,0.43479073
3.0,SB RFI,75o,12,0.02085469,0.91919035
3.0,SB RFI,76o,12,0.02114624,0.95382680
3.0,SB RFI,82o,12,0.01548955,0.06749319
3.0,SB RFI,83o,12,0.01523698,0.09412392
3.0,SB RFI,84o,12,0.01584004,0.82362914
3.0,SB RFI,85o,12,0.02240729,0.95211980
3.0,SB RFI,86o,12,0.02506358,0.95697355
3.0,SB RFI,87o,12,0.02213589,0.96476480
3.0,SB RFI,92o,12,0.01646136,0.88553600
3.0,SB RFI,93o,12,0.01563183,0.95266926
3.0,SB RFI,94o,12,0.01717514,0.94943160
3.0,SB RFI,95o,12,0.02095838,0.96268636
3.0,SB RFI,96o,12,0.02387710,0.96200760
3.0,SB RFI,97o,12,0.02614727,0.96222377
3.0,SB RFI,98o,12,0.02665753,0.96571624
3.0,SB RFI,T2o,12,0.01780427,0.96290535
3.0,SB RFI,T3o,12,0.01746992,0.96878740
3.0,SB RFI,T4o,12,0.01881730,0.96825630
3.0,SB RFI,T5o,12,0.02239545,0.96577865
3.0,SB RFI,T6o,12,0.02637182,0.96394380
3.0,SB RFI,T7o,12,0.02860023,0.96205970
3.0,SB RFI,T8o,12,0.02902399,0.96429470
3.0,SB RFI,T9o,12,0.05064401,0.94432890
3.0,SB RFI,J2o,12,0.02101011,0.96923000
3.0,SB RFI,J3o,12,0.02215228,0.96863340
3.0,SB RFI,J4o,12,0.02926092,0.96197990
3.0,SB RFI,J5o,12,0.02538049,0.96661030
3.0,SB RFI,J6o,12,0.03632667,0.95601440
3.0,SB RFI,J7o,12,0.04141816,0.95106350
3.0,SB RFI,J8o,12,0.05119669,0.94301090
3.0,SB RFI,J9o,12,0.08261134,0.91280150
3.0,SB RFI,JTo,12,0.07845870,0.91838530
3.0,SB RFI,Q2o,12,0.03283644,0.95960635
3.0,SB RFI,Q3o,12,0.03597175,0.95706990
3.0,SB RFI,Q4o,12,0.03904304,0.95396036
3.0,SB RFI,Q5o,12,0.06711575,0.92517865
3.0,SB RFI,Q6o,12,0.09898584,0.89456100
3.0,SB RFI,Q7o,12,0.09399684,0.89990610
3.0,SB RFI,Q8o,12,0.11667417,0.87836266
3.0,SB RFI,Q9o,12,0.10180852,0.89423130
3.0,SB RFI,QTo,12,0.37621883,0.62048330
3.0,SB RFI,QJo,12,0.50106140,0.49495703
3.0,SB RFI,K2o,12,0.06947599,0.92374027
3.0,SB RFI,K3o,12,0.08502168,0.90959257
3.0,SB RFI,K4o,12,0.10231821,0.89269440
3.0,SB RFI,K5o,12,0.11476604,0.88100260
3.0,SB RFI,K6o,12,0.29900420,0.69670480
3.0,SB RFI,K7o,12,0.39880696,0.59682770
3.0,SB RFI,K8o,12,0.56057006,0.43452567
3.0,SB RFI,K9o,12,0.75956410,0.23445950
3.0,SB RFI,KTo,12,0.70001435,0.29514772
3.0,SB RFI,KJo,12,0.87435300,0.11588065
3.0,SB RFI,KQo,12,0.74416610,0.24798691
3.0,SB RFI,A2o,12,0.11243265,0.88494724
3.0,SB RFI,A3o,12,0.20451485,0.79307693
3.0,SB RFI,A4o,12,0.48082390,0.51593720
3.0,SB RFI,A5o,12,0.42995710,0.56682104
3.0,SB RFI,A6o,12,0.79179260,0.20349298
3.0,SB RFI,A7o,12,0.86465590,0.13086733
3.0,SB RFI,A8o,12,0.91582560,0.07851995
3.0,SB RFI,A9o,12,0.84342000,0.14815825
3.0,SB RFI,ATo,12,0.58832080,0.40694004
3.0,SB RFI,AJo,12,0.51748960,0.47912887
3.0,SB RFI,AQo,12,0.36429238,0.63352346
3.0,SB RFI,AKo,12,0.46039948,0.53847890
