oop_pot_tax,position,hand,combos,open_frequency,limp_frequency
0.00,UTG RFI,22,6,0.01014918,0.00000000
0.00,UTG RFI,33,6,0.01369208,0.00000000
0.00,UTG RFI,44,6,0.02576711,0.00000000
0.00,UTG RFI,55,6,0.05947864,0.00000000
0.00,UTG RFI,66,6,0.31321220,0.00000000
0.00,UTG RFI,77,6,0.93441900,0.00000000
0.00,UTG RFI,88,6,0.96813780,0.00000000
0.00,UTG RFI,99,6,0.98318260,0.00000000
0.00,UTG RFI,TT,6,0.98832220,0.00000000
0.00,UTG RFI,JJ,6,0.99322665,0.00000000
0.00,UTG RFI,QQ,6,0.99509090,0.00000000
0.00,UTG RFI,KK,6,0.99786806,0.00000000
0.00,UTG RFI,AA,6,0.99976870,0.00000000
0.00,UTG RFI,32s,4,0.00396126,0.00000000
0.00,UTG RFI,42s,4,0.00544151,0.00000000
0.00,UTG RFI,43s,4,0.00442823,0.00000000
0.00,UTG RFI,52s,4,0.00476556,0.00000000
0.00,UTG RFI,53s,4,0.00484460,0.00000000
0.00,UTG RFI,54s,4,0.00808978,0.00000000
0.00,UTG RFI,62s,4,0.00432092,0.00000000
0.00,UTG RFI,63s,4,0.00449002,0.00000000
0.00,UTG RFI,64s,4,0.00641051,0.00000000
0.00,UTG RFI,65s,4,0.00649413,0.00000000
0.00,UTG RFI,72s,4,0.00393250,0.00000000
0.00,UTG RFI,73s,4,0.00463886,0.00000000
0.00,UTG RFI,74s,4,0.00563975,0.00000000
0.00,UTG RFI,75s,4,0.00720498,0.00000000
0.00,UTG RFI,76s,4,0.00887215,0.00000000
0.00,UTG RFI,82s,4,0.00584414,0.00000000
0.00,UTG RFI,83s,4,0.00535247,0.00000000
0.00,UTG RFI,84s,4,0.00560618,0.00000000
0.00,UTG RFI,85s,4,0.00714002,0.00000000
0.00,UTG RFI,86s,4,0.00923760,0.00000000
0.00,UTG RFI,87s,4,0.01156006,0.00000000
0.00,UTG RFI,92s,4,0.00547998,0.00000000
0.00,UTG RFI,93s,4,0.00566825,0.00000000
0.00,UTG RFI,94s,4,0.00667519,0.00000000
0.00,UTG RFI,95s,4,0.00701963,0.00000000
0.00,UTG RFI,96s,4,0.00869070,0.00000000
0.00,UTG RFI,97s,4,0.01028955,0.00000000
0.00,UTG RFI,98s,4,0.01476377,0.00000000
0.00,UTG RFI,T2s,4,0.00604371,0.00000000
0.00,UTG RFI,T3s,4,0.00650819,0.00000000
0.00,UTG RFI,T4s,4,0.00720065,0.00000000
0.00,UTG RFI,T5s,4,0.00770152,0.00000000
0.00,UTG RFI,T6s,4,0.00991764,0.00000000
0.00,UTG RFI,T7s,4,0.01235477,0.00000000
0.00,UTG RFI,T8s,4,0.01612264,0.00000000
0.00,UTG RFI,T9s,4,0.02272407,0.00000000
0.00,UTG RFI,J2s,4,0.00683321,0.00000000
0.00,UTG RFI,J3s,4,0.00773980,0.00000000
0.00,UTG RFI,J4s,4,0.00879383,0.00000000
0.00,UTG RFI,J5s,4,0.00932457,0.00000000
0.00,UTG RFI,J6s,4,0.00960812,0.00000000
0.00,UTG RFI,J7s,4,0.01423255,0.00000000
0.00,UTG RFI,J8s,4,0.01652961,0.00000000
0.00,UTG RFI,J9s,4,0.03195055,0.00000000
0.00,UTG RFI,JTs,4,0.07009499,0.00000000
0.00,UTG RFI,Q2s,4,0.00940334,0.00000000
0.00,UTG RFI,Q3s,4,0.01159641,0.00000000
0.00,UTG RFI,Q4s,4,0.01133489,0.00000000
0.00,UTG RFI,Q5s,4,0.01239727,0.00000000
0.00,UTG RFI,Q6s,4,0.01414937,0.00000000
0.00,UTG RFI,Q7s,4,0.01699970,0.00000000
0.00,UTG RFI,Q8s,4,0.02245325,0.00000000
0.00,UTG RFI,Q9s,4,0.04065941,0.00000000
0.00,UTG RFI,QTs,4,0.09533696,0.00000000
0.00,UTG RFI,QJs,4,0.61479040,0.00000000
0.00,UTG RFI,K2s,4,0.01752624,0.00000000
0.00,UTG RFI,K3s,4,0.01858241,0.00000000
0.00,UTG RFI,K4s,4,0.01693941,0.00000000
0.00,UTG RFI,K5s,4,0.01950506,0.00000000
0.00,UTG RFI,K6s,4,0.02392684,0.00000000
0.00,UTG RFI,K7s,4,0.02751145,0.00000000
0.00,UTG RFI,K8s,4,0.03429750,0.00000000
0.00,UTG RFI,K9s,4,0.07575912,0.00000000
0.00,UTG RFI,KTs,4,0.85057443,0.00000000
0.00,UTG RFI,KJs,4,0.89168170,0.00000000
0.00,UTG RFI,KQs,4,0.93831384,0.00000000
0.00,UTG RFI,A2s,4,0.04138259,0.00000000
0.00,UTG RFI,A3s,4,0.03774868,0.00000000
0.00,UTG RFI,A4s,4,0.07092115,0.00000000
0.00,UTG RFI,A5s,4,0.10199933,0.00000000
0.00,UTG RFI,A6s,4,0.07268640,0.00000000
0.00,UTG RFI,A7s,4,0.12301692,0.00000000
0.00,UTG RFI,A8s,4,0.47213510,0.00000000
0.00,UTG RFI,A9s,4,0.83293027,0.00000000
0.00,UTG RFI,ATs,4,0.95168800,0.00000000
0.00,UTG RFI,AJs,4,0.96967036,0.00000000
0.00,UTG RFI,AQs,4,0.98382790,0.00000000
0.00,UTG RFI,AKs,4,0.99174800,0.00000000
0.00,UTG RFI,32o,12,0.00167198,0.00000000
0.00,UTG RFI,42o,12,0.00198966,0.00000000
0.00,UTG RFI,43o,12,0.00214582,0.00000000
0.00,UTG RFI,52o,12,0.00194894,0.00000000
0.00,UTG RFI,53o,12,0.00230219,0.00000000
0.00,UTG RFI,54o,12,0.00267577,0.00000000
0.00,UTG RFI,62o,12,0.00197160,0.00000000
0.00,UTG RFI,63o,12,0.00227941,0.00000000
0.00,UTG RFI,64o,12,0.00259207,0.00000000
0.00,UTG RFI,65o,12,0.00273130,0.00000000
0.00,UTG RFI,72o,12,0.00194344,0.00000000
0.00,UTG RFI,73o,12,0.00223724,0.00000000
0.00,UTG RFI,74o,12,0.00249461,0.00000000
0.00,UTG RFI,75o,12,0.00307696,0.00000000
0.00,UTG RFI,76o,12,0.00313365,0.00000000
0.00,UTG RFI,82o,12,0.00223147,0.00000000
0.00,UTG RFI,83o,12,0.00232826,0.00000000
0.00,UTG RFI,84o,12,0.00265630,0.00000000
0.00,UTG RFI,85o,12,0.00291530,0.00000000
0.00,UTG RFI,86o,12,0.00325339,0.00000000
0.00,UTG RFI,87o,12,0.00409745,0.00000000
0.00,UTG RFI,92o,12,0.00269578,0.00000000
0.00,UTG RFI,93o,12,0.00270374,0.00000000
0.00,UTG RFI,94o,12,0.00294278,0.00000000
0.00,UTG RFI,95o,12,0.00307278,0.00000000
0.00,UTG RFI,96o,12,0.00350331,0.00000000
0.00,UTG RFI,97o,12,0.00395583,0.00000000
0.00,UTG RFI,98o,12,0.00501341,0.00000000
0.00,UTG RFI,T2o,12,0.00280666,0.00000000
0.00,UTG RFI,T3o,12,0.00296860,0.00000000
0.00,UTG RFI,T4o,12,0.00310586,0.00000000
0.00,UTG RFI,T5o,12,0.00326034,0.00000000
0.00,UTG RFI,T6o,12,0.00382651,0.00000000
0.00,UTG RFI,T7o,12,0.00473133,0.00000000
0.00,UTG RFI,T8o,12,0.00564479,0.00000000
0.00,UTG RFI,T9o,12,0.00704733,0.00000000
0.00,UTG RFI,J2o,12,0.00321007,0.00000000
0.00,UTG RFI,J3o,12,0.00342805,0.00000000
0.00,UTG RFI,J4o,12,0.00371355,0.00000000
0.00,UTG RFI,J5o,12,0.00400025,0.00000000
0.00,UTG RFI,J6o,12,0.00421300,0.00000000
0.00,UTG RFI,J7o,12,0.00489517,0.00000000
0.00,UTG RFI,J8o,12,0.00633945,0.00000000
0.00,UTG RFI,J9o,12,0.00792189,0.00000000
0.00,UTG RFI,JTo,12,0.01374135,0.00000000
0.00,UTG RFI,Q2o,12,0.00385588,0.00000000
0.00,UTG RFI,Q3o,12,0.00437827,0.00000000
0.00,UTG RFI,Q4o,12,0.00457559,0.00000000
0.00,UTG RFI,Q5o,12,0.00519478,0.00000000
0.00,UTG RFI,Q6o,12,0.00511282,0.00000000
0.00,UTG RFI,Q7o,12,0.00603622,0.00000000
0.00,UTG RFI,Q8o,12,0.00742454,0.00000000
0.00,UTG RFI,Q9o,12,0.01033295,0.00000000
0.00,UTG RFI,QTo,12,0.01703729,0.00000000
0.00,UTG RFI,QJo,12,0.02347884,0.00000000
0.00,UTG RFI,K2o,12,0.00520660,0.00000000
0.00,UTG RFI,K3o,12,0.00602325,0.00000000
0.00,UTG RFI,K4o,12,0.00677809,0.00000000
0.00,UTG RFI,K5o,12,0.00681531,0.00000000
0.00,UTG RFI,K6o,12,0.00784757,0.00000000
0.00,UTG RFI,K7o,12,0.00875226,0.00000000
0.00,UTG RFI,K8o,12,0.01035454,0.00000000
0.00,UTG RFI,K9o,12,0.01693980,0.00000000
0.00,UTG RFI,KTo,12,0.03100475,0.00000000
0.00,UTG RFI,KJo,12,0.06838749,0.00000000
0.00,UTG RFI,KQo,12,0.77173644,0.00000000
0.00,UTG RFI,A2o,12,0.00906635,0.00000000
0.00,UTG RFI,A3o,12,0.01114164,0.00000000
0.00,UTG RFI,A4o,12,0.01213507,0.00000000
0.00,UTG RFI,A5o,12,0.01500875,0.00000000
0.00,UTG RFI,A6o,12,0.01458786,0.00000000
0.00,UTG RFI,A7o,12,0.01895223,0.00000000
0.00,UTG RFI,A8o,12,0.03025135,0.00000000
0.00,UTG RFI,A9o,12,0.04799517,0.00000000
0.00,UTG RFI,ATo,12,0.93300210,0.00000000
0.00,UTG RFI,AJo,12,0.97299856,0.00000000
0.00,UTG RFI,AQo,12,0.98489850,0.00000000
0.00,UTG RFI,AKo,12,0.99397063,0.00000000
0.00,HJ RFI,22,6,0.01185118,0.00000000
0.00,HJ RFI,33,6,0.02077997,0.00000000
0.00,HJ RFI,44,6,0.02969141,0.00000000
0.00,HJ RFI,55,6,0.12028610,0.00000000
0.00,HJ RFI,66,6,0.89324206,0.00000000
0.00,HJ RFI,77,6,0.95857525,0.00000000
0.00,HJ RFI,88,6,0.97123194,0.00000000
0.00,HJ RFI,99,6,0.98108786,0.00000000
0.00,HJ RFI,TT,6,0.98900220,0.00000000
0.00,HJ RFI,JJ,6,0.99235570,0.00000000
0.00,HJ RFI,QQ,6,0.99472770,0.00000000
0.00,HJ RFI,KK,6,0.99745050,0.00000000
0.00,HJ RFI,AA,6,0.99972950,0.00000000
0.00,HJ RFI,32s,4,0.00400603,0.00000000
0.00,HJ RFI,42s,4,0.00374060,0.00000000
0.00,HJ RFI,43s,4,0.00514825,0.00000000
0.00,HJ RFI,52s,4,0.00519171,0.00000000
0.00,HJ RFI,53s,4,0.00602289,0.00000000
0.00,HJ RFI,54s,4,0.00579571,0.00000000
0.00,HJ RFI,62s,4,0.00442991,0.00000000
0.00,HJ RFI,63s,4,0.00530492,0.00000000
0.00,HJ RFI,64s,4,0.00653851,0.00000000
0.00,HJ RFI,65s,4,0.00740201,0.00000000
0.00,HJ RFI,72s,4,0.00511723,0.00000000
0.00,HJ RFI,73s,4,0.00543225,0.00000000
0.00,HJ RFI,74s,4,0.00713166,0.00000000
0.00,HJ RFI,75s,4,0.00756106,0.00000000
0.00,HJ RFI,76s,4,0.00845708,0.00000000
0.00,HJ RFI,82s,4,0.00570521,0.00000000
0.00,HJ RFI,83s,4,0.00574019,0.00000000
0.00,HJ RFI,84s,4,0.00609012,0.00000000
0.00,HJ RFI,85s,4,0.00711122,0.00000000
0.00,HJ RFI,86s,4,0.00958670,0.00000000
0.00,HJ RFI,87s,4,0.01112294,0.00000000
0.00,HJ RFI,92s,4,0.00672964,0.00000000
0.00,HJ RFI,93s,4,0.00593357,0.00000000
0.00,HJ RFI,94s,4,0.00739457,0.00000000
0.00,HJ RFI,95s,4,0.00728587,0.00000000
0.00,HJ RFI,96s,4,0.01093635,0.00000000
0.00,HJ RFI,97s,4,0.01222180,0.00000000
0.00,HJ RFI,98s,4,0.01505604,0.00000000
0.00,HJ RFI,T2s,4,0.00751098,0.00000000
0.00,HJ RFI,T3s,4,0.00801425,0.00000000
0.00,HJ RFI,T4s,4,0.00849167,0.00000000
0.00,HJ RFI,T5s,4,0.00916880,0.00000000
0.00,HJ RFI,T6s,4,0.01026024,0.00000000
0.00,HJ RFI,T7s,4,0.01300281,0.00000000
0.00,HJ RFI,T8s,4,0.02019660,0.00000000
0.00,HJ RFI,T9s,4,0.02782877,0.00000000
0.00,HJ RFI,J2s,4,0.00956545,0.00000000
0.00,HJ RFI,J3s,4,0.00852198,0.00000000
0.00,HJ RFI,J4s,4,0.01026662,0.00000000
0.00,HJ RFI,J5s,4,0.01093012,0.00000000
0.00,HJ RFI,J6s,4,0.01176573,0.00000000
0.00,HJ RFI,J7s,4,0.01831672,0.00000000
0.00,HJ RFI,J8s,4,0.01863088,0.00000000
0.00,HJ RFI,J9s,4,0.02877921,0.00000000
0.00,HJ RFI,JTs,4,0.07649327,0.00000000
0.00,HJ RFI,Q2s,4,0.01164097,0.00000000
0.00,HJ RFI,Q3s,4,0.01289119,0.00000000
0.00,HJ RFI,Q4s,4,0.01409750,0.00000000
0.00,HJ RFI,Q5s,4,0.01782073,0.00000000
0.00,HJ RFI,Q6s,4,0.01589204,0.00000000
0.00,HJ RFI,Q7s,4,0.01854779,0.00000000
0.00,HJ RFI,Q8s,4,0.02549851,0.00000000
0.00,HJ RFI,Q9s,4,0.03977356,0.00000000
0.00,HJ RFI,QTs,4,0.27141055,0.00000000
0.00,HJ RFI,QJs,4,0.86119115,0.00000000
0.00,HJ RFI,K2s,4,0.01545778,0.00000000
0.00,HJ RFI,K3s,4,0.01854609,0.00000000
0.00,HJ RFI,K4s,4,0.02955284,0.00000000
0.00,HJ RFI,K5s,4,0.02170042,0.00000000
0.00,HJ RFI,K6s,4,0.02984865,0.00000000
0.00,HJ RFI,K7s,4,0.04517305,0.00000000
0.00,HJ RFI,K8s,4,0.04658415,0.00000000
0.00,HJ RFI,K9s,4,0.19550687,0.00000000
0.00,HJ RFI,KTs,4,0.78909093,0.00000000
0.00,HJ RFI,KJs,4,0.92120570,0.00000000
0.00,HJ RFI,KQs,4,0.95752530,0.00000000
0.00,HJ RFI,A2s,4,0.04397320,0.00000000
0.00,HJ RFI,A3s,4,0.05538570,0.00000000
0.00,HJ RFI,A4s,4,0.06254952,0.00000000
0.00,HJ RFI,A5s,4,0.16340890,0.00000000
0.00,HJ RFI,A6s,4,0.23180150,0.00000000
0.00,HJ RFI,A7s,4,0.44986764,0.00000000
0.00,HJ RFI,A8s,4,0.86626184,0.00000000
0.00,HJ RFI,A9s,4,0.92665050,0.00000000
0.00,HJ RFI,ATs,4,0.95837540,0.00000000
0.00,HJ RFI,AJs,4,0.97030574,0.00000000
0.00,HJ RFI,AQs,4,0.98182050,0.00000000
0.00,HJ RFI,AKs,4,0.99255890,0.00000000
0.00,HJ RFI,32o,12,0.00180817,0.00000000
0.00,HJ RFI,42o,12,0.00188956,0.00000000
0.00,HJ RFI,43o,12,0.00239036,0.00000000
0.00,HJ RFI,52o,12,0.00206118,0.00000000
0.00,HJ RFI,53o,12,0.00249225,0.00000000
0.00,HJ RFI,54o,12,0.00269035,0.00000000
0.00,HJ RFI,62o,12,0.00221680,0.00000000
0.00,HJ RFI,63o,12,0.00237441,0.00000000
0.00,HJ RFI,64o,12,0.00273888,0.00000000
0.00,HJ RFI,65o,12,0.00294472,0.00000000
0.00,HJ RFI,72o,12,0.00240350,0.00000000
0.00,HJ RFI,73o,12,0.00254466,0.00000000
0.00,HJ RFI,74o,12,0.00274552,0.00000000
0.00,HJ RFI,75o,12,0.00319709,0.00000000
0.00,HJ RFI,76o,12,0.00356016,0.00000000
0.00,HJ RFI,82o,12,0.00274668,0.00000000
0.00,HJ RFI,83o,12,0.00283215,0.00000000
0.00,HJ RFI,84o,12,0.00299819,0.00000000
0.00,HJ RFI,85o,12,0.00333508,0.00000000
0.00,HJ RFI,86o,12,0.00383326,0.00000000
0.00,HJ RFI,87o,12,0.00438378,0.00000000
0.00,HJ RFI,92o,12,0.00289070,0.00000000
0.00,HJ RFI,93o,12,0.00322223,0.00000000
0.00,HJ RFI,94o,12,0.00337436,0.00000000
0.00,HJ RFI,95o,12,0.00365209,0.00000000
0.00,HJ RFI,96o,12,0.00434930,0.00000000
0.00,HJ RFI,97o,12,0.00472172,0.00000000
0.00,HJ RFI,98o,12,0.00574511,0.00000000
0.00,HJ RFI,T2o,12,0.00343982,0.00000000
0.00,HJ RFI,T3o,12,0.00358797,0.00000000
0.00,HJ RFI,T4o,12,0.00406693,0.00000000
0.00,HJ RFI,T5o,12,0.00409578,0.00000000
0.00,HJ RFI,T6o,12,0.00451869,0.00000000
0.00,HJ RFI,T7o,12,0.00563257,0.00000000
0.00,HJ RFI,T8o,12,0.00656348,0.00000000
0.00,HJ RFI,T9o,12,0.00843284,0.00000000
0.00,HJ RFI,J2o,12,0.00374611,0.00000000
0.00,HJ RFI,J3o,12,0.00438669,0.00000000
0.00,HJ RFI,J4o,12,0.00465873,0.00000000
0.00,HJ RFI,J5o,12,0.00489716,0.00000000
0.00,HJ RFI,J6o,12,0.00523361,0.00000000
0.00,HJ RFI,J7o,12,0.00613318,0.00000000
0.00,HJ RFI,J8o,12,0.00716379,0.00000000
0.00,HJ RFI,J9o,12,0.01019235,0.00000000
0.00,HJ RFI,JTo,12,0.01718987,0.00000000
0.00,HJ RFI,Q2o,12,0.00510778,0.00000000
0.00,HJ RFI,Q3o,12,0.00508536,0.00000000
0.00,HJ RFI,Q4o,12,0.00561739,0.00000000
0.00,HJ RFI,Q5o,12,0.00637375,0.00000000
0.00,HJ RFI,Q6o,12,0.00679571,0.00000000
0.00,HJ RFI,Q7o,12,0.00838176,0.00000000
0.00,HJ RFI,Q8o,12,0.00993788,0.00000000
0.00,HJ RFI,Q9o,12,0.01545390,0.00000000
0.00,HJ RFI,QTo,12,0.02891997,0.00000000
0.00,HJ RFI,QJo,12,0.03359347,0.00000000
0.00,HJ RFI,K2o,12,0.00646565,0.00000000
0.00,HJ RFI,K3o,12,0.00681917,0.00000000
0.00,HJ RFI,K4o,12,0.00842653,0.00000000
0.00,HJ RFI,K5o,12,0.00932378,0.00000000
0.00,HJ RFI,K6o,12,0.01030657,0.00000000
0.00,HJ RFI,K7o,12,0.01261028,0.00000000
0.00,HJ RFI,K8o,12,0.01575993,0.00000000
0.00,HJ RFI,K9o,12,0.01998094,0.00000000
0.00,HJ RFI,KTo,12,0.05530704,0.00000000
0.00,HJ RFI,KJo,12,0.17995083,0.00000000
0.00,HJ RFI,KQo,12,0.94842650,0.00000000
0.00,HJ RFI,A2o,12,0.01378325,0.00000000
0.00,HJ RFI,A3o,12,0.01591598,0.00000000
0.00,HJ RFI,A4o,12,0.02566285,0.00000000
0.00,HJ RFI,A5o,12,0.02617992,0.00000000
0.00,HJ RFI,A6o,12,0.02577217,0.00000000
0.00,HJ RFI,A7o,12,0.04094724,0.00000000
0.00,HJ RFI,A8o,12,0.07194123,0.00000000
0.00,HJ RFI,A9o,12,0.32792422,0.00000000
0.00,HJ RFI,ATo,12,0.95722530,0.00000000
0.00,HJ RFI,AJo,12,0.97898525,0.00000000
0.00,HJ RFI,AQo,12,0.98544390,0.00000000
0.00,HJ RFI,AKo,12,0.99352590,0.00000000
0.00,CO RFI,22,6,0.01281880,0.00000000
0.00,CO RFI,33,6,0.02342502,0.00000000
0.00,CO RFI,44,6,0.04713525,0.00000000
0.00,CO RFI,55,6,0.42914155,0.00000000
0.00,CO RFI,66,6,0.88189596,0.00000000
0.00,CO RFI,77,6,0.95577190,0.00000000
0.00,CO RFI,88,6,0.97404160,0.00000000
0.00,CO RFI,99,6,0.98261620,0.00000000
0.00,CO RFI,TT,6,0.98985803,0.00000000
0.00,CO RFI,JJ,6,0.99245740,0.00000000
0.00,CO RFI,QQ,6,0.99513030,0.00000000
0.00,CO RFI,KK,6,0.99719420,0.00000000
0.00,CO RFI,AA,6,0.99971510,0.00000000
0.00,CO RFI,32s,4,0.00389462,0.00000000
0.00,CO RFI,42s,4,0.00430699,0.00000000
0.00,CO RFI,43s,4,0.00544051,0.00000000
0.00,CO RFI,52s,4,0.00482747,0.00000000
0.00,CO RFI,53s,4,0.00564395,0.00000000
0.00,CO RFI,54s,4,0.00668724,0.00000000
0.00,CO RFI,62s,4,0.00484334,0.00000000
0.00,CO RFI,63s,4,0.00520495,0.00000000
0.00,CO RFI,64s,4,0.00653235,0.00000000
0.00,CO RFI,65s,4,0.00776309,0.00000000
0.00,CO RFI,72s,4,0.00565041,0.00000000
0.00,CO RFI,73s,4,0.00521184,0.00000000
0.00,CO RFI,74s,4,0.00709632,0.00000000
0.00,CO RFI,75s,4,0.00771790,0.00000000
0.00,CO RFI,76s,4,0.00988296,0.00000000
0.00,CO RFI,82s,4,0.00537748,0.00000000
0.00,CO RFI,83s,4,0.00714489,0.00000000
0.00,CO RFI,84s,4,0.00762382,0.00000000
0.00,CO RFI,85s,4,0.00789896,0.00000000
0.00,CO RFI,86s,4,0.01165366,0.00000000
0.00,CO RFI,87s,4,0.01390430,0.00000000
0.00,CO RFI,92s,4,0.00654816,0.00000000
0.00,CO RFI,93s,4,0.00773197,0.00000000
0.00,CO RFI,94s,4,0.00777403,0.00000000
0.00,CO RFI,95s,4,0.00990013,0.00000000
0.00,CO RFI,96s,4,0.01125569,0.00000000
0.00,CO RFI,97s,4,0.01468443,0.00000000
0.00,CO RFI,98s,4,0.02154366,0.00000000
0.00,CO RFI,T2s,4,0.00815119,0.00000000
0.00,CO RFI,T3s,4,0.01015219,0.00000000
0.00,CO RFI,T4s,4,0.01027721,0.00000000
0.00,CO RFI,T5s,4,0.01106713,0.00000000
0.00,CO RFI,T6s,4,0.01217955,0.00000000
0.00,CO RFI,T7s,4,0.01652185,0.00000000
0.00,CO RFI,T8s,4,0.02536379,0.00000000
0.00,CO RFI,T9s,4,0.04025017,0.00000000
0.00,CO RFI,J2s,4,0.01172955,0.00000000
0.00,CO RFI,J3s,4,0.01217058,0.00000000
0.00,CO RFI,J4s,4,0.01260711,0.00000000
0.00,CO RFI,J5s,4,0.01357184,0.00000000
0.00,CO RFI,J6s,4,0.01680498,0.00000000
0.00,CO RFI,J7s,4,0.02212860,0.00000000
0.00,CO RFI,J8s,4,0.02952811,0.00000000
0.00,CO RFI,J9s,4,0.03721311,0.00000000
0.00,CO RFI,JTs,4,0.16812736,0.00000000
0.00,CO RFI,Q2s,4,0.01300360,0.00000000
0.00,CO RFI,Q3s,4,0.01527534,0.00000000
0.00,CO RFI,Q4s,4,0.01850009,0.00000000
0.00,CO RFI,Q5s,4,0.01993646,0.00000000
0.00,CO RFI,Q6s,4,0.02101357,0.00000000
0.00,CO RFI,Q7s,4,0.03026788,0.00000000
0.00,CO RFI,Q8s,4,0.05599756,0.00000000
0.00,CO RFI,Q9s,4,0.12079989,0.00000000
0.00,CO RFI,QTs,4,0.59809440,0.00000000
0.00,CO RFI,QJs,4,0.80627066,0.00000000
0.00,CO RFI,K2s,4,0.02282947,0.00000000
0.00,CO RFI,K3s,4,0.02251493,0.00000000
0.00,CO RFI,K4s,4,0.03123927,0.00000000
0.00,CO RFI,K5s,4,0.03604738,0.00000000
0.00,CO RFI,K6s,4,0.05061556,0.00000000
0.00,CO RFI,K7s,4,0.05120190,0.00000000
0.00,CO RFI,K8s,4,0.08834565,0.00000000
0.00,CO RFI,K9s,4,0.60094440,0.00000000
0.00,CO RFI,KTs,4,0.94137290,0.00000000
0.00,CO RFI,KJs,4,0.95260650,0.00000000
0.00,CO RFI,KQs,4,0.96481060,0.00000000
0.00,CO RFI,A2s,4,0.08457438,0.00000000
0.00,CO RFI,A3s,4,0.12744896,0.00000000
0.00,CO RFI,A4s,4,0.23338073,0.00000000
0.00,CO RFI,A5s,4,0.80698840,0.00000000
0.00,CO RFI,A6s,4,0.79206806,0.00000000
0.00,CO RFI,A7s,4,0.79155976,0.00000000
0.00,CO RFI,A8s,4,0.92453355,0.00000000
0.00,CO RFI,A9s,4,0.92580104,0.00000000
0.00,CO RFI,ATs,4,0.96712970,0.00000000
0.00,CO RFI,AJs,4,0.97445240,0.00000000
0.00,CO RFI,AQs,4,0.98473590,0.00000000
0.00,CO RFI,AKs,4,0.99165750,0.00000000
0.00,CO RFI,32o,12,0.00194516,0.00000000
0.00,CO RFI,42o,12,0.00194747,0.00000000
0.00,CO RFI,43o,12,0.00239148,0.00000000
0.00,CO RFI,52o,12,0.00224456,0.00000000
0.00,CO RFI,53o,12,0.00253960,0.00000000
0.00,CO RFI,54o,12,0.00286406,0.00000000
0.00,CO RFI,62o,12,0.00232946,0.00000000
0.00,CO RFI,63o,12,0.00262339,0.00000000
0.00,CO RFI,64o,12,0.00272067,0.00000000
0.00,CO RFI,65o,12,0.00352310,0.00000000
0.00,CO RFI,72o,12,0.00235759,0.00000000
0.00,CO RFI,73o,12,0.00264613,0.00000000
0.00,CO RFI,74o,12,0.00305676,0.00000000
0.00,CO RFI,75o,12,0.00380106,0.00000000
0.00,CO RFI,76o,12,0.00430038,0.00000000
0.00,CO RFI,82o,12,0.00288276,0.00000000
0.00,CO RFI,83o,12,0.00287607,0.00000000
0.00,CO RFI,84o,12,0.00349945,0.00000000
0.00,CO RFI,85o,12,0.00411019,0.00000000
0.00,CO RFI,86o,12,0.00461938,0.00000000
0.00,CO RFI,87o,12,0.00593610,0.00000000
0.00,CO RFI,92o,12,0.00338057,0.00000000
0.00,CO RFI,93o,12,0.00357568,0.00000000
0.00,CO RFI,94o,12,0.00377115,0.00000000
0.00,CO RFI,95o,12,0.00433594,0.00000000
0.00,CO RFI,96o,12,0.00509934,0.00000000
0.00,CO RFI,97o,12,0.00553720,0.00000000
0.00,CO RFI,98o,12,0.00772645,0.00000000
0.00,CO RFI,T2o,12,0.00425564,0.00000000
0.00,CO RFI,T3o,12,0.00414891,0.00000000
0.00,CO RFI,T4o,12,0.00463496,0.00000000
0.00,CO RFI,T5o,12,0.00485879,0.00000000
0.00,CO RFI,T6o,12,0.00547040,0.00000000
0.00,CO RFI,T7o,12,0.00643506,0.00000000
0.00,CO RFI,T8o,12,0.00898599,0.00000000
0.00,CO RFI,T9o,12,0.00992708,0.00000000
0.00,CO RFI,J2o,12,0.00477761,0.00000000
0.00,CO RFI,J3o,12,0.00569929,0.00000000
0.00,CO RFI,J4o,12,0.00591988,0.00000000
0.00,CO RFI,J5o,12,0.00629384,0.00000000
0.00,CO RFI,J6o,12,0.00719143,0.00000000
0.00,CO RFI,J7o,12,0.00824346,0.00000000
0.00,CO RFI,J8o,12,0.01016142,0.00000000
0.00,CO RFI,J9o,12,0.01339387,0.00000000
0.00,CO RFI,JTo,12,0.02236626,0.00000000
0.00,CO RFI,Q2o,12,0.00671252,0.00000000
0.00,CO RFI,Q3o,12,0.00701091,0.00000000
0.00,CO RFI,Q4o,12,0.00800953,0.00000000
0.00,CO RFI,Q5o,12,0.00883485,0.00000000
0.00,CO RFI,Q6o,12,0.01023852,0.00000000
0.00,CO RFI,Q7o,12,0.01026056,0.00000000
0.00,CO RFI,Q8o,12,0.01444205,0.00000000
0.00,CO RFI,Q9o,12,0.01970729,0.00000000
0.00,CO RFI,QTo,12,0.05144472,0.00000000
0.00,CO RFI,QJo,12,0.06889216,0.00000000
0.00,CO RFI,K2o,12,0.00966045,0.00000000
0.00,CO RFI,K3o,12,0.01102686,0.00000000
0.00,CO RFI,K4o,12,0.01124100,0.00000000
0.00,CO RFI,K5o,12,0.01356404,0.00000000
0.00,CO RFI,K6o,12,0.01626123,0.00000000
0.00,CO RFI,K7o,12,0.01783973,0.00000000
0.00,CO RFI,K8o,12,0.02131035,0.00000000
0.00,CO RFI,K9o,12,0.04038820,0.00000000
0.00,CO RFI,KTo,12,0.31321755,0.00000000
0.00,CO RFI,KJo,12,0.89384330,0.00000000
0.00,CO RFI,KQo,12,0.96123400,0.00000000
0.00,CO RFI,A2o,12,0.02072610,0.00000000
0.00,CO RFI,A3o,12,0.02798661,0.00000000
0.00,CO RFI,A4o,12,0.03690068,0.00000000
0.00,CO RFI,A5o,12,0.06417304,0.00000000
0.00,CO RFI,A6o,12,0.08917259,0.00000000
0.00,CO RFI,A7o,12,0.21229458,0.00000000
0.00,CO RFI,A8o,12,0.82719330,0.00000000
0.00,CO RFI,A9o,12,0.92900175,0.00000000
0.00,CO RFI,ATo,12,0.97214454,0.00000000
0.00,CO RFI,AJo,12,0.97403720,0.00000000
0.00,CO RFI,AQo,12,0.98686710,0.00000000
0.00,CO RFI,AKo,12,0.99409306,0.00000000
0.00,BTN RFI,22,6,0.01786257,0.00000000
0.00,BTN RFI,33,6,0.04199374,0.00000000
0.00,BTN RFI,44,6,0.25367510,0.00000000
0.00,BTN RFI,55,6,0.91456705,0.00000000
0.00,BTN RFI,66,6,0.94935846,0.00000000
0.00,BTN RFI,77,6,0.96971613,0.00000000
0.00,BTN RFI,88,6,0.97315360,0.00000000
0.00,BTN RFI,99,6,0.98657525,0.00000000
0.00,BTN RFI,TT,6,0.99108400,0.00000000
0.00,BTN RFI,JJ,6,0.99441576,0.00000000
0.00,BTN RFI,QQ,6,0.99519630,0.00000000
0.00,BTN RFI,KK,6,0.99734690,0.00000000
0.00,BTN RFI,AA,6,0.99974227,0.00000000
0.00,BTN RFI,32s,4,0.00437235,0.00000000
0.00,BTN RFI,42s,4,0.00489192,0.00000000
0.00,BTN RFI,43s,4,0.00589088,0.00000000
0.00,BTN RFI,52s,4,0.00526719,0.00000000
0.00,BTN RFI,53s,4,0.00590944,0.00000000
0.00,BTN RFI,54s,4,0.00729015,0.00000000
0.00,BTN RFI,62s,4,0.00504818,0.00000000
0.00,BTN RFI,63s,4,0.00718538,0.00000000
0.00,BTN RFI,64s,4,0.00817973,0.00000000
0.00,BTN RFI,65s,4,0.01023155,0.00000000
0.00,BTN RFI,72s,4,0.00533339,0.00000000
0.00,BTN RFI,73s,4,0.00614801,0.00000000
0.00,BTN RFI,74s,4,0.00828410,0.00000000
0.00,BTN RFI,75s,4,0.01005276,0.00000000
0.00,BTN RFI,76s,4,0.01192816,0.00000000
0.00,BTN RFI,82s,4,0.00645401,0.00000000
0.00,BTN RFI,83s,4,0.00774855,0.00000000
0.00,BTN RFI,84s,4,0.00879776,0.00000000
0.00,BTN RFI,85s,4,0.01213518,0.00000000
0.00,BTN RFI,86s,4,0.01308871,0.00000000
0.00,BTN RFI,87s,4,0.01730184,0.00000000
0.00,BTN RFI,92s,4,0.00922196,0.00000000
0.00,BTN RFI,93s,4,0.00904395,0.00000000
0.00,BTN RFI,94s,4,0.01039216,0.00000000
0.00,BTN RFI,95s,4,0.01202810,0.00000000
0.00,BTN RFI,96s,4,0.01458502,0.00000000
0.00,BTN RFI,97s,4,0.02031849,0.00000000
0.00,BTN RFI,98s,4,0.02597911,0.00000000
0.00,BTN RFI,T2s,4,0.01073841,0.00000000
0.00,BTN RFI,T3s,4,0.01199841,0.00000000
0.00,BTN RFI,T4s,4,0.01207070,0.00000000
0.00,BTN RFI,T5s,4,0.01554565,0.00000000
0.00,BTN RFI,T6s,4,0.01803500,0.00000000
0.00,BTN RFI,T7s,4,0.02592114,0.00000000
0.00,BTN RFI,T8s,4,0.03188381,0.00000000
0.00,BTN RFI,T9s,4,0.05879078,0.00000000
0.00,BTN RFI,J2s,4,0.01428029,0.00000000
0.00,BTN RFI,J3s,4,0.01642514,0.00000000
0.00,BTN RFI,J4s,4,0.01846729,0.00000000
0.00,BTN RFI,J5s,4,0.02019094,0.00000000
0.00,BTN RFI,J6s,4,0.02197014,0.00000000
0.00,BTN RFI,J7s,4,0.03449956,0.00000000
0.00,BTN RFI,J8s,4,0.03978042,0.00000000
0.00,BTN RFI,J9s,4,0.08330388,0.00000000
0.00,BTN RFI,JTs,4,0.71118075,0.00000000
0.00,BTN RFI,Q2s,4,0.02104241,0.00000000
0.00,BTN RFI,Q3s,4,0.02518050,0.00000000
0.00,BTN RFI,Q4s,4,0.02917210,0.00000000
0.00,BTN RFI,Q5s,4,0.03234385,0.00000000
0.00,BTN RFI,Q6s,4,0.04595345,0.00000000
0.00,BTN RFI,Q7s,4,0.04721367,0.00000000
0.00,BTN RFI,Q8s,4,0.09615153,0.00000000
0.00,BTN RFI,Q9s,4,0.33349985,0.00000000
0.00,BTN RFI,QTs,4,0.84249040,0.00000000
0.00,BTN RFI,QJs,4,0.91756000,0.00000000
0.00,BTN RFI,K2s,4,0.03552905,0.00000000
0.00,BTN RFI,K3s,4,0.04496843,0.00000000
0.00,BTN RFI,K4s,4,0.06025556,0.00000000
0.00,BTN RFI,K5s,4,0.07837655,0.00000000
0.00,BTN RFI,K6s,4,0.07233200,0.00000000
0.00,BTN RFI,K7s,4,0.13196354,0.00000000
0.00,BTN RFI,K8s,4,0.57377500,0.00000000
0.00,BTN RFI,K9s,4,0.83566266,0.00000000
0.00,BTN RFI,KTs,4,0.93770960,0.00000000
0.00,BTN RFI,KJs,4,0.95191520,0.00000000
0.00,BTN RFI,KQs,4,0.97027930,0.00000000
0.00,BTN RFI,A2s,4,0.45448992,0.00000000
0.00,BTN RFI,A3s,4,0.78951660,0.00000000
0.00,BTN RFI,A4s,4,0.90199250,0.00000000
0.00,BTN RFI,A5s,4,0.87612520,0.00000000
0.00,BTN RFI,A6s,4,0.92081547,0.00000000
0.00,BTN RFI,A7s,4,0.94001675,0.00000000
0.00,BTN RFI,A8s,4,0.95219886,0.00000000
0.00,BTN RFI,A9s,4,0.95946485,0.00000000
0.00,BTN RFI,ATs,4,0.97123190,0.00000000
0.00,BTN RFI,AJs,4,0.98089310,0.00000000
0.00,BTN RFI,AQs,4,0.98467470,0.00000000
0.00,BTN RFI,AKs,4,0.99390304,0.00000000
0.00,BTN RFI,32o,12,0.00200395,0.00000000
0.00,BTN RFI,42o,12,0.00218057,0.00000000
0.00,BTN RFI,43o,12,0.00235477,0.00000000
0.00,BTN RFI,52o,12,0.00231817,0.00000000
0.00,BTN RFI,53o,12,0.00277677,0.00000000
0.00,BTN RFI,54o,12,0.00334546,0.00000000
0.00,BTN RFI,62o,12,0.00237236,0.00000000
0.00,BTN RFI,63o,12,0.00265218,0.00000000
0.00,BTN RFI,64o,12,0.00320007,0.00000000
0.00,BTN RFI,65o,12,0.00388618,0.00000000
0.00,BTN RFI,72o,12,0.00262607,0.00000000
0.00,BTN RFI,73o,12,0.00309491,0.00000000
0.00,BTN RFI,74o,12,0.00380298,0.00000000
0.00,BTN RFI,75o,12,0.00423421,0.00000000
0.00,BTN RFI,76o,12,0.00505801,0.00000000
0.00,BTN RFI,82o,12,0.00325896,0.00000000
0.00,BTN RFI,83o,12,0.00327714,0.00000000
0.00,BTN RFI,84o,12,0.00413910,0.00000000
0.00,BTN RFI,85o,12,0.00529229,0.00000000
0.00,BTN RFI,86o,12,0.00557020,0.00000000
0.00,BTN RFI,87o,12,0.00659296,0.00000000
0.00,BTN RFI,92o,12,0.00370269,0.00000000
0.00,BTN RFI,93o,12,0.00407994,0.00000000
0.00,BTN RFI,94o,12,0.00452693,0.00000000
0.00,BTN RFI,95o,12,0.00519463,0.00000000
0.00,BTN RFI,96o,12,0.00634199,0.00000000
0.00,BTN RFI,97o,12,0.00786810,0.00000000
0.00,BTN RFI,98o,12,0.00952649,0.00000000
0.00,BTN RFI,T2o,12,0.00507858,0.00000000
0.00,BTN RFI,T3o,12,0.00563788,0.00000000
0.00,BTN RFI,T4o,12,0.00587183,0.00000000
0.00,BTN RFI,T5o,12,0.00668375,0.00000000
0.00,BTN RFI,T6o,12,0.00782001,0.00000000
0.00,BTN RFI,T7o,12,0.00924165,0.00000000
0.00,BTN RFI,T8o,12,0.01264578,0.00000000
0.00,BTN RFI,T9o,12,0.01522658,0.00000000
0.00,BTN RFI,J2o,12,0.00702477,0.00000000
0.00,BTN RFI,J3o,12,0.00709054,0.00000000
0.00,BTN RFI,J4o,12,0.00781372,0.00000000
0.00,BTN RFI,J5o,12,0.00824534,0.00000000
0.00,BTN RFI,J6o,12,0.00972079,0.00000000
0.00,BTN RFI,J7o,12,0.01191653,0.00000000
0.00,BTN RFI,J8o,12,0.01427392,0.00000000
0.00,BTN RFI,J9o,12,0.02349759,0.00000000
0.00,BTN RFI,JTo,12,0.03931828,0.00000000
0.00,BTN RFI,Q2o,12,0.00797847,0.00000000
0.00,BTN RFI,Q3o,12,0.00996850,0.00000000
0.00,BTN RFI,Q4o,12,0.01104678,0.00000000
0.00,BTN RFI,Q5o,12,0.01221897,0.00000000
0.00,BTN RFI,Q6o,12,0.01540388,0.00000000
0.00,BTN RFI,Q7o,12,0.01604307,0.00000000
0.00,BTN RFI,Q8o,12,0.02388412,0.00000000
0.00,BTN RFI,Q9o,12,0.04211110,0.00000000
0.00,BTN RFI,QTo,12,0.18083957,0.00000000
0.00,BTN RFI,QJo,12,0.84012204,0.00000000
0.00,BTN RFI,K2o,12,0.01313743,0.00000000
0.00,BTN RFI,K3o,12,0.01451121,0.00000000
0.00,BTN RFI,K4o,12,0.01811267,0.00000000
0.00,BTN RFI,K5o,12,0.02167640,0.00000000
0.00,BTN RFI,K6o,12,0.02579327,0.00000000
0.00,BTN RFI,K7o,12,0.03174712,0.00000000
0.00,BTN RFI,K8o,12,0.04267280,0.00000000
0.00,BTN RFI,K9o,12,0.18253312,0.00000000
0.00,BTN RFI,KTo,12,0.93909910,0.00000000
0.00,BTN RFI,KJo,12,0.96151334,0.00000000
0.00,BTN RFI,KQo,12,0.97041850,0.00000000
0.00,BTN RFI,A2o,12,0.05258815,0.00000000
0.00,BTN RFI,A3o,12,0.07996297,0.00000000
0.00,BTN RFI,A4o,12,0.28888030,0.00000000
0.00,BTN RFI,A5o,12,0.82455844,0.00000000
0.00,BTN RFI,A6o,12,0.88469833,0.00000000
0.00,BTN RFI,A7o,12,0.93352400,0.00000000
0.00,BTN RFI,A8o,12,0.96729930,0.00000000
0.00,BTN RFI,A9o,12,0.97504735,0.00000000
0.00,BTN RFI,ATo,12,0.97511620,0.00000000
0.00,BTN RFI,AJo,12,0.98387880,0.00000000
0.00,BTN RFI,AQo,12,0.98967576,0.00000000
0.00,BTN RFI,AKo,12,0.99460710,0.00000000
0.00,SB RFI,22,6,0.04805700,0.94586736
0.00,SB RFI,33,6,0.08753625,0.90620970
0.00,SB RFI,44,6,0.44316160,0.54516980
0.00,SB RFI,55,6,0.63983660,0.34490183
0.00,SB RFI,66,6,0.55828303,0.43085290
0.00,SB RFI,77,6,0.40741760,0.58469120
0.00,SB RFI,88,6,0.89128440,0.10067327
0.00,SB RFI,99,6,0.84253895,0.15301642
0.00,SB RFI,TT,6,0.89228070,0.10434912
0.00,SB RFI,JJ,6,0.71697590,0.28109908
0.00,SB RFI,QQ,6,0.68968093,0.30909530
0.00,SB RFI,KK,6,0.86624557,0.13304381
0.00,SB RFI,AA,6,0.85599494,0.14399911
0.00,SB RFI,32s,4,0.03733666,0.09822694
0.00,SB RFI,42s,4,0.03301395,0.13839218
0.00,SB RFI,43s,4,0.03504758,0.87411830
0.00,SB RFI,52s,4,0.03091118,0.39892090
0.00,SB RFI,53s,4,0.03607739,0.92635650
0.00,SB RFI,54s,4,0.03815116,0.93089940
0.00,SB RFI,62s,4,0.04218458,0.51963717
0.00,SB RFI,63s,4,0.03107552,0.91630596
0.00,SB RFI,64s,4,0.04126241,0.92459120
0.00,SB RFI,65s,4,0.03825871,0.94545037
0.00,SB RFI,72s,4,0.02986525,0.51827060
0.00,SB RFI,73s,4,0.04037787,0.90183240
0.00,SB RFI,74s,4,0.03062236,0.94485140
0.00,SB RFI,75s,4,0.02955783,0.95240190
0.00,SB RFI,76s,4,0.03732055,0.95237380
0.00,SB RFI,82s,4,0.02995662,0.91527920
0.00,SB RFI,83s,4,0.03126810,0.91501980
0.00,SB RFI,84s,4,0.03439878,0.94441400
0.00,SB RFI,85s,4,0.03316753,0.94953180
0.00,SB RFI,86s,4,0.03513397,0.95182810
0.00,SB RFI,87s,4,0.04426495,0.94748780
0.00,SB RFI,92s,4,0.03171636,0.93664825
0.00,SB RFI,93s,4,0.03944940,0.93627090
0.00,SB RFI,94s,4,0.03839690,0.94100510
0.00,SB RFI,95s,4,0.03036574,0.95595384
0.00,SB RFI,96s,4,0.03281952,0.95719710
0.00,SB RFI,97s,4,0.04304260,0.94974905
0.00,SB RFI,98s,4,0.04256133,0.95124650
0.00,SB RFI,T2s,4,0.03477179,0.94751150
0.00,SB RFI,T3s,4,0.03262626,0.95170224
0.00,SB RFI,T4s,4,0.04493928,0.94071840
0.00,SB RFI,T5s,4,0.03241471,0.95610850
0.00,SB RFI,T6s,4,0.05241045,0.93878037
0.00,SB RFI,T7s,4,0.04145834,0.95181760
0.00,SB RFI,T8s,4,0.05091758,0.94385916
0.00,SB RFI,T9s,4,0.06040701,0.93491864
0.00,SB RFI,J2s,4,0.03936733,0.94871330
0.00,SB RFI,J3s,4,0.04406631,0.94746900
0.00,SB RFI,J4s,4,0.03990415,0.94944364
0.00,SB RFI,J5s,4,0.04313160,0.94864220
0.00,SB RFI,J6s,4,0.05309676,0.93849960
0.00,SB RFI,J7s,4,0.05945001,0.93404960
0.00,SB RFI,J8s,4,0.09738038,0.89705660
0.00,SB RFI,J9s,4,0.12726393,0.86773944
0.00,SB RFI,JTs,4,0.60233520,0.38540120
0.00,SB RFI,Q2s,4,0.04570905,0.94732230
0.00,SB RFI,Q3s,4,0.05531384,0.93812280
0.00,SB RFI,Q4s,4,0.06799402,0.92508330
0.00,SB RFI,Q5s,4,0.06227388,0.93192780
0.00,SB RFI,Q6s,4,0.12251368,0.87169963
0.00,SB RFI,Q7s,4,0.09840649,0.89665470
0.00,SB RFI,Q8s,4,0.21817465,0.77679694
0.00,SB RFI,Q9s,4,0.37898263,0.61259610
0.00,SB RFI,QTs,4,0.78888970,0.19674721
0.00,SB RFI,QJs,4,0.78436816,0.20331965
0.00,SB RFI,K2s,4,0.10058925,0.89390080
0.00,SB RFI,K3s,4,0.11803104,0.87694085
0.00,SB RFI,K4s,4,0.14567713,0.84966330
0.00,SB RFI,K5s,4,0.30222696,0.69137480
0.00,SB RFI,K6s,4,0.23642443,0.75793606
0.00,SB RFI,K7s,4,0.23112817,0.76423967
0.00,SB RFI,K8s,4,0.54322046,0.45046705
0.00,SB RFI,K9s,4,0.65790810,0.33440265
0.00,SB RFI,KTs,4,0.83287615,0.15406974
0.00,SB RFI,KJs,4,0.80017960,0.18751675
0.00,SB RFI,KQs,4,0.77860010,0.21231657
0.00,SB RFI,A2s,4,0.21423922,0.77944910
0.00,SB RFI,A3s,4,0.70200430,0.28825092
0.00,SB RFI,A4s,4,0.71552970,0.27108000
0.00,SB RFI,A5s,4,0.50607050,0.48290350
0.00,SB RFI,A6s,4,0.84859360,0.13927084
0.00,SB RFI,A7s,4,0.78828750,0.19864687
0.00,SB RFI,A8s,4,0.70684177,0.28245902
0.00,SB RFI,A9s,4,0.56908184,0.42233256
0.00,SB RFI,ATs,4,0.73169760,0.26061090
0.00,SB RFI,AJs,4,0.44219673,0.55292600
0.00,SB RFI,AQs,4,0.45023490,0.54699220
0.00,SB RFI,AKs,4,0.81546134,0.18207555
0.00,SB RFI,32o,12,0.01350762,0.00456490
0.00,SB RFI,42o,12,0.01652945,0.00636387
0.00,SB RFI,43o,12,0.01820617,0.01594768
0.00,SB RFI,52o,12,0.01663153,0.00869596
0.00,SB RFI,53o,12,0.01751798,0.08110784
0.00,SB RFI,54o,12,0.02210741,0.92892610
0.00,SB RFI,62o,12,0.01597530,0.00795129
0.00,SB RFI,63o,12,0.02005346,0.02519054
0.00,SB RFI,64o,12,0.02002330,0.79562710
0.00,SB RFI,65o,12,0.02098675,0.95490170
0.00,SB RFI,72o,12,0.01595290,0.01235196
0.00,SB RFI,73o,12,0.02154915,0.02932403
0.00,SB RFI,74o,12,0.02045164,0.83243100
0.00,SB RFI,75o,12,0.01914180,0.95934737
0.00,SB RFI,76o,12,0.02064749,0.96639960
0.00,SB RFI,82o,12,0.01783967,0.06544580
0.00,SB RFI,83o,12,0.01743269,0.21243939
0.00,SB RFI,84o,12,0.01892245,0.93733420
0.00,SB RFI,85o,12,0.01925193,0.95771855
0.00,SB RFI,86o,12,0.02024905,0.96817480
0.00,SB RFI,87o,12,0.02126947,0.97137564
0.00,SB RFI,92o,12,0.01783101,0.92066120
0.00,SB RFI,93o,12,0.01914296,0.94185954
0.00,SB RFI,94o,12,0.02032642,0.94899774
0.00,SB RFI,95o,12,0.01863432,0.96567750
0.00,SB RFI,96o,12,0.02097638,0.96893110
0.00,SB RFI,97o,12,0.02512405,0.96820530
0.00,SB RFI,98o,12,0.02530563,0.96946216
0.00,SB RFI,T2o,12,0.02207954,0.96106344
0.00,SB RFI,T3o,12,0.01953212,0.96540034
0.00,SB RFI,T4o,12,0.01949944,0.96617293
0.00,SB RFI,T5o,12,0.02463412,0.96382240
0.00,SB RFI,T6o,12,0.02425202,0.96807280
0.00,SB RFI,T7o,12,0.02962371,0.96447640
0.00,SB RFI,T8o,12,0.03147853,0.96390490
0.00,SB RFI,T9o,12,0.03895200,0.95752925
0.00,SB RFI,J2o,12,0.02139917,0.96625006
0.00,SB RFI,J3o,12,0.02350748,0.96677494
0.00,SB RFI,J4o,12,0.02696572,0.96374893
0.00,SB RFI,J5o,12,0.02860251,0.96343750
0.00,SB RFI,J6o,12,0.03471344,0.95821595
0.00,SB RFI,J7o,12,0.03257766,0.96287050
0.00,SB RFI,J8o,12,0.04286360,0.95311000
0.00,SB RFI,J9o,12,0.04909623,0.94776470
0.00,SB RFI,JTo,12,0.05048261,0.94715020
0.00,SB RFI,Q2o,12,0.03379563,0.95882684
0.00,SB RFI,Q3o,12,0.03841083,0.95490660
0.00,SB RFI,Q4o,12,0.04004576,0.95434254
0.00,SB RFI,Q5o,12,0.03524377,0.95947100
0.00,SB RFI,Q6o,12,0.04918579,0.94645256
0.00,SB RFI,Q7o,12,0.10587207,0.88994060
0.00,SB RFI,Q8o,12,0.10544958,0.89118254
0.00,SB RFI,Q9o,12,0.19857740,0.79893360
0.00,SB RFI,QTo,12,0.18928471,0.80861056
0.00,SB RFI,QJo,12,0.69898610,0.29590473
0.00,SB RFI,K2o,12,0.06713797,0.92862230
0.00,SB RFI,K3o,12,0.06666523,0.92953545
0.00,SB RFI,K4o,12,0.07067709,0.92622906
0.00,SB RFI,K5o,12,0.07540286,0.92156850
0.00,SB RFI,K6o,12,0.26829535,0.72853667
0.00,SB RFI,K7o,12,0.47571856,0.52020955
0.00,SB RFI,K8o,12,0.45352042,0.54294420
0.00,SB RFI,K9o,12,0.61756160,0.37776697
0.00,SB RFI,KTo,12,0.93451690,0.06047339
0.00,SB RFI,KJo,12,0.90254130,0.08913781
0.00,SB RFI,KQo,12,0.83166640,0.16056298
0.00,SB RFI,A2o,12,0.35200635,0.64550155
0.00,SB RFI,A3o,12,0.23446308,0.76350670
0.00,SB RFI,A4o,12,0.27699130,0.72098930
0.00,SB RFI,A5o,12,0.84713070,0.14784472
0.00,SB RFI,A6o,12,0.77683395,0.21893443
0.00,SB RFI,A7o,12,0.88873820,0.10664874
0.00,SB RFI,A8o,12,0.93382806,0.06158467
0.00,SB RFI,A9o,12,0.74840360,0.24279542
0.00,SB RFI,ATo,12,0.35599667,0.63916180
0.00,SB RFI,AJo,12,0.30958062,0.68660070
0.00,SB RFI,AQo,12,0.81388980,0.18343987
0.00,SB RFI,AKo,12,0.79030454,0.20833778
0.05,UTG RFI,22,6,0.01090004,0.00000000
0.05,UTG RFI,33,6,0.01449153,0.00000000
0.05,UTG RFI,44,6,0.02281749,0.00000000
0.05,UTG RFI,55,6,0.06722550,0.00000000
0.05,UTG RFI,66,6,0.50898490,0.00000000
0.05,UTG RFI,77,6,0.88395720,0.00000000
0.05,UTG RFI,88,6,0.95736520,0.00000000
0.05,UTG RFI,99,6,0.97880435,0.00000000
0.05,UTG RFI,TT,6,0.98878980,0.00000000
0.05,UTG RFI,JJ,6,0.99287283,0.00000000
0.05,UTG RFI,QQ,6,0.99542970,0.00000000
0.05,UTG RFI,KK,6,0.99737420,0.00000000
0.05,UTG RFI,AA,6,0.99976015,0.00000000
0.05,UTG RFI,32s,4,0.00498258,0.00000000
0.05,UTG RFI,42s,4,0.00482840,0.00000000
0.05,UTG RFI,43s,4,0.00474178,0.00000000
0.05,UTG RFI,52s,4,0.00460962,0.00000000
0.05,UTG RFI,53s,4,0.00589290,0.00000000
0.05,UTG RFI,54s,4,0.00703045,0.00000000
0.05,UTG RFI,62s,4,0.00489032,0.00000000
0.05,UTG RFI,63s,4,0.00556388,0.00000000
0.05,UTG RFI,64s,4,0.00684068,0.00000000
0.05,UTG RFI,65s,4,0.00652469,0.00000000
0.05,UTG RFI,72s,4,0.00471037,0.00000000
0.05,UTG RFI,73s,4,0.00614564,0.00000000
0.05,UTG RFI,74s,4,0.00638908,0.00000000
0.05,UTG RFI,75s,4,0.00736730,0.00000000
0.05,UTG RFI,76s,4,0.00891694,0.00000000
0.05,UTG RFI,82s,4,0.00505197,0.00000000
0.05,UTG RFI,83s,4,0.00478130,0.00000000
0.05,UTG RFI,84s,4,0.00628500,0.00000000
0.05,UTG RFI,85s,4,0.00721391,0.00000000
0.05,UTG RFI,86s,4,0.00845388,0.00000000
0.05,UTG RFI,87s,4,0.01152861,0.00000000
0.05,UTG RFI,92s,4,0.00711673,0.00000000
0.05,UTG RFI,93s,4,0.00762515,0.00000000
0.05,UTG RFI,94s,4,0.00683303,0.00000000
0.05,UTG RFI,95s,4,0.00801960,0.00000000
0.05,UTG RFI,96s,4,0.01031954,0.00000000
0.05,UTG RFI,97s,4,0.01137053,0.00000000
0.05,UTG RFI,98s,4,0.01429490,0.00000000
0.05,UTG RFI,T2s,4,0.00655813,0.00000000
0.05,UTG RFI,T3s,4,0.00724699,0.00000000
0.05,UTG RFI,T4s,4,0.00784989,0.00000000
0.05,UTG RFI,T5s,4,0.00868437,0.00000000
0.05,UTG RFI,T6s,4,0.01024715,0.00000000
0.05,UTG RFI,T7s,4,0.01323135,0.00000000
0.05,UTG RFI,T8s,4,0.01507471,0.00000000
0.05,UTG RFI,T9s,4,0.02633697,0.00000000
0.05,UTG RFI,J2s,4,0.00728250,0.00000000
0.05,UTG RFI,J3s,4,0.00866609,0.00000000
0.05,UTG RFI,J4s,4,0.00968482,0.00000000
0.05,UTG RFI,J5s,4,0.01021483,0.00000000
0.05,UTG RFI,J6s,4,0.01119669,0.00000000
0.05,UTG RFI,J7s,4,0.01420720,0.00000000
0.05,UTG RFI,J8s,4,0.01737127,0.00000000
0.05,UTG RFI,J9s,4,0.02393691,0.00000000
0.05,UTG RFI,JTs,4,0.11376126,0.00000000
0.05,UTG RFI,Q2s,4,0.00973397,0.00000000
0.05,UTG RFI,Q3s,4,0.01069524,0.00000000
0.05,UTG RFI,Q4s,4,0.01168806,0.00000000
0.05,UTG RFI,Q5s,4,0.01206662,0.00000000
0.05,UTG RFI,Q6s,4,0.01678709,0.00000000
0.05,UTG RFI,Q7s,4,0.01694019,0.00000000
0.05,UTG RFI,Q8s,4,0.02309306,0.00000000
0.05,UTG RFI,Q9s,4,0.03487213,0.00000000
0.05,UTG RFI,QTs,4,0.15238765,0.00000000
0.05,UTG RFI,QJs,4,0.35415965,0.00000000
0.05,UTG RFI,K2s,4,0.01418955,0.00000000
0.05,UTG RFI,K3s,4,0.01656464,0.00000000
0.05,UTG RFI,K4s,4,0.01674761,0.00000000
0.05,UTG RFI,K5s,4,0.02163150,0.00000000
0.05,UTG RFI,K6s,4,0.02164944,0.00000000
0.05,UTG RFI,K7s,4,0.02558669,0.00000000
0.05,UTG RFI,K8s,4,0.03153991,0.00000000
0.05,UTG RFI,K9s,4,0.07722503,0.00000000
0.05,UTG RFI,KTs,4,0.79019430,0.00000000
0.05,UTG RFI,KJs,4,0.90450600,0.00000000
0.05,UTG RFI,KQs,4,0.95086130,0.00000000
0.05,UTG RFI,A2s,4,0.03547492,0.00000000
0.05,UTG RFI,A3s,4,0.05334949,0.00000000
0.05,UTG RFI,A4s,4,0.06201617,0.00000000
0.05,UTG RFI,A5s,4,0.10257962,0.00000000
0.05,UTG RFI,A6s,4,0.09873458,0.00000000
0.05,UTG RFI,A7s,4,0.10878827,0.00000000
0.05,UTG RFI,A8s,4,0.76415324,0.00000000
0.05,UTG RFI,A9s,4,0.82916130,0.00000000
0.05,UTG RFI,ATs,4,0.95908500,0.00000000
0.05,UTG RFI,AJs,4,0.96456385,0.00000000
0.05,UTG RFI,AQs,4,0.98314440,0.00000000
0.05,UTG RFI,AKs,4,0.99286205,0.00000000
0.05,UTG RFI,32o,12,0.00226340,0.00000000
0.05,UTG RFI,42o,12,0.00241233,0.00000000
0.05,UTG RFI,43o,12,0.00243700,0.00000000
0.05,UTG RFI,52o,12,0.00245500,0.00000000
0.05,UTG RFI,53o,12,0.00261713,0.00000000
0.05,UTG RFI,54o,12,0.00284791,0.00000000
0.05,UTG RFI,62o,12,0.00241375,0.00000000
0.05,UTG RFI,63o,12,0.00263132,0.00000000
0.05,UTG RFI,64o,12,0.00290755,0.00000000
0.05,UTG RFI,65o,12,0.00304170,0.00000000
0.05,UTG RFI,72o,12,0.00256451,0.00000000
0.05,UTG RFI,73o,12,0.00281409,0.00000000
0.05,UTG RFI,74o,12,0.00277452,0.00000000
0.05,UTG RFI,75o,12,0.00311982,0.00000000
0.05,UTG RFI,76o,12,0.00348082,0.00000000
0.05,UTG RFI,82o,12,0.00263588,0.00000000
0.05,UTG RFI,83o,12,0.00276929,0.00000000
0.05,UTG RFI,84o,12,0.00307185,0.00000000
0.05,UTG RFI,85o,12,0.00336886,0.00000000
0.05,UTG RFI,86o,12,0.00346411,0.00000000
0.05,UTG RFI,87o,12,0.00438684,0.00000000
0.05,UTG RFI,92o,12,0.00305500,0.00000000
0.05,UTG RFI,93o,12,0.00294237,0.00000000
0.05,UTG RFI,94o,12,0.00327450,0.00000000
0.05,UTG RFI,95o,12,0.00356623,0.00000000
0.05,UTG RFI,96o,12,0.00387513,0.00000000
0.05,UTG RFI,97o,12,0.00446840,0.00000000
0.05,UTG RFI,98o,12,0.00517291,0.00000000
0.05,UTG RFI,T2o,12,0.00319649,0.00000000
0.05,UTG RFI,T3o,12,0.00341543,0.00000000
0.05,UTG RFI,T4o,12,0.00370081,0.00000000
0.05,UTG RFI,T5o,12,0.00370907,0.00000000
0.05,UTG RFI,T6o,12,0.00406618,0.00000000
0.05,UTG RFI,T7o,12,0.00446295,0.00000000
0.05,UTG RFI,T8o,12,0.00533357,0.00000000
0.05,UTG RFI,T9o,12,0.00696778,0.00000000
0.05,UTG RFI,J2o,12,0.00357768,0.00000000
0.05,UTG RFI,J3o,12,0.00367559,0.00000000
0.05,UTG RFI,J4o,12,0.00442054,0.00000000
0.05,UTG RFI,J5o,12,0.00435045,0.00000000
0.05,UTG RFI,J6o,12,0.00408875,0.00000000
0.05,UTG RFI,J7o,12,0.00510942,0.00000000
0.05,UTG RFI,J8o,12,0.00642468,0.00000000
0.05,UTG RFI,J9o,12,0.00787222,0.00000000
0.05,UTG RFI,JTo,12,0.01399570,0.00000000
0.05,UTG RFI,Q2o,12,0.00432201,0.00000000
0.05,UTG RFI,Q3o,12,0.00454484,0.00000000
0.05,UTG RFI,Q4o,12,0.00532153,0.00000000
0.05,UTG RFI,Q5o,12,0.00557106,0.00000000
0.05,UTG RFI,Q6o,12,0.00595936,0.00000000
0.05,UTG RFI,Q7o,12,0.00609250,0.00000000
0.05,UTG RFI,Q8o,12,0.00781533,0.00000000
0.05,UTG RFI,Q9o,12,0.00967810,0.00000000
0.05,UTG RFI,QTo,12,0.01929507,0.00000000
0.05,UTG RFI,QJo,12,0.02271847,0.00000000
0.05,UTG RFI,K2o,12,0.00554459,0.00000000
0.05,UTG RFI,K3o,12,0.00656107,0.00000000
0.05,UTG RFI,K4o,12,0.00619252,0.00000000
0.05,UTG RFI,K5o,12,0.00661684,0.00000000
0.05,UTG RFI,K6o,12,0.00782434,0.00000000
0.05,UTG RFI,K7o,12,0.00797843,0.00000000
0.05,UTG RFI,K8o,12,0.01008666,0.00000000
0.05,UTG RFI,K9o,12,0.01755884,0.00000000
0.05,UTG RFI,KTo,12,0.04280191,0.00000000
0.05,UTG RFI,KJo,12,0.06891715,0.00000000
0.05,UTG RFI,KQo,12,0.88227010,0.00000000
0.05,UTG RFI,A2o,12,0.01065196,0.00000000
0.05,UTG RFI,A3o,12,0.01079855,0.00000000
0.05,UTG RFI,A4o,12,0.01434971,0.00000000
0.05,UTG RFI,A5o,12,0.01465183,0.00000000
0.05,UTG RFI,A6o,12,0.01481593,0.00000000
0.05,UTG RFI,A7o,12,0.02026224,0.00000000
0.05,UTG RFI,A8o,12,0.03510840,0.00000000
0.05,UTG RFI,A9o,12,0.07797164,0.00000000
0.05,UTG RFI,ATo,12,0.88469255,0.00000000
0.05,UTG RFI,AJo,12,0.96781010,0.00000000
0.05,UTG RFI,AQo,12,0.98361367,0.00000000
0.05,UTG RFI,AKo,12,0.99400060,0.00000000
0.05,HJ RFI,22,6,0.01520421,0.00000000
0.05,HJ RFI,33,6,0.02232638,0.00000000
0.05,HJ RFI,44,6,0.06826703,0.00000000
0.05,HJ RFI,55,6,0.19434983,0.00000000
0.05,HJ RFI,66,6,0.82700956,0.00000000
0.05,HJ RFI,77,6,0.96429145,0.00000000
0.05,HJ RFI,88,6,0.97474450,0.00000000
0.05,HJ RFI,99,6,0.98337330,0.00000000
0.05,HJ RFI,TT,6,0.98924210,0.00000000
0.05,HJ RFI,JJ,6,0.99278057,0.00000000
0.05,HJ RFI,QQ,6,0.99565030,0.00000000
0.05,HJ RFI,KK,6,0.99753770,0.00000000
0.05,HJ RFI,AA,6,0.99982387,0.00000000
0.05,HJ RFI,32s,4,0.00648575,0.00000000
0.05,HJ RFI,42s,4,0.00647870,0.00000000
0.05,HJ RFI,43s,4,0.00720512,0.00000000
0.05,HJ RFI,52s,4,0.00636583,0.00000000
0.05,HJ RFI,53s,4,0.00807227,0.00000000
0.05,HJ RFI,54s,4,0.00937934,0.00000000
0.05,HJ RFI,62s,4,0.00654182,0.00000000
0.05,HJ RFI,63s,4,0.00692020,0.00000000
0.05,HJ RFI,64s,4,0.00891887,0.00000000
0.05,HJ RFI,65s,4,0.01019129,0.00000000
0.05,HJ RFI,72s,4,0.00718062,0.00000000
0.05,HJ RFI,73s,4,0.00750635,0.00000000
0.05,HJ RFI,74s,4,0.00859583,0.00000000
0.05,HJ RFI,75s,4,0.01084973,0.00000000
0.05,HJ RFI,76s,4,0.01370260,0.00000000
0.05,HJ RFI,82s,4,0.00728726,0.00000000
0.05,HJ RFI,83s,4,0.00792350,0.00000000
0.05,HJ RFI,84s,4,0.00941982,0.00000000
0.05,HJ RFI,85s,4,0.01126839,0.00000000
0.05,HJ RFI,86s,4,0.01237804,0.00000000
0.05,HJ RFI,87s,4,0.01595202,0.00000000
0.05,HJ RFI,92s,4,0.00725933,0.00000000
0.05,HJ RFI,93s,4,0.00912435,0.00000000
0.05,HJ RFI,94s,4,0.00915619,0.00000000
0.05,HJ RFI,95s,4,0.01045570,0.00000000
0.05,HJ RFI,96s,4,0.01298390,0.00000000
0.05,HJ RFI,97s,4,0.01641970,0.00000000
0.05,HJ RFI,98s,4,0.02330779,0.00000000
0.05,HJ RFI,T2s,4,0.00962112,0.00000000
0.05,HJ RFI,T3s,4,0.01037832,0.00000000
0.05,HJ RFI,T4s,4,0.01137732,0.00000000
0.05,HJ RFI,T5s,4,0.01302656,0.00000000
0.05,HJ RFI,T6s,4,0.01381189,0.00000000
0.05,HJ RFI,T7s,4,0.01724453,0.00000000
0.05,HJ RFI,T8s,4,0.02543248,0.00000000
0.05,HJ RFI,T9s,4,0.03425162,0.00000000
0.05,HJ RFI,J2s,4,0.01071880,0.00000000
0.05,HJ RFI,J3s,4,0.01108322,0.00000000
0.05,HJ RFI,J4s,4,0.01325687,0.00000000
0.05,HJ RFI,J5s,4,0.01307379,0.00000000
0.05,HJ RFI,J6s,4,0.01312384,0.00000000
0.05,HJ RFI,J7s,4,0.01826121,0.00000000
0.05,HJ RFI,J8s,4,0.03139329,0.00000000
0.05,HJ RFI,J9s,4,0.04526117,0.00000000
0.05,HJ RFI,JTs,4,0.13846232,0.00000000
0.05,HJ RFI,Q2s,4,0.01254769,0.00000000
0.05,HJ RFI,Q3s,4,0.01490045,0.00000000
0.05,HJ RFI,Q4s,4,0.01682084,0.00000000
0.05,HJ RFI,Q5s,4,0.02350540,0.00000000
0.05,HJ RFI,Q6s,4,0.02320090,0.00000000
0.05,HJ RFI,Q7s,4,0.02545135,0.00000000
0.05,HJ RFI,Q8s,4,0.03700456,0.00000000
0.05,HJ RFI,Q9s,4,0.07060977,0.00000000
0.05,HJ RFI,QTs,4,0.40550593,0.00000000
0.05,HJ RFI,QJs,4,0.87134170,0.00000000
0.05,HJ RFI,K2s,4,0.02567507,0.00000000
0.05,HJ RFI,K3s,4,0.02571695,0.00000000
0.05,HJ RFI,K4s,4,0.02352833,0.00000000
0.05,HJ RFI,K5s,4,0.03499367,0.00000000
0.05,HJ RFI,K6s,4,0.03103584,0.00000000
0.05,HJ RFI,K7s,4,0.04454367,0.00000000
0.05,HJ RFI,K8s,4,0.04755472,0.00000000
0.05,HJ RFI,K9s,4,0.21440578,0.00000000
0.05,HJ RFI,KTs,4,0.87845100,0.00000000
0.05,HJ RFI,KJs,4,0.93529000,0.00000000
0.05,HJ RFI,KQs,4,0.95518860,0.00000000
0.05,HJ RFI,A2s,4,0.05724948,0.00000000
0.05,HJ RFI,A3s,4,0.08238794,0.00000000
0.05,HJ RFI,A4s,4,0.16781600,0.00000000
0.05,HJ RFI,A5s,4,0.40373063,0.00000000
0.05,HJ RFI,A6s,4,0.40588278,0.00000000
0.05,HJ RFI,A7s,4,0.83131820,0.00000000
0.05,HJ RFI,A8s,4,0.90394676,0.00000000
0.05,HJ RFI,A9s,4,0.93244797,0.00000000
0.05,HJ RFI,ATs,4,0.96486460,0.00000000
0.05,HJ RFI,AJs,4,0.97513956,0.00000000
0.05,HJ RFI,AQs,4,0.98400664,0.00000000
0.05,HJ RFI,AKs,4,0.99215865,0.00000000
0.05,HJ RFI,32o,12,0.00296356,0.00000000
0.05,HJ RFI,42o,12,0.00311995,0.00000000
0.05,HJ RFI,43o,12,0.00338570,0.00000000
0.05,HJ RFI,52o,12,0.00332735,0.00000000
0.05,HJ RFI,53o,12,0.00360581,0.00000000
0.05,HJ RFI,54o,12,0.00398797,0.00000000
0.05,HJ RFI,62o,12,0.00335825,0.00000000
0.05,HJ RFI,63o,12,0.00343728,0.00000000
0.05,HJ RFI,64o,12,0.00398906,0.00000000
0.05,HJ RFI,65o,12,0.00448356,0.00000000
0.05,HJ RFI,72o,12,0.00327093,0.00000000
0.05,HJ RFI,73o,12,0.00362363,0.00000000
0.05,HJ RFI,74o,12,0.00365731,0.00000000
0.05,HJ RFI,75o,12,0.00443148,0.00000000
0.05,HJ RFI,76o,12,0.00520472,0.00000000
0.05,HJ RFI,82o,12,0.00375357,0.00000000
0.05,HJ RFI,83o,12,0.00381681,0.00000000
0.05,HJ RFI,84o,12,0.00399135,0.00000000
0.05,HJ RFI,85o,12,0.00450369,0.00000000
0.05,HJ RFI,86o,12,0.00567922,0.00000000
0.05,HJ RFI,87o,12,0.00562689,0.00000000
0.05,HJ RFI,92o,12,0.00381648,0.00000000
0.05,HJ RFI,93o,12,0.00426995,0.00000000
0.05,HJ RFI,94o,12,0.00419625,0.00000000
0.05,HJ RFI,95o,12,0.00481766,0.00000000
0.05,HJ RFI,96o,12,0.00537774,0.00000000
0.05,HJ RFI,97o,12,0.00604215,0.00000000
0.05,HJ RFI,98o,12,0.00767402,0.00000000
0.05,HJ RFI,T2o,12,0.00417469,0.00000000
0.05,HJ RFI,T3o,12,0.00443309,0.00000000
0.05,HJ RFI,T4o,12,0.00495371,0.00000000
0.05,HJ RFI,T5o,12,0.00480845,0.00000000
0.05,HJ RFI,T6o,12,0.00562747,0.00000000
0.05,HJ RFI,T7o,12,0.00638696,0.00000000
0.05,HJ RFI,T8o,12,0.00788127,0.00000000
0.05,HJ RFI,T9o,12,0.01140921,0.00000000
0.05,HJ RFI,J2o,12,0.00463528,0.00000000
0.05,HJ RFI,J3o,12,0.00542474,0.00000000
0.05,HJ RFI,J4o,12,0.00592043,0.00000000
0.05,HJ RFI,J5o,12,0.00585280,0.00000000
0.05,HJ RFI,J6o,12,0.00623839,0.00000000
0.05,HJ RFI,J7o,12,0.00717119,0.00000000
0.05,HJ RFI,J8o,12,0.00899818,0.00000000
0.05,HJ RFI,J9o,12,0.00964152,0.00000000
0.05,HJ RFI,JTo,12,0.01795194,0.00000000
0.05,HJ RFI,Q2o,12,0.00612339,0.00000000
0.05,HJ RFI,Q3o,12,0.00669204,0.00000000
0.05,HJ RFI,Q4o,12,0.00675551,0.00000000
0.05,HJ RFI,Q5o,12,0.00743937,0.00000000
0.05,HJ RFI,Q6o,12,0.00831703,0.00000000
0.05,HJ RFI,Q7o,12,0.00878109,0.00000000
0.05,HJ RFI,Q8o,12,0.01180736,0.00000000
0.05,HJ RFI,Q9o,12,0.01456778,0.00000000
0.05,HJ RFI,QTo,12,0.03038825,0.00000000
0.05,HJ RFI,QJo,12,0.04316852,0.00000000
0.05,HJ RFI,K2o,12,0.00792483,0.00000000
0.05,HJ RFI,K3o,12,0.00888996,0.00000000
0.05,HJ RFI,K4o,12,0.00941334,0.00000000
0.05,HJ RFI,K5o,12,0.01045686,0.00000000
0.05,HJ RFI,K6o,12,0.01162028,0.00000000
0.05,HJ RFI,K7o,12,0.01417718,0.00000000
0.05,HJ RFI,K8o,12,0.01763199,0.00000000
0.05,HJ RFI,K9o,12,0.03192325,0.00000000
0.05,HJ RFI,KTo,12,0.13495734,0.00000000
0.05,HJ RFI,KJo,12,0.76724230,0.00000000
0.05,HJ RFI,KQo,12,0.94808680,0.00000000
0.05,HJ RFI,A2o,12,0.01607572,0.00000000
0.05,HJ RFI,A3o,12,0.02075622,0.00000000
0.05,HJ RFI,A4o,12,0.02998700,0.00000000
0.05,HJ RFI,A5o,12,0.03537730,0.00000000
0.05,HJ RFI,A6o,12,0.03554666,0.00000000
0.05,HJ RFI,A7o,12,0.12971841,0.00000000
0.05,HJ RFI,A8o,12,0.16689990,0.00000000
0.05,HJ RFI,A9o,12,0.68321710,0.00000000
0.05,HJ RFI,ATo,12,0.96651900,0.00000000
0.05,HJ RFI,AJo,12,0.97875670,0.00000000
0.05,HJ RFI,AQo,12,0.98716410,0.00000000
0.05,HJ RFI,AKo,12,0.99393046,0.00000000
0.05,CO RFI,22,6,0.02345039,0.00000000
0.05,CO RFI,33,6,0.03864555,0.00000000
0.05,CO RFI,44,6,0.60038745,0.00000000
0.05,CO RFI,55,6,0.86708840,0.00000000
0.05,CO RFI,66,6,0.93289520,0.00000000
0.05,CO RFI,77,6,0.96138040,0.00000000
0.05,CO RFI,88,6,0.97929240,0.00000000
0.05,CO RFI,99,6,0.98612905,0.00000000
0.05,CO RFI,TT,6,0.99055725,0.00000000
0.05,CO RFI,JJ,6,0.99285890,0.00000000
0.05,CO RFI,QQ,6,0.99603550,0.00000000
0.05,CO RFI,KK,6,0.99736780,0.00000000
0.05,CO RFI,AA,6,0.99974350,0.00000000
0.05,CO RFI,32s,4,0.00756931,0.00000000
0.05,CO RFI,42s,4,0.00776840,0.00000000
0.05,CO RFI,43s,4,0.00777734,0.00000000
0.05,CO RFI,52s,4,0.00869365,0.00000000
0.05,CO RFI,53s,4,0.00948240,0.00000000
0.05,CO RFI,54s,4,0.01142584,0.00000000
0.05,CO RFI,62s,4,0.00761775,0.00000000
0.05,CO RFI,63s,4,0.00876403,0.00000000
0.05,CO RFI,64s,4,0.01083743,0.00000000
0.05,CO RFI,65s,4,0.01334698,0.00000000
0.05,CO RFI,72s,4,0.00809275,0.00000000
0.05,CO RFI,73s,4,0.00894638,0.00000000
0.05,CO RFI,74s,4,0.01138186,0.00000000
0.05,CO RFI,75s,4,0.01248437,0.00000000
0.05,CO RFI,76s,4,0.01695193,0.00000000
0.05,CO RFI,82s,4,0.00873257,0.00000000
0.05,CO RFI,83s,4,0.00927791,0.00000000
0.05,CO RFI,84s,4,0.01173155,0.00000000
0.05,CO RFI,85s,4,0.01277608,0.00000000
0.05,CO RFI,86s,4,0.01493954,0.00000000
0.05,CO RFI,87s,4,0.01915363,0.00000000
0.05,CO RFI,92s,4,0.01033881,0.00000000
0.05,CO RFI,93s,4,0.00980245,0.00000000
0.05,CO RFI,94s,4,0.01172430,0.00000000
0.05,CO RFI,95s,4,0.01302075,0.00000000
0.05,CO RFI,96s,4,0.01533847,0.00000000
0.05,CO RFI,97s,4,0.01949976,0.00000000
0.05,CO RFI,98s,4,0.02873894,0.00000000
0.05,CO RFI,T2s,4,0.01113207,0.00000000
0.05,CO RFI,T3s,4,0.01230627,0.00000000
0.05,CO RFI,T4s,4,0.01401206,0.00000000
0.05,CO RFI,T5s,4,0.01765877,0.00000000
0.05,CO RFI,T6s,4,0.01814352,0.00000000
0.05,CO RFI,T7s,4,0.02414222,0.00000000
0.05,CO RFI,T8s,4,0.03327519,0.00000000
0.05,CO RFI,T9s,4,0.04097264,0.00000000
0.05,CO RFI,J2s,4,0.01303501,0.00000000
0.05,CO RFI,J3s,4,0.01710613,0.00000000
0.05,CO RFI,J4s,4,0.01637871,0.00000000
0.05,CO RFI,J5s,4,0.01880191,0.00000000
0.05,CO RFI,J6s,4,0.01948766,0.00000000
0.05,CO RFI,J7s,4,0.02345149,0.00000000
0.05,CO RFI,J8s,4,0.04019379,0.00000000
0.05,CO RFI,J9s,4,0.05495982,0.00000000
0.05,CO RFI,JTs,4,0.61467254,0.00000000
0.05,CO RFI,Q2s,4,0.01646897,0.00000000
0.05,CO RFI,Q3s,4,0.02022521,0.00000000
0.05,CO RFI,Q4s,4,0.03052371,0.00000000
0.05,CO RFI,Q5s,4,0.02399179,0.00000000
0.05,CO RFI,Q6s,4,0.02983042,0.00000000
0.05,CO RFI,Q7s,4,0.03749136,0.00000000
0.05,CO RFI,Q8s,4,0.08940628,0.00000000
0.05,CO RFI,Q9s,4,0.17750217,0.00000000
0.05,CO RFI,QTs,4,0.90992266,0.00000000
0.05,CO RFI,QJs,4,0.87992907,0.00000000
0.05,CO RFI,K2s,4,0.03004309,0.00000000
0.05,CO RFI,K3s,4,0.04057730,0.00000000
0.05,CO RFI,K4s,4,0.03666889,0.00000000
0.05,CO RFI,K5s,4,0.06399142,0.00000000
0.05,CO RFI,K6s,4,0.06046975,0.00000000
0.05,CO RFI,K7s,4,0.18111746,0.00000000
0.05,CO RFI,K8s,4,0.15202224,0.00000000
0.05,CO RFI,K9s,4,0.79049355,0.00000000
0.05,CO RFI,KTs,4,0.92664796,0.00000000
0.05,CO RFI,KJs,4,0.94854110,0.00000000
0.05,CO RFI,KQs,4,0.96020037,0.00000000
0.05,CO RFI,A2s,4,0.15385844,0.00000000
0.05,CO RFI,A3s,4,0.55213490,0.00000000
0.05,CO RFI,A4s,4,0.80354440,0.00000000
0.05,CO RFI,A5s,4,0.93573590,0.00000000
0.05,CO RFI,A6s,4,0.91038275,0.00000000
0.05,CO RFI,A7s,4,0.92910510,0.00000000
0.05,CO RFI,A8s,4,0.95030100,0.00000000
0.05,CO RFI,A9s,4,0.95021860,0.00000000
0.05,CO RFI,ATs,4,0.96891590,0.00000000
0.05,CO RFI,AJs,4,0.97943070,0.00000000
0.05,CO RFI,AQs,4,0.98703480,0.00000000
0.05,CO RFI,AKs,4,0.99323660,0.00000000
0.05,CO RFI,32o,12,0.00358368,0.00000000
0.05,CO RFI,42o,12,0.00372001,0.00000000
0.05,CO RFI,43o,12,0.00412148,0.00000000
0.05,CO RFI,52o,12,0.00386389,0.00000000
0.05,CO RFI,53o,12,0.00410352,0.00000000
0.05,CO RFI,54o,12,0.00509298,0.00000000
0.05,CO RFI,62o,12,0.00396620,0.00000000
0.05,CO RFI,63o,12,0.00423178,0.00000000
0.05,CO RFI,64o,12,0.00489195,0.00000000
0.05,CO RFI,65o,12,0.00519419,0.00000000
0.05,CO RFI,72o,12,0.00405078,0.00000000
0.05,CO RFI,73o,12,0.00438627,0.00000000
0.05,CO RFI,74o,12,0.00502373,0.00000000
0.05,CO RFI,75o,12,0.00572531,0.00000000
0.05,CO RFI,76o,12,0.00606246,0.00000000
0.05,CO RFI,82o,12,0.00420041,0.00000000
0.05,CO RFI,83o,12,0.00439536,0.00000000
0.05,CO RFI,84o,12,0.00489426,0.00000000
0.05,CO RFI,85o,12,0.00555914,0.00000000
0.05,CO RFI,86o,12,0.00626809,0.00000000
0.05,CO RFI,87o,12,0.00751347,0.00000000
0.05,CO RFI,92o,12,0.00457993,0.00000000
0.05,CO RFI,93o,12,0.00506121,0.00000000
0.05,CO RFI,94o,12,0.00522537,0.00000000
0.05,CO RFI,95o,12,0.00592430,0.00000000
0.05,CO RFI,96o,12,0.00692031,0.00000000
0.05,CO RFI,97o,12,0.00889614,0.00000000
0.05,CO RFI,98o,12,0.00966226,0.00000000
0.05,CO RFI,T2o,12,0.00589610,0.00000000
0.05,CO RFI,T3o,12,0.00570445,0.00000000
0.05,CO RFI,T4o,12,0.00633304,0.00000000
0.05,CO RFI,T5o,12,0.00690896,0.00000000
0.05,CO RFI,T6o,12,0.00737243,0.00000000
0.05,CO RFI,T7o,12,0.00847776,0.00000000
0.05,CO RFI,T8o,12,0.01138292,0.00000000
0.05,CO RFI,T9o,12,0.01456174,0.00000000
0.05,CO RFI,J2o,12,0.00677792,0.00000000
0.05,CO RFI,J3o,12,0.00683388,0.00000000
0.05,CO RFI,J4o,12,0.00751641,0.00000000
0.05,CO RFI,J5o,12,0.00861827,0.00000000
0.05,CO RFI,J6o,12,0.00881732,0.00000000
0.05,CO RFI,J7o,12,0.01076736,0.00000000
0.05,CO RFI,J8o,12,0.01382619,0.00000000
0.05,CO RFI,J9o,12,0.01986965,0.00000000
0.05,CO RFI,JTo,12,0.03487515,0.00000000
0.05,CO RFI,Q2o,12,0.00849820,0.00000000
0.05,CO RFI,Q3o,12,0.00934759,0.00000000
0.05,CO RFI,Q4o,12,0.01007386,0.00000000
0.05,CO RFI,Q5o,12,0.01044978,0.00000000
0.05,CO RFI,Q6o,12,0.01340870,0.00000000
0.05,CO RFI,Q7o,12,0.01453224,0.00000000
0.05,CO RFI,Q8o,12,0.01915061,0.00000000
0.05,CO RFI,Q9o,12,0.02776130,0.00000000
0.05,CO RFI,QTo,12,0.09836768,0.00000000
0.05,CO RFI,QJo,12,0.37183216,0.00000000
0.05,CO RFI,K2o,12,0.01165050,0.00000000
0.05,CO RFI,K3o,12,0.01287286,0.00000000
0.05,CO RFI,K4o,12,0.01456556,0.00000000
0.05,CO RFI,K5o,12,0.01724669,0.00000000
0.05,CO RFI,K6o,12,0.02203822,0.00000000
0.05,CO RFI,K7o,12,0.02537690,0.00000000
0.05,CO RFI,K8o,12,0.03189767,0.00000000
0.05,CO RFI,K9o,12,0.06934828,0.00000000
0.05,CO RFI,KTo,12,0.87567520,0.00000000
0.05,CO RFI,KJo,12,0.94204830,0.00000000
0.05,CO RFI,KQo,12,0.95597154,0.00000000
0.05,CO RFI,A2o,12,0.04138312,0.00000000
0.05,CO RFI,A3o,12,0.11010800,0.00000000
0.05,CO RFI,A4o,12,0.10124862,0.00000000
0.05,CO RFI,A5o,12,0.46663263,0.00000000
0.05,CO RFI,A6o,12,0.56356764,0.00000000
0.05,CO RFI,A7o,12,0.90376680,0.00000000
0.05,CO RFI,A8o,12,0.95799370,0.00000000
0.05,CO RFI,A9o,12,0.96875256,0.00000000
0.05,CO RFI,ATo,12,0.97742860,0.00000000
0.05,CO RFI,AJo,12,0.98202103,0.00000000
0.05,CO RFI,AQo,12,0.99019414,0.00000000
0.05,CO RFI,AKo,12,0.99451570,0.00000000
0.05,BTN RFI,22,6,0.13557097,0.00000000
0.05,BTN RFI,33,6,0.73106060,0.00000000
0.05,BTN RFI,44,6,0.91755690,0.00000000
0.05,BTN RFI,55,6,0.96022130,0.00000000
0.05,BTN RFI,66,6,0.97404230,0.00000000
0.05,BTN RFI,77,6,0.97931780,0.00000000
0.05,BTN RFI,88,6,0.98508704,0.00000000
0.05,BTN RFI,99,6,0.98904437,0.00000000
0.05,BTN RFI,TT,6,0.99131650,0.00000000
0.05,BTN RFI,JJ,6,0.99404716,0.00000000
0.05,BTN RFI,QQ,6,0.99618120,0.00000000
0.05,BTN RFI,KK,6,0.99766210,0.00000000
0.05,BTN RFI,AA,6,0.99959360,0.00000000
0.05,BTN RFI,32s,4,0.00973770,0.00000000
0.05,BTN RFI,42s,4,0.01049806,0.00000000
0.05,BTN RFI,43s,4,0.01219214,0.00000000
0.05,BTN RFI,52s,4,0.01117054,0.00000000
0.05,BTN RFI,53s,4,0.01373779,0.00000000
0.05,BTN RFI,54s,4,0.01500252,0.00000000
0.05,BTN RFI,62s,4,0.01087306,0.00000000
0.05,BTN RFI,63s,4,0.01286860,0.00000000
0.05,BTN RFI,64s,4,0.01851648,0.00000000
0.05,BTN RFI,65s,4,0.01926709,0.00000000
0.05,BTN RFI,72s,4,0.01154694,0.00000000
0.05,BTN RFI,73s,4,0.01446229,0.00000000
0.05,BTN RFI,74s,4,0.01561853,0.00000000
0.05,BTN RFI,75s,4,0.02163340,0.00000000
0.05,BTN RFI,76s,4,0.02250178,0.00000000
0.05,BTN RFI,82s,4,0.01284733,0.00000000
0.05,BTN RFI,83s,4,0.01332815,0.00000000
0.05,BTN RFI,84s,4,0.01582276,0.00000000
0.05,BTN RFI,85s,4,0.01926825,0.00000000
0.05,BTN RFI,86s,4,0.02104678,0.00000000
0.05,BTN RFI,87s,4,0.04048283,0.00000000
0.05,BTN RFI,92s,4,0.01446687,0.00000000
0.05,BTN RFI,93s,4,0.01600146,0.00000000
0.05,BTN RFI,94s,4,0.01789279,0.00000000
0.05,BTN RFI,95s,4,0.02241110,0.00000000
0.05,BTN RFI,96s,4,0.02301225,0.00000000
0.05,BTN RFI,97s,4,0.03468300,0.00000000
0.05,BTN RFI,98s,4,0.06790154,0.00000000
0.05,BTN RFI,T2s,4,0.01951653,0.00000000
0.05,BTN RFI,T3s,4,0.02051527,0.00000000
0.05,BTN RFI,T4s,4,0.02203663,0.00000000
0.05,BTN RFI,T5s,4,0.02919661,0.00000000
0.05,BTN RFI,T6s,4,0.04039706,0.00000000
0.05,BTN RFI,T7s,4,0.04878550,0.00000000
0.05,BTN RFI,T8s,4,0.08652715,0.00000000
0.05,BTN RFI,T9s,4,0.53312550,0.00000000
0.05,BTN RFI,J2s,4,0.02817835,0.00000000
0.05,BTN RFI,J3s,4,0.02960459,0.00000000
0.05,BTN RFI,J4s,4,0.03067439,0.00000000
0.05,BTN RFI,J5s,4,0.03845819,0.00000000
0.05,BTN RFI,J6s,4,0.05137055,0.00000000
0.05,BTN RFI,J7s,4,0.05293402,0.00000000
0.05,BTN RFI,J8s,4,0.27546227,0.00000000
0.05,BTN RFI,J9s,4,0.78382754,0.00000000
0.05,BTN RFI,JTs,4,0.91486627,0.00000000
0.05,BTN RFI,Q2s,4,0.05952422,0.00000000
0.05,BTN RFI,Q3s,4,0.05197178,0.00000000
0.05,BTN RFI,Q4s,4,0.08643611,0.00000000
0.05,BTN RFI,Q5s,4,0.08972628,0.00000000
0.05,BTN RFI,Q6s,4,0.06950919,0.00000000
0.05,BTN RFI,Q7s,4,0.16874750,0.00000000
0.05,BTN RFI,Q8s,4,0.78947440,0.00000000
0.05,BTN RFI,Q9s,4,0.88777196,0.00000000
0.05,BTN RFI,QTs,4,0.94783777,0.00000000
0.05,BTN RFI,QJs,4,0.95838310,0.00000000
0.05,BTN RFI,K2s,4,0.08941610,0.00000000
0.05,BTN RFI,K3s,4,0.38962048,0.00000000
0.05,BTN RFI,K4s,4,0.52606500,0.00000000
0.05,BTN RFI,K5s,4,0.61634934,0.00000000
0.05,BTN RFI,K6s,4,0.82109840,0.00000000
0.05,BTN RFI,K7s,4,0.88393380,0.00000000
0.05,BTN RFI,K8s,4,0.89606920,0.00000000
0.05,BTN RFI,K9s,4,0.94511130,0.00000000
0.05,BTN RFI,KTs,4,0.96530990,0.00000000
0.05,BTN RFI,KJs,4,0.97217060,0.00000000
0.05,BTN RFI,KQs,4,0.97526520,0.00000000
0.05,BTN RFI,A2s,4,0.95938647,0.00000000
0.05,BTN RFI,A3s,4,0.94468390,0.00000000
0.05,BTN RFI,A4s,4,0.94356906,0.00000000
0.05,BTN RFI,A5s,4,0.95972800,0.00000000
0.05,BTN RFI,A6s,4,0.95687960,0.00000000
0.05,BTN RFI,A7s,4,0.96597993,0.00000000
0.05,BTN RFI,A8s,4,0.96346970,0.00000000
0.05,BTN RFI,A9s,4,0.97481090,0.00000000
0.05,BTN RFI,ATs,4,0.98134860,0.00000000
0.05,BTN RFI,AJs,4,0.98612920,0.00000000
0.05,BTN RFI,AQs,4,0.99106526,0.00000000
0.05,BTN RFI,AKs,4,0.99512804,0.00000000
0.05,BTN RFI,32o,12,0.00447430,0.00000000
0.05,BTN RFI,42o,12,0.00479993,0.00000000
0.05,BTN RFI,43o,12,0.00571172,0.00000000
0.05,BTN RFI,52o,12,0.00529853,0.00000000
0.05,BTN RFI,53o,12,0.00582070,0.00000000
0.05,BTN RFI,54o,12,0.00662929,0.00000000
0.05,BTN RFI,62o,12,0.00490318,0.00000000
0.05,BTN RFI,63o,12,0.00617952,0.00000000
0.05,BTN RFI,64o,12,0.00670282,0.00000000
0.05,BTN RFI,65o,12,0.00806609,0.00000000
0.05,BTN RFI,72o,12,0.00529617,0.00000000
0.05,BTN RFI,73o,12,0.00612037,0.00000000
0.05,BTN RFI,74o,12,0.00717290,0.00000000
0.05,BTN RFI,75o,12,0.00835355,0.00000000
0.05,BTN RFI,76o,12,0.00976240,0.00000000
0.05,BTN RFI,82o,12,0.00591049,0.00000000
0.05,BTN RFI,83o,12,0.00637600,0.00000000
0.05,BTN RFI,84o,12,0.00733076,0.00000000
0.05,BTN RFI,85o,12,0.00816609,0.00000000
0.05,BTN RFI,86o,12,0.01064067,0.00000000
0.05,BTN RFI,87o,12,0.01310153,0.00000000
0.05,BTN RFI,92o,12,0.00671748,0.00000000
0.05,BTN RFI,93o,12,0.00722896,0.00000000
0.05,BTN RFI,94o,12,0.00757300,0.00000000
0.05,BTN RFI,95o,12,0.00962078,0.00000000
0.05,BTN RFI,96o,12,0.01087728,0.00000000
0.05,BTN RFI,97o,12,0.01412904,0.00000000
0.05,BTN RFI,98o,12,0.01690900,0.00000000
0.05,BTN RFI,T2o,12,0.00867029,0.00000000
0.05,BTN RFI,T3o,12,0.00904979,0.00000000
0.05,BTN RFI,T4o,12,0.01035790,0.00000000
0.05,BTN RFI,T5o,12,0.01075976,0.00000000
0.05,BTN RFI,T6o,12,0.01336261,0.00000000
0.05,BTN RFI,T7o,12,0.01805510,0.00000000
0.05,BTN RFI,T8o,12,0.02121943,0.00000000
0.05,BTN RFI,T9o,12,0.03870281,0.00000000
0.05,BTN RFI,J2o,12,0.01129684,0.00000000
0.05,BTN RFI,J3o,12,0.01178020,0.00000000
0.05,BTN RFI,J4o,12,0.01297066,0.00000000
0.05,BTN RFI,J5o,12,0.01574389,0.00000000
0.05,BTN RFI,J6o,12,0.01756207,0.00000000
0.05,BTN RFI,J7o,12,0.02131351,0.00000000
0.05,BTN RFI,J8o,12,0.03369627,0.00000000
0.05,BTN RFI,J9o,12,0.06744212,0.00000000
0.05,BTN RFI,JTo,12,0.89756113,0.00000000
0.05,BTN RFI,Q2o,12,0.01525616,0.00000000
0.05,BTN RFI,Q3o,12,0.01579725,0.00000000
0.05,BTN RFI,Q4o,12,0.02086624,0.00000000
0.05,BTN RFI,Q5o,12,0.02409278,0.00000000
0.05,BTN RFI,Q6o,12,0.03534711,0.00000000
0.05,BTN RFI,Q7o,12,0.05188885,0.00000000
0.05,BTN RFI,Q8o,12,0.06768002,0.00000000
0.05,BTN RFI,Q9o,12,0.77284455,0.00000000
0.05,BTN RFI,QTo,12,0.94424290,0.00000000
0.05,BTN RFI,QJo,12,0.96042925,0.00000000
0.05,BTN RFI,K2o,12,0.02509291,0.00000000
0.05,BTN RFI,K3o,12,0.03497566,0.00000000
0.05,BTN RFI,K4o,12,0.04862411,0.00000000
0.05,BTN RFI,K5o,12,0.07872802,0.00000000
0.05,BTN RFI,K6o,12,0.10022557,0.00000000
0.05,BTN RFI,K7o,12,0.72774106,0.00000000
0.05,BTN RFI,K8o,12,0.90706270,0.00000000
0.05,BTN RFI,K9o,12,0.95647620,0.00000000
0.05,BTN RFI,KTo,12,0.97497930,0.00000000
0.05,BTN RFI,KJo,12,0.96791070,0.00000000
0.05,BTN RFI,KQo,12,0.97598590,0.00000000
0.05,BTN RFI,A2o,12,0.92455930,0.00000000
0.05,BTN RFI,A3o,12,0.95242125,0.00000000
0.05,BTN RFI,A4o,12,0.96783750,0.00000000
0.05,BTN RFI,A5o,12,0.97613215,0.00000000
0.05,BTN RFI,A6o,12,0.97357655,0.00000000
0.05,BTN RFI,A7o,12,0.97929466,0.00000000
0.05,BTN RFI,A8o,12,0.98507404,0.00000000
0.05,BTN RFI,A9o,12,0.98283760,0.00000000
0.05,BTN RFI,ATo,12,0.98569660,0.00000000
0.05,BTN RFI,AJo,12,0.98991320,0.00000000
0.05,BTN RFI,AQo,12,0.99237460,0.00000000
0.05,BTN RFI,AKo,12,0.99604005,0.00000000
0.05,SB RFI,22,6,0.03329455,0.96119237
0.05,SB RFI,33,6,0.07058277,0.92290560
0.05,SB RFI,44,6,0.08632896,0.90528870
0.05,SB RFI,55,6,0.53987970,0.44193440
0.05,SB RFI,66,6,0.76810920,0.21777596
0.05,SB RFI,77,6,0.83503950,0.15333772
0.05,SB RFI,88,6,0.77387160,0.21647158
0.05,SB RFI,99,6,0.82037044,0.17302630
0.05,SB RFI,TT,6,0.81263090,0.18283178
0.05,SB RFI,JJ,6,0.73913157,0.25848967
0.05,SB RFI,QQ,6,0.85088766,0.14751479
0.05,SB RFI,KK,6,0.69903740,0.30045885
0.05,SB RFI,AA,6,0.88983850,0.11015688
0.05,SB RFI,32s,4,0.02207510,0.03201469
0.05,SB RFI,42s,4,0.03329912,0.05412603
0.05,SB RFI,43s,4,0.03205141,0.10379714
0.05,SB RFI,52s,4,0.02870697,0.20037085
0.05,SB RFI,53s,4,0.02655791,0.73261960
0.05,SB RFI,54s,4,0.02893822,0.91223630
0.05,SB RFI,62s,4,0.03357842,0.07250568
0.05,SB RFI,63s,4,0.02490200,0.57226340
0.05,SB RFI,64s,4,0.02953205,0.92064580
0.05,SB RFI,65s,4,0.03232276,0.93793744
0.05,SB RFI,72s,4,0.02618703,0.11199654
0.05,SB RFI,73s,4,0.02315074,0.84599000
0.05,SB RFI,74s,4,0.03035345,0.91505500
0.05,SB RFI,75s,4,0.03036056,0.93260145
0.05,SB RFI,76s,4,0.03741115,0.94145244
0.05,SB RFI,82s,4,0.02420888,0.55023277
0.05,SB RFI,83s,4,0.03192453,0.87978846
0.05,SB RFI,84s,4,0.03056662,0.91229460
0.05,SB RFI,85s,4,0.03493780,0.94388336
0.05,SB RFI,86s,4,0.02744700,0.95642704
0.05,SB RFI,87s,4,0.03650149,0.94910340
0.05,SB RFI,92s,4,0.02980878,0.91478360
0.05,SB RFI,93s,4,0.03377747,0.92632186
0.05,SB RFI,94s,4,0.03397418,0.92999667
0.05,SB RFI,95s,4,0.03129894,0.95100670
0.05,SB RFI,96s,4,0.03523081,0.95081750
0.05,SB RFI,97s,4,0.03647455,0.95182914
0.05,SB RFI,98s,4,0.04453419,0.94376530
0.05,SB RFI,T2s,4,0.03898225,0.93423940
0.05,SB RFI,T3s,4,0.02714704,0.94719960
0.05,SB RFI,T4s,4,0.03592653,0.94167110
0.05,SB RFI,T5s,4,0.03942726,0.94506013
0.05,SB RFI,T6s,4,0.03492591,0.95418566
0.05,SB RFI,T7s,4,0.03989052,0.94910990
0.05,SB RFI,T8s,4,0.05713929,0.93432343
0.05,SB RFI,T9s,4,0.07461569,0.91789130
0.05,SB RFI,J2s,4,0.04659241,0.93568265
0.05,SB RFI,J3s,4,0.04092936,0.94288840
0.05,SB RFI,J4s,4,0.03396928,0.94990220
0.05,SB RFI,J5s,4,0.05123033,0.93826140
0.05,SB RFI,J6s,4,0.06115960,0.92915630
0.05,SB RFI,J7s,4,0.05756039,0.93306900
0.05,SB RFI,J8s,4,0.07186279,0.92036724
0.05,SB RFI,J9s,4,0.08573217,0.90729976
0.05,SB RFI,JTs,4,0.32688165,0.66456765
0.05,SB RFI,Q2s,4,0.08900613,0.89889710
0.05,SB RFI,Q3s,4,0.05849834,0.93134683
0.05,SB RFI,Q4s,4,0.05190543,0.93952410
0.05,SB RFI,Q5s,4,0.09251013,0.90024894
0.05,SB RFI,Q6s,4,0.05595450,0.93671703
0.05,SB RFI,Q7s,4,0.09498810,0.89836043
0.05,SB RFI,Q8s,4,0.12014023,0.87427855
0.05,SB RFI,Q9s,4,0.19485580,0.79879063
0.05,SB RFI,QTs,4,0.64929840,0.33913612
0.05,SB RFI,QJs,4,0.44463575,0.54761100
0.05,SB RFI,K2s,4,0.07394514,0.91760880
0.05,SB RFI,K3s,4,0.15027577,0.84289860
0.05,SB RFI,K4s,4,0.10370924,0.89012724
0.05,SB RFI,K5s,4,0.14409120,0.84991460
0.05,SB RFI,K6s,4,0.14257117,0.85181050
0.05,SB RFI,K7s,4,0.22898932,0.76520634
0.05,SB RFI,K8s,4,0.34551743,0.64946040
0.05,SB RFI,K9s,4,0.77154166,0.21736999
0.05,SB RFI,KTs,4,0.80444480,0.18095110
0.05,SB RFI,KJs,4,0.83624030,0.14928317
0.05,SB RFI,KQs,4,0.82339360,0.16471133
0.05,SB RFI,A2s,4,0.35655943,0.63389784
0.05,SB RFI,A3s,4,0.52544070,0.46676847
0.05,SB RFI,A4s,4,0.72786087,0.26155105
0.05,SB RFI,A5s,4,0.66239256,0.32597130
0.05,SB RFI,A6s,4,0.76096725,0.22707379
0.05,SB RFI,A7s,4,0.71231073,0.27309847
0.05,SB RFI,A8s,4,0.24215093,0.74392300
0.05,SB RFI,A9s,4,0.70070124,0.28662866
0.05,SB RFI,ATs,4,0.60602300,0.38454460
0.05,SB RFI,AJs,4,0.25046360,0.74252230
0.05,SB RFI,AQs,4,0.55659420,0.44077300
0.05,SB RFI,AKs,4,0.60509634,0.39270610
0.05,SB RFI,32o,12,0.01255653,0.00443293
0.05,SB RFI,42o,12,0.01216513,0.00517693
0.05,SB RFI,43o,12,0.01445372,0.01044124
0.05,SB RFI,52o,12,0.01354239,0.00692135
0.05,SB RFI,53o,12,0.01454372,0.01298258
0.05,SB RFI,54o,12,0.01613243,0.09257917
0.05,SB RFI,62o,12,0.01349192,0.00704600
0.05,SB RFI,63o,12,0.01395452,0.01192376
0.05,SB RFI,64o,12,0.01754704,0.06752801
0.05,SB RFI,65o,12,0.01856289,0.91271240
0.05,SB RFI,72o,12,0.01273617,0.00908350
0.05,SB RFI,73o,12,0.01702475,0.01941811
0.05,SB RFI,74o,12,0.01854537,0.04324919
0.05,SB RFI,75o,12,0.01644757,0.91513294
0.05,SB RFI,76o,12,0.01711784,0.95516944
0.05,SB RFI,82o,12,0.01418728,0.02004154
0.05,SB RFI,83o,12,0.01654398,0.05598702
0.05,SB RFI,84o,12,0.01519617,0.23867962
0.05,SB RFI,85o,12,0.01744773,0.94108080
0.05,SB RFI,86o,12,0.01581491,0.96477400
0.05,SB RFI,87o,12,0.01936024,0.96883756
0.05,SB RFI,92o,12,0.01299683,0.39135548
0.05,SB RFI,93o,12,0.01354306,0.71952070
0.05,SB RFI,94o,12,0.01584809,0.86270360
0.05,SB RFI,95o,12,0.01688804,0.95476120
0.05,SB RFI,96o,12,0.01996984,0.96236520
0.05,SB RFI,97o,12,0.02009936,0.97014450
0.05,SB RFI,98o,12,0.02532477,0.96687980
0.05,SB RFI,T2o,12,0.01699333,0.94817100
0.05,SB RFI,T3o,12,0.01670580,0.95737517
0.05,SB RFI,T4o,12,0.02033461,0.95974106
0.05,SB RFI,T5o,12,0.01849416,0.96554870
0.05,SB RFI,T6o,12,0.02294863,0.96632123
0.05,SB RFI,T7o,12,0.02254267,0.96918577
0.05,SB RFI,T8o,12,0.02735619,0.96675336
0.05,SB RFI,T9o,12,0.03966779,0.95585330
0.05,SB RFI,J2o,12,0.02021616,0.96520200
0.05,SB RFI,J3o,12,0.02056371,0.96686700
0.05,SB RFI,J4o,12,0.02412139,0.96515010
0.05,SB RFI,J5o,12,0.02510196,0.96302560
0.05,SB RFI,J6o,12,0.02511859,0.96559150
0.05,SB RFI,J7o,12,0.03482922,0.95767486
0.05,SB RFI,J8o,12,0.03427028,0.96028270
0.05,SB RFI,J9o,12,0.04631788,0.94994485
0.05,SB RFI,JTo,12,0.08591641,0.91116950
0.05,SB RFI,Q2o,12,0.02932751,0.96115124
0.05,SB RFI,Q3o,12,0.03504970,0.95654700
0.05,SB RFI,Q4o,12,0.03505204,0.95644950
0.05,SB RFI,Q5o,12,0.03281404,0.96054690
0.05,SB RFI,Q6o,12,0.04265456,0.95157826
0.05,SB RFI,Q7o,12,0.07053542,0.92367053
0.05,SB RFI,Q8o,12,0.07946117,0.91623540
0.05,SB RFI,Q9o,12,0.09292209,0.90347743
0.05,SB RFI,QTo,12,0.20173675,0.79581360
0.05,SB RFI,QJo,12,0.16339040,0.83403800
0.05,SB RFI,K2o,12,0.04381198,0.95064320
0.05,SB RFI,K3o,12,0.05050978,0.94483170
0.05,SB RFI,K4o,12,0.05690646,0.93908300
0.05,SB RFI,K5o,12,0.10169137,0.89462350
0.05,SB RFI,K6o,12,0.10604532,0.89071070
0.05,SB RFI,K7o,12,0.15326647,0.84322536
0.05,SB RFI,K8o,12,0.19174723,0.80502343
0.05,SB RFI,K9o,12,0.36975950,0.62711630
0.05,SB RFI,KTo,12,0.85805140,0.13628592
0.05,SB RFI,KJo,12,0.84632254,0.14472420
0.05,SB RFI,KQo,12,0.85296375,0.13702075
0.05,SB RFI,A2o,12,0.24969487,0.74778616
0.05,SB RFI,A3o,12,0.09766710,0.90008444
0.05,SB RFI,A4o,12,0.28099772,0.71647870
0.05,SB RFI,A5o,12,0.81122845,0.18309270
0.05,SB RFI,A6o,12,0.74344920,0.25176695
0.05,SB RFI,A7o,12,0.83467835,0.16038090
0.05,SB RFI,A8o,12,0.85307210,0.14039066
0.05,SB RFI,A9o,12,0.87404656,0.11934610
0.05,SB RFI,ATo,12,0.37646908,0.61730870
0.05,SB RFI,AJo,12,0.67698330,0.31900900
0.05,SB RFI,AQo,12,0.79606754,0.20110136
0.05,SB RFI,AKo,12,0.38252366,0.61603840
0.10,UTG RFI,22,6,0.01346271,0.00000000
0.10,UTG RFI,33,6,0.01425008,0.00000000
0.10,UTG RFI,44,6,0.02510350,0.00000000
0.10,UTG RFI,55,6,0.06339175,0.00000000
0.10,UTG RFI,66,6,0.29908845,0.00000000
0.10,UTG RFI,77,6,0.93003345,0.00000000
0.10,UTG RFI,88,6,0.96709687,0.00000000
0.10,UTG RFI,99,6,0.98277500,0.00000000
0.10,UTG RFI,TT,6,0.98934424,0.00000000
0.10,UTG RFI,JJ,6,0.99221160,0.00000000
0.10,UTG RFI,QQ,6,0.99554350,0.00000000
0.10,UTG RFI,KK,6,0.99752650,0.00000000
0.10,UTG RFI,AA,6,0.99969685,0.00000000
0.10,UTG RFI,32s,4,0.00552040,0.00000000
0.10,UTG RFI,42s,4,0.00646275,0.00000000
0.10,UTG RFI,43s,4,0.00590117,0.00000000
0.10,UTG RFI,52s,4,0.00676711,0.00000000
0.10,UTG RFI,53s,4,0.00748058,0.00000000
0.10,UTG RFI,54s,4,0.00850412,0.00000000
0.10,UTG RFI,62s,4,0.00491536,0.00000000
0.10,UTG RFI,63s,4,0.00700672,0.00000000
0.10,UTG RFI,64s,4,0.00788159,0.00000000
0.10,UTG RFI,65s,4,0.01060635,0.00000000
0.10,UTG RFI,72s,4,0.00554240,0.00000000
0.10,UTG RFI,73s,4,0.00648623,0.00000000
0.10,UTG RFI,74s,4,0.00757161,0.00000000
0.10,UTG RFI,75s,4,0.00856466,0.00000000
0.10,UTG RFI,76s,4,0.01130927,0.00000000
0.10,UTG RFI,82s,4,0.00626657,0.00000000
0.10,UTG RFI,83s,4,0.00647857,0.00000000
0.10,UTG RFI,84s,4,0.00770129,0.00000000
0.10,UTG RFI,85s,4,0.00781832,0.00000000
0.10,UTG RFI,86s,4,0.00961746,0.00000000
0.10,UTG RFI,87s,4,0.01416721,0.00000000
0.10,UTG RFI,92s,4,0.00724074,0.00000000
0.10,UTG RFI,93s,4,0.00739084,0.00000000
0.10,UTG RFI,94s,4,0.00679373,0.00000000
0.10,UTG RFI,95s,4,0.00874236,0.00000000
0.10,UTG RFI,96s,4,0.01163552,0.00000000
0.10,UTG RFI,97s,4,0.01142122,0.00000000
0.10,UTG RFI,98s,4,0.01564483,0.00000000
0.10,UTG RFI,T2s,4,0.00952010,0.00000000
0.10,UTG RFI,T3s,4,0.00761526,0.00000000
0.10,UTG RFI,T4s,4,0.00956585,0.00000000
0.10,UTG RFI,T5s,4,0.00853330,0.00000000
0.10,UTG RFI,T6s,4,0.01192469,0.00000000
0.10,UTG RFI,T7s,4,0.01236076,0.00000000
0.10,UTG RFI,T8s,4,0.01848058,0.00000000
0.10,UTG RFI,T9s,4,0.03333791,0.00000000
0.10,UTG RFI,J2s,4,0.00819373,0.00000000
0.10,UTG RFI,J3s,4,0.00938746,0.00000000
0.10,UTG RFI,J4s,4,0.00905980,0.00000000
0.10,UTG RFI,J5s,4,0.01177856,0.00000000
0.10,UTG RFI,J6s,4,0.01285082,0.00000000
0.10,UTG RFI,J7s,4,0.01611574,0.00000000
0.10,UTG RFI,J8s,4,0.01615568,0.00000000
0.10,UTG RFI,J9s,4,0.02749281,0.00000000
0.10,UTG RFI,JTs,4,0.06218888,0.00000000
0.10,UTG RFI,Q2s,4,0.01087088,0.00000000
0.10,UTG RFI,Q3s,4,0.01095356,0.00000000
0.10,UTG RFI,Q4s,4,0.01215308,0.00000000
0.10,UTG RFI,Q5s,4,0.01250570,0.00000000
0.10,UTG RFI,Q6s,4,0.01604157,0.00000000
0.10,UTG RFI,Q7s,4,0.01456539,0.00000000
0.10,UTG RFI,Q8s,4,0.01862512,0.00000000
0.10,UTG RFI,Q9s,4,0.04097579,0.00000000
0.10,UTG RFI,QTs,4,0.07805779,0.00000000
0.10,UTG RFI,QJs,4,0.52545580,0.00000000
0.10,UTG RFI,K2s,4,0.01311149,0.00000000
0.10,UTG RFI,K3s,4,0.01504437,0.00000000
0.10,UTG RFI,K4s,4,0.01994130,0.00000000
0.10,UTG RFI,K5s,4,0.01920488,0.00000000
0.10,UTG RFI,K6s,4,0.02035560,0.00000000
0.10,UTG RFI,K7s,4,0.02818755,0.00000000
0.10,UTG RFI,K8s,4,0.04077346,0.00000000
0.10,UTG RFI,K9s,4,0.08405583,0.00000000
0.10,UTG RFI,KTs,4,0.83509920,0.00000000
0.10,UTG RFI,KJs,4,0.86774000,0.00000000
0.10,UTG RFI,KQs,4,0.95414454,0.00000000
0.10,UTG RFI,A2s,4,0.03177056,0.00000000
0.10,UTG RFI,A3s,4,0.04599922,0.00000000
0.10,UTG RFI,A4s,4,0.04235077,0.00000000
0.10,UTG RFI,A5s,4,0.22032283,0.00000000
0.10,UTG RFI,A6s,4,0.06985649,0.00000000
0.10,UTG RFI,A7s,4,0.13954039,0.00000000
0.10,UTG RFI,A8s,4,0.49570164,0.00000000
0.10,UTG RFI,A9s,4,0.79507476,0.00000000
0.10,UTG RFI,ATs,4,0.95518064,0.00000000
0.10,UTG RFI,AJs,4,0.96712930,0.00000000
0.10,UTG RFI,AQs,4,0.98132370,0.00000000
0.10,UTG RFI,AKs,4,0.99148285,0.00000000
0.10,UTG RFI,32o,12,0.00286661,0.00000000
0.10,UTG RFI,42o,12,0.00313224,0.00000000
0.10,UTG RFI,43o,12,0.00322372,0.00000000
0.10,UTG RFI,52o,12,0.00300704,0.00000000
0.10,UTG RFI,53o,12,0.00324803,0.00000000
0.10,UTG RFI,54o,12,0.00356820,0.00000000
0.10,UTG RFI,62o,12,0.00292573,0.00000000
0.10,UTG RFI,63o,12,0.00329060,0.00000000
0.10,UTG RFI,64o,12,0.00330790,0.00000000
0.10,UTG RFI,65o,12,0.00374511,0.00000000
0.10,UTG RFI,72o,12,0.00300597,0.00000000
0.10,UTG RFI,73o,12,0.00316345,0.00000000
0.10,UTG RFI,74o,12,0.00350151,0.00000000
0.10,UTG RFI,75o,12,0.00387564,0.00000000
0.10,UTG RFI,76o,12,0.00417997,0.00000000
0.10,UTG RFI,82o,12,0.00300827,0.00000000
0.10,UTG RFI,83o,12,0.00321384,0.00000000
0.10,UTG RFI,84o,12,0.00362616,0.00000000
0.10,UTG RFI,85o,12,0.00395176,0.00000000
0.10,UTG RFI,86o,12,0.00411271,0.00000000
0.10,UTG RFI,87o,12,0.00536799,0.00000000
0.10,UTG RFI,92o,12,0.00337346,0.00000000
0.10,UTG RFI,93o,12,0.00365425,0.00000000
0.10,UTG RFI,94o,12,0.00358553,0.00000000
0.10,UTG RFI,95o,12,0.00399798,0.00000000
0.10,UTG RFI,96o,12,0.00433900,0.00000000
0.10,UTG RFI,97o,12,0.00508796,0.00000000
0.10,UTG RFI,98o,12,0.00554806,0.00000000
0.10,UTG RFI,T2o,12,0.00373602,0.00000000
0.10,UTG RFI,T3o,12,0.00358785,0.00000000
0.10,UTG RFI,T4o,12,0.00399271,0.00000000
0.10,UTG RFI,T5o,12,0.00403863,0.00000000
0.10,UTG RFI,T6o,12,0.00475261,0.00000000
0.10,UTG RFI,T7o,12,0.00480105,0.00000000
0.10,UTG RFI,T8o,12,0.00622297,0.00000000
0.10,UTG RFI,T9o,12,0.00746937,0.00000000
0.10,UTG RFI,J2o,12,0.00396624,0.00000000
0.10,UTG RFI,J3o,12,0.00432977,0.00000000
0.10,UTG RFI,J4o,12,0.00456457,0.00000000
0.10,UTG RFI,J5o,12,0.00464483,0.00000000
0.10,UTG RFI,J6o,12,0.00459235,0.00000000
0.10,UTG RFI,J7o,12,0.00539339,0.00000000
0.10,UTG RFI,J8o,12,0.00634655,0.00000000
0.10,UTG RFI,J9o,12,0.00792089,0.00000000
0.10,UTG RFI,JTo,12,0.01322927,0.00000000
0.10,UTG RFI,Q2o,12,0.00427730,0.00000000
0.10,UTG RFI,Q3o,12,0.00509602,0.00000000
0.10,UTG RFI,Q4o,12,0.00542987,0.00000000
0.10,UTG RFI,Q5o,12,0.00538367,0.00000000
0.10,UTG RFI,Q6o,12,0.00570725,0.00000000
0.10,UTG RFI,Q7o,12,0.00613244,0.00000000
0.10,UTG RFI,Q8o,12,0.00774052,0.00000000
0.10,UTG RFI,Q9o,12,0.00996151,0.00000000
0.10,UTG RFI,QTo,12,0.01757797,0.00000000
0.10,UTG RFI,QJo,12,0.02230423,0.00000000
0.10,UTG RFI,K2o,12,0.00545978,0.00000000
0.10,UTG RFI,K3o,12,0.00602433,0.00000000
0.10,UTG RFI,K4o,12,0.00671391,0.00000000
0.10,UTG RFI,K5o,12,0.00698226,0.00000000
0.10,UTG RFI,K6o,12,0.00769498,0.00000000
0.10,UTG RFI,K7o,12,0.00938950,0.00000000
0.10,UTG RFI,K8o,12,0.00978929,0.00000000
0.10,UTG RFI,K9o,12,0.01326776,0.00000000
0.10,UTG RFI,KTo,12,0.03633415,0.00000000
0.10,UTG RFI,KJo,12,0.07446091,0.00000000
0.10,UTG RFI,KQo,12,0.71931684,0.00000000
0.10,UTG RFI,A2o,12,0.01108432,0.00000000
0.10,UTG RFI,A3o,12,0.01140439,0.00000000
0.10,UTG RFI,A4o,12,0.01356893,0.00000000
0.10,UTG RFI,A5o,12,0.01964784,0.00000000
0.10,UTG RFI,A6o,12,0.01461672,0.00000000
0.10,UTG RFI,A7o,12,0.01923935,0.00000000
0.10,UTG RFI,A8o,12,0.02594663,0.00000000
0.10,UTG RFI,A9o,12,0.04664818,0.00000000
0.10,UTG RFI,ATo,12,0.91488600,0.00000000
0.10,UTG RFI,AJo,12,0.96592080,0.00000000
0.10,UTG RFI,AQo,12,0.98498744,0.00000000
0.10,UTG RFI,AKo,12,0.99363863,0.00000000
0.10,HJ RFI,22,6,0.02373817,0.00000000
0.10,HJ RFI,33,6,0.03272086,0.00000000
0.10,HJ RFI,44,6,0.06240103,0.00000000
0.10,HJ RFI,55,6,0.27221605,0.00000000
0.10,HJ RFI,66,6,0.82282895,0.00000000
0.10,HJ RFI,77,6,0.95102810,0.00000000
0.10,HJ RFI,88,6,0.97822280,0.00000000
0.10,HJ RFI,99,6,0.98312230,0.00000000
0.10,HJ RFI,TT,6,0.99035025,0.00000000
0.10,HJ RFI,JJ,6,0.99248075,0.00000000
0.10,HJ RFI,QQ,6,0.99525714,0.00000000
0.10,HJ RFI,KK,6,0.99739240,0.00000000
0.10,HJ RFI,AA,6,0.99974257,0.00000000
0.10,HJ RFI,32s,4,0.00864324,0.00000000
0.10,HJ RFI,42s,4,0.00885482,0.00000000
0.10,HJ RFI,43s,4,0.01115590,0.00000000
0.10,HJ RFI,52s,4,0.01026700,0.00000000
0.10,HJ RFI,53s,4,0.01091159,0.00000000
0.10,HJ RFI,54s,4,0.01163709,0.00000000
0.10,HJ RFI,62s,4,0.00893902,0.00000000
0.10,HJ RFI,63s,4,0.01039862,0.00000000
0.10,HJ RFI,64s,4,0.01166077,0.00000000
0.10,HJ RFI,65s,4,0.01443181,0.00000000
0.10,HJ RFI,72s,4,0.00883556,0.00000000
0.10,HJ RFI,73s,4,0.01129894,0.00000000
0.10,HJ RFI,74s,4,0.01151956,0.00000000
0.10,HJ RFI,75s,4,0.01362020,0.00000000
0.10,HJ RFI,76s,4,0.01492024,0.00000000
0.10,HJ RFI,82s,4,0.01012626,0.00000000
0.10,HJ RFI,83s,4,0.00961224,0.00000000
0.10,HJ RFI,84s,4,0.01074675,0.00000000
0.10,HJ RFI,85s,4,0.01341237,0.00000000
0.10,HJ RFI,86s,4,0.01696740,0.00000000
0.10,HJ RFI,87s,4,0.01966267,0.00000000
0.10,HJ RFI,92s,4,0.01083503,0.00000000
0.10,HJ RFI,93s,4,0.01057028,0.00000000
0.10,HJ RFI,94s,4,0.01113421,0.00000000
0.10,HJ RFI,95s,4,0.01480572,0.00000000
0.10,HJ RFI,96s,4,0.01467954,0.00000000
0.10,HJ RFI,97s,4,0.01616908,0.00000000
0.10,HJ RFI,98s,4,0.02946154,0.00000000
0.10,HJ RFI,T2s,4,0.01224892,0.00000000
0.10,HJ RFI,T3s,4,0.01301011,0.00000000
0.10,HJ RFI,T4s,4,0.01344227,0.00000000
0.10,HJ RFI,T5s,4,0.01244743,0.00000000
0.10,HJ RFI,T6s,4,0.01849607,0.00000000
0.10,HJ RFI,T7s,4,0.01817007,0.00000000
0.10,HJ RFI,T8s,4,0.02588030,0.00000000
0.10,HJ RFI,T9s,4,0.04253593,0.00000000
0.10,HJ RFI,J2s,4,0.01393801,0.00000000
0.10,HJ RFI,J3s,4,0.01342410,0.00000000
0.10,HJ RFI,J4s,4,0.01442211,0.00000000
0.10,HJ RFI,J5s,4,0.01444676,0.00000000
0.10,HJ RFI,J6s,4,0.01547850,0.00000000
0.10,HJ RFI,J7s,4,0.01804925,0.00000000
0.10,HJ RFI,J8s,4,0.02545513,0.00000000
0.10,HJ RFI,J9s,4,0.05558882,0.00000000
0.10,HJ RFI,JTs,4,0.19767630,0.00000000
0.10,HJ RFI,Q2s,4,0.01689143,0.00000000
0.10,HJ RFI,Q3s,4,0.01697944,0.00000000
0.10,HJ RFI,Q4s,4,0.02021046,0.00000000
0.10,HJ RFI,Q5s,4,0.01884517,0.00000000
0.10,HJ RFI,Q6s,4,0.02332357,0.00000000
0.10,HJ RFI,Q7s,4,0.03219268,0.00000000
0.10,HJ RFI,Q8s,4,0.03780770,0.00000000
0.10,HJ RFI,Q9s,4,0.09153226,0.00000000
0.10,HJ RFI,QTs,4,0.22040083,0.00000000
0.10,HJ RFI,QJs,4,0.80087650,0.00000000
0.10,HJ RFI,K2s,4,0.02398397,0.00000000
0.10,HJ RFI,K3s,4,0.02582570,0.00000000
0.10,HJ RFI,K4s,4,0.03155111,0.00000000
0.10,HJ RFI,K5s,4,0.04377662,0.00000000
0.10,HJ RFI,K6s,4,0.05411313,0.00000000
0.10,HJ RFI,K7s,4,0.05104813,0.00000000
0.10,HJ RFI,K8s,4,0.06936605,0.00000000
0.10,HJ RFI,K9s,4,0.33716145,0.00000000
0.10,HJ RFI,KTs,4,0.91593670,0.00000000
0.10,HJ RFI,KJs,4,0.93899184,0.00000000
0.10,HJ RFI,KQs,4,0.95640105,0.00000000
0.10,HJ RFI,A2s,4,0.08859156,0.00000000
0.10,HJ RFI,A3s,4,0.13981985,0.00000000
0.10,HJ RFI,A4s,4,0.33961222,0.00000000
0.10,HJ RFI,A5s,4,0.83613133,0.00000000
0.10,HJ RFI,A6s,4,0.54279580,0.00000000
0.10,HJ RFI,A7s,4,0.89473940,0.00000000
0.10,HJ RFI,A8s,4,0.88461020,0.00000000
0.10,HJ RFI,A9s,4,0.94386410,0.00000000
0.10,HJ RFI,ATs,4,0.96356016,0.00000000
0.10,HJ RFI,AJs,4,0.97431195,0.00000000
0.10,HJ RFI,AQs,4,0.98516977,0.00000000
0.10,HJ RFI,AKs,4,0.99295480,0.00000000
0.10,HJ RFI,32o,12,0.00444558,0.00000000
0.10,HJ RFI,42o,12,0.00469756,0.00000000
0.10,HJ RFI,43o,12,0.00490840,0.00000000
0.10,HJ RFI,52o,12,0.00494585,0.00000000
0.10,HJ RFI,53o,12,0.00515896,0.00000000
0.10,HJ RFI,54o,12,0.00556726,0.00000000
0.10,HJ RFI,62o,12,0.00473024,0.00000000
0.10,HJ RFI,63o,12,0.00527635,0.00000000
0.10,HJ RFI,64o,12,0.00535514,0.00000000
0.10,HJ RFI,65o,12,0.00560333,0.00000000
0.10,HJ RFI,72o,12,0.00489663,0.00000000
0.10,HJ RFI,73o,12,0.00504122,0.00000000
0.10,HJ RFI,74o,12,0.00555962,0.00000000
0.10,HJ RFI,75o,12,0.00599412,0.00000000
0.10,HJ RFI,76o,12,0.00663616,0.00000000
0.10,HJ RFI,82o,12,0.00489525,0.00000000
0.10,HJ RFI,83o,12,0.00490308,0.00000000
0.10,HJ RFI,84o,12,0.00526329,0.00000000
0.10,HJ RFI,85o,12,0.00601839,0.00000000
0.10,HJ RFI,86o,12,0.00621198,0.00000000
0.10,HJ RFI,87o,12,0.00762788,0.00000000
0.10,HJ RFI,92o,12,0.00553408,0.00000000
0.10,HJ RFI,93o,12,0.00556911,0.00000000
0.10,HJ RFI,94o,12,0.00560354,0.00000000
0.10,HJ RFI,95o,12,0.00649918,0.00000000
0.10,HJ RFI,96o,12,0.00632348,0.00000000
0.10,HJ RFI,97o,12,0.00738458,0.00000000
0.10,HJ RFI,98o,12,0.00889660,0.00000000
0.10,HJ RFI,T2o,12,0.00594986,0.00000000
0.10,HJ RFI,T3o,12,0.00594779,0.00000000
0.10,HJ RFI,T4o,12,0.00629819,0.00000000
0.10,HJ RFI,T5o,12,0.00619883,0.00000000
0.10,HJ RFI,T6o,12,0.00709354,0.00000000
0.10,HJ RFI,T7o,12,0.00782733,0.00000000
0.10,HJ RFI,T8o,12,0.00928818,0.00000000
0.10,HJ RFI,T9o,12,0.01163528,0.00000000
0.10,HJ RFI,J2o,12,0.00662274,0.00000000
0.10,HJ RFI,J3o,12,0.00665948,0.00000000
0.10,HJ RFI,J4o,12,0.00707874,0.00000000
0.10,HJ RFI,J5o,12,0.00743159,0.00000000
0.10,HJ RFI,J6o,12,0.00787791,0.00000000
0.10,HJ RFI,J7o,12,0.00823263,0.00000000
0.10,HJ RFI,J8o,12,0.01100236,0.00000000
0.10,HJ RFI,J9o,12,0.01385571,0.00000000
0.10,HJ RFI,JTo,12,0.02578277,0.00000000
0.10,HJ RFI,Q2o,12,0.00721886,0.00000000
0.10,HJ RFI,Q3o,12,0.00763539,0.00000000
0.10,HJ RFI,Q4o,12,0.00753104,0.00000000
0.10,HJ RFI,Q5o,12,0.00899049,0.00000000
0.10,HJ RFI,Q6o,12,0.00870143,0.00000000
0.10,HJ RFI,Q7o,12,0.01043183,0.00000000
0.10,HJ RFI,Q8o,12,0.01317447,0.00000000
0.10,HJ RFI,Q9o,12,0.01639728,0.00000000
0.10,HJ RFI,QTo,12,0.04023416,0.00000000
0.10,HJ RFI,QJo,12,0.06989181,0.00000000
0.10,HJ RFI,K2o,12,0.00923971,0.00000000
0.10,HJ RFI,K3o,12,0.00988892,0.00000000
0.10,HJ RFI,K4o,12,0.01104499,0.00000000
0.10,HJ RFI,K5o,12,0.01248465,0.00000000
0.10,HJ RFI,K6o,12,0.01284611,0.00000000
0.10,HJ RFI,K7o,12,0.01385992,0.00000000
0.10,HJ RFI,K8o,12,0.02046676,0.00000000
0.10,HJ RFI,K9o,12,0.03201497,0.00000000
0.10,HJ RFI,KTo,12,0.10474814,0.00000000
0.10,HJ RFI,KJo,12,0.67670226,0.00000000
0.10,HJ RFI,KQo,12,0.95185550,0.00000000
0.10,HJ RFI,A2o,12,0.01954744,0.00000000
0.10,HJ RFI,A3o,12,0.02389571,0.00000000
0.10,HJ RFI,A4o,12,0.04176587,0.00000000
0.10,HJ RFI,A5o,12,0.05123729,0.00000000
0.10,HJ RFI,A6o,12,0.04628304,0.00000000
0.10,HJ RFI,A7o,12,0.09209426,0.00000000
0.10,HJ RFI,A8o,12,0.24221604,0.00000000
0.10,HJ RFI,A9o,12,0.89277160,0.00000000
0.10,HJ RFI,ATo,12,0.97060100,0.00000000
0.10,HJ RFI,AJo,12,0.97689510,0.00000000
0.10,HJ RFI,AQo,12,0.98867790,0.00000000
0.10,HJ RFI,AKo,12,0.99446900,0.00000000
0.10,CO RFI,22,6,0.07816563,0.00000000
0.10,CO RFI,33,6,0.18204692,0.00000000
0.10,CO RFI,44,6,0.76463620,0.00000000
0.10,CO RFI,55,6,0.94279830,0.00000000
0.10,CO RFI,66,6,0.95918550,0.00000000
0.10,CO RFI,77,6,0.97630970,0.00000000
0.10,CO RFI,88,6,0.98205810,0.00000000
0.10,CO RFI,99,6,0.98735493,0.00000000
0.10,CO RFI,TT,6,0.99103320,0.00000000
0.10,CO RFI,JJ,6,0.99349760,0.00000000
0.10,CO RFI,QQ,6,0.99608165,0.00000000
0.10,CO RFI,KK,6,0.99758154,0.00000000
0.10,CO RFI,AA,6,0.99975973,0.00000000
0.10,CO RFI,32s,4,0.01183200,0.00000000
0.10,CO RFI,42s,4,0.01357932,0.00000000
0.10,CO RFI,43s,4,0.01441858,0.00000000
0.10,CO RFI,52s,4,0.01254894,0.00000000
0.10,CO RFI,53s,4,0.01526142,0.00000000
0.10,CO RFI,54s,4,0.01856299,0.00000000
0.10,CO RFI,62s,4,0.01322288,0.00000000
0.10,CO RFI,63s,4,0.01355122,0.00000000
0.10,CO RFI,64s,4,0.01568796,0.00000000
0.10,CO RFI,65s,4,0.02107511,0.00000000
0.10,CO RFI,72s,4,0.01242597,0.00000000
0.10,CO RFI,73s,4,0.01517467,0.00000000
0.10,CO RFI,74s,4,0.01633066,0.00000000
0.10,CO RFI,75s,4,0.01804757,0.00000000
0.10,CO RFI,76s,4,0.02930215,0.00000000
0.10,CO RFI,82s,4,0.01213218,0.00000000
0.10,CO RFI,83s,4,0.01393989,0.00000000
0.10,CO RFI,84s,4,0.01682606,0.00000000
0.10,CO RFI,85s,4,0.01864218,0.00000000
0.10,CO RFI,86s,4,0.02325364,0.00000000
0.10,CO RFI,87s,4,0.03310690,0.00000000
0.10,CO RFI,92s,4,0.01540461,0.00000000
0.10,CO RFI,93s,4,0.01745973,0.00000000
0.10,CO RFI,94s,4,0.01532929,0.00000000
0.10,CO RFI,95s,4,0.01991732,0.00000000
0.10,CO RFI,96s,4,0.02199227,0.00000000
0.10,CO RFI,97s,4,0.03134759,0.00000000
0.10,CO RFI,98s,4,0.04208865,0.00000000
0.10,CO RFI,T2s,4,0.01738841,0.00000000
0.10,CO RFI,T3s,4,0.02000719,0.00000000
0.10,CO RFI,T4s,4,0.02038149,0.00000000
0.10,CO RFI,T5s,4,0.02084857,0.00000000
0.10,CO RFI,T6s,4,0.02503935,0.00000000
0.10,CO RFI,T7s,4,0.03034798,0.00000000
0.10,CO RFI,T8s,4,0.04614352,0.00000000
0.10,CO RFI,T9s,4,0.13492598,0.00000000
0.10,CO RFI,J2s,4,0.02301173,0.00000000
0.10,CO RFI,J3s,4,0.02212790,0.00000000
0.10,CO RFI,J4s,4,0.02442391,0.00000000
0.10,CO RFI,J5s,4,0.02857685,0.00000000
0.10,CO RFI,J6s,4,0.03055975,0.00000000
0.10,CO RFI,J7s,4,0.03283247,0.00000000
0.10,CO RFI,J8s,4,0.07276260,0.00000000
0.10,CO RFI,J9s,4,0.12630887,0.00000000
0.10,CO RFI,JTs,4,0.81228970,0.00000000
0.10,CO RFI,Q2s,4,0.02163845,0.00000000
0.10,CO RFI,Q3s,4,0.03121230,0.00000000
0.10,CO RFI,Q4s,4,0.02916849,0.00000000
0.10,CO RFI,Q5s,4,0.03464582,0.00000000
0.10,CO RFI,Q6s,4,0.04942732,0.00000000
0.10,CO RFI,Q7s,4,0.06545250,0.00000000
0.10,CO RFI,Q8s,4,0.08102340,0.00000000
0.10,CO RFI,Q9s,4,0.24388765,0.00000000
0.10,CO RFI,QTs,4,0.93420340,0.00000000
0.10,CO RFI,QJs,4,0.92257840,0.00000000
0.10,CO RFI,K2s,4,0.05741673,0.00000000
0.10,CO RFI,K3s,4,0.05646651,0.00000000
0.10,CO RFI,K4s,4,0.06192767,0.00000000
0.10,CO RFI,K5s,4,0.10101268,0.00000000
0.10,CO RFI,K6s,4,0.11057219,0.00000000
0.10,CO RFI,K7s,4,0.21587491,0.00000000
0.10,CO RFI,K8s,4,0.68433980,0.00000000
0.10,CO RFI,K9s,4,0.84074420,0.00000000
0.10,CO RFI,KTs,4,0.94509570,0.00000000
0.10,CO RFI,KJs,4,0.96090040,0.00000000
0.10,CO RFI,KQs,4,0.96397880,0.00000000
0.10,CO RFI,A2s,4,0.83384895,0.00000000
0.10,CO RFI,A3s,4,0.84404314,0.00000000
0.10,CO RFI,A4s,4,0.91338400,0.00000000
0.10,CO RFI,A5s,4,0.91262674,0.00000000
0.10,CO RFI,A6s,4,0.92924450,0.00000000
0.10,CO RFI,A7s,4,0.93923134,0.00000000
0.10,CO RFI,A8s,4,0.94772625,0.00000000
0.10,CO RFI,A9s,4,0.96789680,0.00000000
0.10,CO RFI,ATs,4,0.97854227,0.00000000
0.10,CO RFI,AJs,4,0.98368007,0.00000000
0.10,CO RFI,AQs,4,0.98952070,0.00000000
0.10,CO RFI,AKs,4,0.99391794,0.00000000
0.10,CO RFI,32o,12,0.00628910,0.00000000
0.10,CO RFI,42o,12,0.00667323,0.00000000
0.10,CO RFI,43o,12,0.00710979,0.00000000
0.10,CO RFI,52o,12,0.00693125,0.00000000
0.10,CO RFI,53o,12,0.00724842,0.00000000
0.10,CO RFI,54o,12,0.00824771,0.00000000
0.10,CO RFI,62o,12,0.00655819,0.00000000
0.10,CO RFI,63o,12,0.00769828,0.00000000
0.10,CO RFI,64o,12,0.00768143,0.00000000
0.10,CO RFI,65o,12,0.00916816,0.00000000
0.10,CO RFI,72o,12,0.00662351,0.00000000
0.10,CO RFI,73o,12,0.00700379,0.00000000
0.10,CO RFI,74o,12,0.00774976,0.00000000
0.10,CO RFI,75o,12,0.00937609,0.00000000
0.10,CO RFI,76o,12,0.00946546,0.00000000
0.10,CO RFI,82o,12,0.00736575,0.00000000
0.10,CO RFI,83o,12,0.00706548,0.00000000
0.10,CO RFI,84o,12,0.00771088,0.00000000
0.10,CO RFI,85o,12,0.00870889,0.00000000
0.10,CO RFI,86o,12,0.00942619,0.00000000
0.10,CO RFI,87o,12,0.01091120,0.00000000
0.10,CO RFI,92o,12,0.00794508,0.00000000
0.10,CO RFI,93o,12,0.00774614,0.00000000
0.10,CO RFI,94o,12,0.00832065,0.00000000
0.10,CO RFI,95o,12,0.00906496,0.00000000
0.10,CO RFI,96o,12,0.00972953,0.00000000
0.10,CO RFI,97o,12,0.01168957,0.00000000
0.10,CO RFI,98o,12,0.01407108,0.00000000
0.10,CO RFI,T2o,12,0.00846345,0.00000000
0.10,CO RFI,T3o,12,0.00921243,0.00000000
0.10,CO RFI,T4o,12,0.00870887,0.00000000
0.10,CO RFI,T5o,12,0.01036413,0.00000000
0.10,CO RFI,T6o,12,0.01140818,0.00000000
0.10,CO RFI,T7o,12,0.01361069,0.00000000
0.10,CO RFI,T8o,12,0.01462438,0.00000000
0.10,CO RFI,T9o,12,0.02036898,0.00000000
0.10,CO RFI,J2o,12,0.00968454,0.00000000
0.10,CO RFI,J3o,12,0.00960686,0.00000000
0.10,CO RFI,J4o,12,0.01046324,0.00000000
0.10,CO RFI,J5o,12,0.01095208,0.00000000
0.10,CO RFI,J6o,12,0.01155657,0.00000000
0.10,CO RFI,J7o,12,0.01445805,0.00000000
0.10,CO RFI,J8o,12,0.01873646,0.00000000
0.10,CO RFI,J9o,12,0.02652633,0.00000000
0.10,CO RFI,JTo,12,0.06136064,0.00000000
0.10,CO RFI,Q2o,12,0.01222732,0.00000000
0.10,CO RFI,Q3o,12,0.01206299,0.00000000
0.10,CO RFI,Q4o,12,0.01234554,0.00000000
0.10,CO RFI,Q5o,12,0.01539476,0.00000000
0.10,CO RFI,Q6o,12,0.01653288,0.00000000
0.10,CO RFI,Q7o,12,0.01875451,0.00000000
0.10,CO RFI,Q8o,12,0.02344422,0.00000000
0.10,CO RFI,Q9o,12,0.04221755,0.00000000
0.10,CO RFI,QTo,12,0.20652556,0.00000000
0.10,CO RFI,QJo,12,0.86866987,0.00000000
0.10,CO RFI,K2o,12,0.01414193,0.00000000
0.10,CO RFI,K3o,12,0.01913288,0.00000000
0.10,CO RFI,K4o,12,0.02014299,0.00000000
0.10,CO RFI,K5o,12,0.02279180,0.00000000
0.10,CO RFI,K6o,12,0.02806429,0.00000000
0.10,CO RFI,K7o,12,0.03770082,0.00000000
0.10,CO RFI,K8o,12,0.04905195,0.00000000
0.10,CO RFI,K9o,12,0.20412140,0.00000000
0.10,CO RFI,KTo,12,0.91033596,0.00000000
0.10,CO RFI,KJo,12,0.95878230,0.00000000
0.10,CO RFI,KQo,12,0.96708554,0.00000000
0.10,CO RFI,A2o,12,0.11861959,0.00000000
0.10,CO RFI,A3o,12,0.27619696,0.00000000
0.10,CO RFI,A4o,12,0.59247790,0.00000000
0.10,CO RFI,A5o,12,0.87183670,0.00000000
0.10,CO RFI,A6o,12,0.88280064,0.00000000
0.10,CO RFI,A7o,12,0.94081277,0.00000000
0.10,CO RFI,A8o,12,0.96744555,0.00000000
0.10,CO RFI,A9o,12,0.97464620,0.00000000
0.10,CO RFI,ATo,12,0.97872610,0.00000000
0.10,CO RFI,AJo,12,0.98634100,0.00000000
0.10,CO RFI,AQo,12,0.99178255,0.00000000
0.10,CO RFI,AKo,12,0.99530340,0.00000000
0.10,BTN RFI,22,6,0.93602836,0.00000000
0.10,BTN RFI,33,6,0.96343404,0.00000000
0.10,BTN RFI,44,6,0.97145530,0.00000000
0.10,BTN RFI,55,6,0.97889040,0.00000000
0.10,BTN RFI,66,6,0.98028255,0.00000000
0.10,BTN RFI,77,6,0.98387770,0.00000000
0.10,BTN RFI,88,6,0.98760510,0.00000000
0.10,BTN RFI,99,6,0.99049610,0.00000000
0.10,BTN RFI,TT,6,0.99287190,0.00000000
0.10,BTN RFI,JJ,6,0.99461496,0.00000000
0.10,BTN RFI,QQ,6,0.99604800,0.00000000
0.10,BTN RFI,KK,6,0.99776816,0.00000000
0.10,BTN RFI,AA,6,0.99978614,0.00000000
0.10,BTN RFI,32s,4,0.02310391,0.00000000
0.10,BTN RFI,42s,4,0.02466268,0.00000000
0.10,BTN RFI,43s,4,0.03205451,0.00000000
0.10,BTN RFI,52s,4,0.02269300,0.00000000
0.10,BTN RFI,53s,4,0.03711344,0.00000000
0.10,BTN RFI,54s,4,0.06370174,0.00000000
0.10,BTN RFI,62s,4,0.02210543,0.00000000
0.10,BTN RFI,63s,4,0.03177000,0.00000000
0.10,BTN RFI,64s,4,0.05478122,0.00000000
0.10,BTN RFI,65s,4,0.05750402,0.00000000
0.10,BTN RFI,72s,4,0.02367640,0.00000000
0.10,BTN RFI,73s,4,0.02745679,0.00000000
0.10,BTN RFI,74s,4,0.04263939,0.00000000
0.10,BTN RFI,75s,4,0.04545115,0.00000000
0.10,BTN RFI,76s,4,0.27773812,0.00000000
0.10,BTN RFI,82s,4,0.02525249,0.00000000
0.10,BTN RFI,83s,4,0.02778884,0.00000000
0.10,BTN RFI,84s,4,0.04310028,0.00000000
0.10,BTN RFI,85s,4,0.05279466,0.00000000
0.10,BTN RFI,86s,4,0.21523531,0.00000000
0.10,BTN RFI,87s,4,0.61542960,0.00000000
0.10,BTN RFI,92s,4,0.02924566,0.00000000
0.10,BTN RFI,93s,4,0.03848185,0.00000000
0.10,BTN RFI,94s,4,0.03871141,0.00000000
0.10,BTN RFI,95s,4,0.05562947,0.00000000
0.10,BTN RFI,96s,4,0.15933809,0.00000000
0.10,BTN RFI,97s,4,0.53416880,0.00000000
0.10,BTN RFI,98s,4,0.85255593,0.00000000
0.10,BTN RFI,T2s,4,0.05065299,0.00000000
0.10,BTN RFI,T3s,4,0.04415744,0.00000000
0.10,BTN RFI,T4s,4,0.05657107,0.00000000
0.10,BTN RFI,T5s,4,0.06707568,0.00000000
0.10,BTN RFI,T6s,4,0.17062084,0.00000000
0.10,BTN RFI,T7s,4,0.47745308,0.00000000
0.10,BTN RFI,T8s,4,0.90881217,0.00000000
0.10,BTN RFI,T9s,4,0.93821156,0.00000000
0.10,BTN RFI,J2s,4,0.06975011,0.00000000
0.10,BTN RFI,J3s,4,0.10592993,0.00000000
0.10,BTN RFI,J4s,4,0.11732467,0.00000000
0.10,BTN RFI,J5s,4,0.11924543,0.00000000
0.10,BTN RFI,J6s,4,0.15207686,0.00000000
0.10,BTN RFI,J7s,4,0.76221720,0.00000000
0.10,BTN RFI,J8s,4,0.86650110,0.00000000
0.10,BTN RFI,J9s,4,0.94107000,0.00000000
0.10,BTN RFI,JTs,4,0.95414037,0.00000000
0.10,BTN RFI,Q2s,4,0.17919937,0.00000000
0.10,BTN RFI,Q3s,4,0.37276068,0.00000000
0.10,BTN RFI,Q4s,4,0.76300620,0.00000000
0.10,BTN RFI,Q5s,4,0.79946810,0.00000000
0.10,BTN RFI,Q6s,4,0.90462460,0.00000000
0.10,BTN RFI,Q7s,4,0.90393580,0.00000000
0.10,BTN RFI,Q8s,4,0.93558610,0.00000000
0.10,BTN RFI,Q9s,4,0.95545393,0.00000000
0.10,BTN RFI,QTs,4,0.97603630,0.00000000
0.10,BTN RFI,QJs,4,0.97427790,0.00000000
0.10,BTN RFI,K2s,4,0.90236650,0.00000000
0.10,BTN RFI,K3s,4,0.88679993,0.00000000
0.10,BTN RFI,K4s,4,0.92698590,0.00000000
0.10,BTN RFI,K5s,4,0.92856400,0.00000000
0.10,BTN RFI,K6s,4,0.95359580,0.00000000
0.10,BTN RFI,K7s,4,0.95666580,0.00000000
0.10,BTN RFI,K8s,4,0.95782390,0.00000000
0.10,BTN RFI,K9s,4,0.96893040,0.00000000
0.10,BTN RFI,KTs,4,0.97620016,0.00000000
0.10,BTN RFI,KJs,4,0.98316544,0.00000000
0.10,BTN RFI,KQs,4,0.98342127,0.00000000
0.10,BTN RFI,A2s,4,0.97467800,0.00000000
0.10,BTN RFI,A3s,4,0.97024350,0.00000000
0.10,BTN RFI,A4s,4,0.97307150,0.00000000
0.10,BTN RFI,A5s,4,0.97569346,0.00000000
0.10,BTN RFI,A6s,4,0.97406100,0.00000000
0.10,BTN RFI,A7s,4,0.97333956,0.00000000
0.10,BTN RFI,A8s,4,0.98128456,0.00000000
0.10,BTN RFI,A9s,4,0.98265725,0.00000000
0.10,BTN RFI,ATs,4,0.98767600,0.00000000
0.10,BTN RFI,AJs,4,0.99027944,0.00000000
0.10,BTN RFI,AQs,4,0.99195653,0.00000000
0.10,BTN RFI,AKs,4,0.99575055,0.00000000
0.10,BTN RFI,32o,12,0.00955140,0.00000000
0.10,BTN RFI,42o,12,0.01039562,0.00000000
0.10,BTN RFI,43o,12,0.01151802,0.00000000
0.10,BTN RFI,52o,12,0.01164741,0.00000000
0.10,BTN RFI,53o,12,0.01222325,0.00000000
0.10,BTN RFI,54o,12,0.01614548,0.00000000
0.10,BTN RFI,62o,12,0.01009248,0.00000000
0.10,BTN RFI,63o,12,0.01172391,0.00000000
0.10,BTN RFI,64o,12,0.01484622,0.00000000
0.10,BTN RFI,65o,12,0.01890527,0.00000000
0.10,BTN RFI,72o,12,0.01068590,0.00000000
0.10,BTN RFI,73o,12,0.01194987,0.00000000
0.10,BTN RFI,74o,12,0.01427030,0.00000000
0.10,BTN RFI,75o,12,0.01670685,0.00000000
0.10,BTN RFI,76o,12,0.02666796,0.00000000
0.10,BTN RFI,82o,12,0.01144056,0.00000000
0.10,BTN RFI,83o,12,0.01129480,0.00000000
0.10,BTN RFI,84o,12,0.01389746,0.00000000
0.10,BTN RFI,85o,12,0.01790550,0.00000000
0.10,BTN RFI,86o,12,0.02351008,0.00000000
0.10,BTN RFI,87o,12,0.03625242,0.00000000
0.10,BTN RFI,92o,12,0.01318600,0.00000000
0.10,BTN RFI,93o,12,0.01374683,0.00000000
0.10,BTN RFI,94o,12,0.01455834,0.00000000
0.10,BTN RFI,95o,12,0.01684691,0.00000000
0.10,BTN RFI,96o,12,0.02920769,0.00000000
0.10,BTN RFI,97o,12,0.03957611,0.00000000
0.10,BTN RFI,98o,12,0.06870291,0.00000000
0.10,BTN RFI,T2o,12,0.01573933,0.00000000
0.10,BTN RFI,T3o,12,0.01648057,0.00000000
0.10,BTN RFI,T4o,12,0.01968895,0.00000000
0.10,BTN RFI,T5o,12,0.02030006,0.00000000
0.10,BTN RFI,T6o,12,0.02665798,0.00000000
0.10,BTN RFI,T7o,12,0.04640665,0.00000000
0.10,BTN RFI,T8o,12,0.20380420,0.00000000
0.10,BTN RFI,T9o,12,0.81594545,0.00000000
0.10,BTN RFI,J2o,12,0.02114837,0.00000000
0.10,BTN RFI,J3o,12,0.02426782,0.00000000
0.10,BTN RFI,J4o,12,0.02492016,0.00000000
0.10,BTN RFI,J5o,12,0.03288055,0.00000000
0.10,BTN RFI,J6o,12,0.03454646,0.00000000
0.10,BTN RFI,J7o,12,0.07749742,0.00000000
0.10,BTN RFI,J8o,12,0.50368935,0.00000000
0.10,BTN RFI,J9o,12,0.89858454,0.00000000
0.10,BTN RFI,JTo,12,0.95698700,0.00000000
0.10,BTN RFI,Q2o,12,0.03175257,0.00000000
0.10,BTN RFI,Q3o,12,0.03476223,0.00000000
0.10,BTN RFI,Q4o,12,0.05307840,0.00000000
0.10,BTN RFI,Q5o,12,0.05574309,0.00000000
0.10,BTN RFI,Q6o,12,0.11924074,0.00000000
0.10,BTN RFI,Q7o,12,0.43369240,0.00000000
0.10,BTN RFI,Q8o,12,0.93245450,0.00000000
0.10,BTN RFI,Q9o,12,0.96403740,0.00000000
0.10,BTN RFI,QTo,12,0.96974590,0.00000000
0.10,BTN RFI,QJo,12,0.97725690,0.00000000
0.10,BTN RFI,K2o,12,0.45767240,0.00000000
0.10,BTN RFI,K3o,12,0.67030090,0.00000000
0.10,BTN RFI,K4o,12,0.85234797,0.00000000
0.10,BTN RFI,K5o,12,0.89660090,0.00000000
0.10,BTN RFI,K6o,12,0.94963720,0.00000000
0.10,BTN RFI,K7o,12,0.96397346,0.00000000
0.10,BTN RFI,K8o,12,0.96725744,0.00000000
0.10,BTN RFI,K9o,12,0.97459555,0.00000000
0.10,BTN RFI,KTo,12,0.97908130,0.00000000
0.10,BTN RFI,KJo,12,0.98124397,0.00000000
0.10,BTN RFI,KQo,12,0.98732900,0.00000000
0.10,BTN RFI,A2o,12,0.97920126,0.00000000
0.10,BTN RFI,A3o,12,0.98295280,0.00000000
0.10,BTN RFI,A4o,12,0.98162764,0.00000000
0.10,BTN RFI,A5o,12,0.98114777,0.00000000
0.10,BTN RFI,A6o,12,0.98521780,0.00000000
0.10,BTN RFI,A7o,12,0.98589140,0.00000000
0.10,BTN RFI,A8o,12,0.98469883,0.00000000
0.10,BTN RFI,A9o,12,0.98583460,0.00000000
0.10,BTN RFI,ATo,12,0.98954050,0.00000000
0.10,BTN RFI,AJo,12,0.99239147,0.00000000
0.10,BTN RFI,AQo,12,0.99498945,0.00000000
0.10,BTN RFI,AKo,12,0.99680376,0.00000000
0.10,SB RFI,22,6,0.03541223,0.95632390
0.10,SB RFI,33,6,0.04646123,0.94391690
0.10,SB RFI,44,6,0.09571377,0.89437760
0.10,SB RFI,55,6,0.55622960,0.42651895
0.10,SB RFI,66,6,0.36732364,0.61488810
0.10,SB RFI,77,6,0.87060020,0.11344432
0.10,SB RFI,88,6,0.69369286,0.29827586
0.10,SB RFI,99,6,0.86182606,0.12978223
0.10,SB RFI,TT,6,0.83774460,0.15696837
0.10,SB RFI,JJ,6,0.88574600,0.11103187
0.10,SB RFI,QQ,6,0.83451770,0.16347466
0.10,SB RFI,KK,6,0.60272130,0.39660913
0.10,SB RFI,AA,6,0.88337980,0.11660951
0.10,SB RFI,32s,4,0.02265834,0.01284844
0.10,SB RFI,42s,4,0.02149974,0.02093660
0.10,SB RFI,43s,4,0.02669197,0.04153385
0.10,SB RFI,52s,4,0.02886593,0.02524511
0.10,SB RFI,53s,4,0.02363815,0.18011408
0.10,SB RFI,54s,4,0.02665963,0.78952630
0.10,SB RFI,62s,4,0.02498009,0.02919431
0.10,SB RFI,63s,4,0.02711482,0.08453528
0.10,SB RFI,64s,4,0.02756335,0.57423080
0.10,SB RFI,65s,4,0.03410037,0.89038080
0.10,SB RFI,72s,4,0.02345167,0.03733267
0.10,SB RFI,73s,4,0.02967329,0.08869366
0.10,SB RFI,74s,4,0.02768787,0.60451730
0.10,SB RFI,75s,4,0.03472044,0.92425380
0.10,SB RFI,76s,4,0.03012255,0.94340366
0.10,SB RFI,82s,4,0.02485733,0.31071588
0.10,SB RFI,83s,4,0.02542585,0.12122102
0.10,SB RFI,84s,4,0.02522935,0.88606820
0.10,SB RFI,85s,4,0.03120185,0.90980340
0.10,SB RFI,86s,4,0.02847148,0.94740060
0.10,SB RFI,87s,4,0.04227444,0.93968970
0.10,SB RFI,92s,4,0.02326761,0.55409390
0.10,SB RFI,93s,4,0.02634736,0.80632020
0.10,SB RFI,94s,4,0.02615314,0.92214160
0.10,SB RFI,95s,4,0.02889439,0.94634310
0.10,SB RFI,96s,4,0.03891364,0.93356670
0.10,SB RFI,97s,4,0.03041734,0.95441100
0.10,SB RFI,98s,4,0.04242626,0.94556260
0.10,SB RFI,T2s,4,0.03772121,0.90499660
0.10,SB RFI,T3s,4,0.04119638,0.92541370
0.10,SB RFI,T4s,4,0.04015544,0.92499465
0.10,SB RFI,T5s,4,0.03005487,0.94214490
0.10,SB RFI,T6s,4,0.04310912,0.93861940
0.10,SB RFI,T7s,4,0.05608001,0.92755640
0.10,SB RFI,T8s,4,0.04771018,0.94039040
0.10,SB RFI,T9s,4,0.06807106,0.92519110
0.10,SB RFI,J2s,4,0.03871188,0.93566980
0.10,SB RFI,J3s,4,0.03511204,0.94449776
0.10,SB RFI,J4s,4,0.04325421,0.93889886
0.10,SB RFI,J5s,4,0.04279401,0.94017494
0.10,SB RFI,J6s,4,0.04185446,0.94099560
0.10,SB RFI,J7s,4,0.10610212,0.88187300
0.10,SB RFI,J8s,4,0.05621937,0.93402845
0.10,SB RFI,J9s,4,0.09684484,0.89459260
0.10,SB RFI,JTs,4,0.12470294,0.86890310
0.10,SB RFI,Q2s,4,0.05698111,0.92639090
0.10,SB RFI,Q3s,4,0.06175269,0.92506677
0.10,SB RFI,Q4s,4,0.07189745,0.91773780
0.10,SB RFI,Q5s,4,0.06715861,0.92214190
0.10,SB RFI,Q6s,4,0.09801623,0.89175660
0.10,SB RFI,Q7s,4,0.11130244,0.87891890
0.10,SB RFI,Q8s,4,0.15630057,0.83630310
0.10,SB RFI,Q9s,4,0.20499270,0.78551686
0.10,SB RFI,QTs,4,0.47287600,0.51769080
0.10,SB RFI,QJs,4,0.70598894,0.28298807
0.10,SB RFI,K2s,4,0.07879965,0.91293970
0.10,SB RFI,K3s,4,0.10083771,0.89042360
0.10,SB RFI,K4s,4,0.08233631,0.90876170
0.10,SB RFI,K5s,4,0.11653885,0.87633200
0.10,SB RFI,K6s,4,0.12265790,0.86939110
0.10,SB RFI,K7s,4,0.13428171,0.85882010
0.10,SB RFI,K8s,4,0.32345998,0.66899854
0.10,SB RFI,K9s,4,0.82493810,0.15964651
0.10,SB RFI,KTs,4,0.81076100,0.17313321
0.10,SB RFI,KJs,4,0.85925150,0.12309145
0.10,SB RFI,KQs,4,0.67213630,0.31491783
0.10,SB RFI,A2s,4,0.18738896,0.80287800
0.10,SB RFI,A3s,4,0.23131722,0.76102680
0.10,SB RFI,A4s,4,0.45753497,0.53406876
0.10,SB RFI,A5s,4,0.77492000,0.20808284
0.10,SB RFI,A6s,4,0.57059276,0.41720304
0.10,SB RFI,A7s,4,0.83748670,0.14332184
0.10,SB RFI,A8s,4,0.30838770,0.67523485
0.10,SB RFI,A9s,4,0.88071287,0.10131896
0.10,SB RFI,ATs,4,0.86109203,0.12844852
0.10,SB RFI,AJs,4,0.33073820,0.66079175
0.10,SB RFI,AQs,4,0.68218450,0.31341460
0.10,SB RFI,AKs,4,0.32507968,0.67283714
0.10,SB RFI,32o,12,0.01116337,0.00395497
0.10,SB RFI,42o,12,0.01174026,0.00536662
0.10,SB RFI,43o,12,0.01234728,0.00718660
0.10,SB RFI,52o,12,0.01269415,0.00658652
0.10,SB RFI,53o,12,0.01571759,0.01035828
0.10,SB RFI,54o,12,0.01579056,0.02424109
0.10,SB RFI,62o,12,0.01159216,0.00627652
0.10,SB RFI,63o,12,0.01436004,0.00935033
0.10,SB RFI,64o,12,0.01599790,0.01714831
0.10,SB RFI,65o,12,0.01675031,0.10077570
0.10,SB RFI,72o,12,0.01244166,0.00840026
0.10,SB RFI,73o,12,0.01299680,0.01202732
0.10,SB RFI,74o,12,0.01651592,0.02929451
0.10,SB RFI,75o,12,0.01347854,0.30636612
0.10,SB RFI,76o,12,0.01843569,0.92693420
0.10,SB RFI,82o,12,0.01503387,0.01889243
0.10,SB RFI,83o,12,0.01417003,0.01895052
0.10,SB RFI,84o,12,0.01553403,0.05212283
0.10,SB RFI,85o,12,0.01454482,0.76810145
0.10,SB RFI,86o,12,0.01999455,0.93881994
0.10,SB RFI,87o,12,0.01897294,0.96586060
0.10,SB RFI,92o,12,0.01244241,0.19059200
0.10,SB RFI,93o,12,0.01511460,0.23585224
0.10,SB RFI,94o,12,0.01274175,0.39570758
0.10,SB RFI,95o,12,0.01586606,0.92547290
0.10,SB RFI,96o,12,0.01876850,0.95773540
0.10,SB RFI,97o,12,0.01863395,0.96786463
0.10,SB RFI,98o,12,0.02154394,0.96801200
0.10,SB RFI,T2o,12,0.01450524,0.94619090
0.10,SB RFI,T3o,12,0.01548111,0.93709760
0.10,SB RFI,T4o,12,0.01539277,0.95954210
0.10,SB RFI,T5o,12,0.02061591,0.95214430
0.10,SB RFI,T6o,12,0.02139681,0.96341420
0.10,SB RFI,T7o,12,0.02401045,0.96445230
0.10,SB RFI,T8o,12,0.02600489,0.96613150
0.10,SB RFI,T9o,12,0.03203759,0.96231470
0.10,SB RFI,J2o,12,0.01813250,0.96345115
0.10,SB RFI,J3o,12,0.01894890,0.96605940
0.10,SB RFI,J4o,12,0.01967529,0.96323246
0.10,SB RFI,J5o,12,0.02549175,0.96012930
0.10,SB RFI,J6o,12,0.02590863,0.96044190
0.10,SB RFI,J7o,12,0.03179738,0.95854930
0.10,SB RFI,J8o,12,0.04377737,0.94883110
0.10,SB RFI,J9o,12,0.04399519,0.95052620
0.10,SB RFI,JTo,12,0.07532040,0.92065550
0.10,SB RFI,Q2o,12,0.03018768,0.95675385
0.10,SB RFI,Q3o,12,0.03447310,0.95522700
0.10,SB RFI,Q4o,12,0.03198044,0.95635090
0.10,SB RFI,Q5o,12,0.02832941,0.96279526
0.10,SB RFI,Q6o,12,0.04351132,0.94895476
0.10,SB RFI,Q7o,12,0.04536438,0.94686520
0.10,SB RFI,Q8o,12,0.07030758,0.92413914
0.10,SB RFI,Q9o,12,0.08030601,0.91533340
0.10,SB RFI,QTo,12,0.12267853,0.87423795
0.10,SB RFI,QJo,12,0.24073474,0.75600100
0.10,SB RFI,K2o,12,0.05057974,0.94201870
0.10,SB RFI,K3o,12,0.04108276,0.95208410
0.10,SB RFI,K4o,12,0.04440477,0.95011320
0.10,SB RFI,K5o,12,0.12107064,0.87403680
0.10,SB RFI,K6o,12,0.08324017,0.91249120
0.10,SB RFI,K7o,12,0.07831237,0.91751070
0.10,SB RFI,K8o,12,0.23376046,0.76208407
0.10,SB RFI,K9o,12,0.33517855,0.66127150
0.10,SB RFI,KTo,12,0.67510650,0.31983307
0.10,SB RFI,KJo,12,0.91530150,0.07774568
0.10,SB RFI,KQo,12,0.89203950,0.09551348
0.10,SB RFI,A2o,12,0.11872970,0.87810140
0.10,SB RFI,A3o,12,0.09892471,0.89823040
0.10,SB RFI,A4o,12,0.10980198,0.88763916
0.10,SB RFI,A5o,12,0.17830878,0.81912357
0.10,SB RFI,A6o,12,0.41244438,0.58439790
0.10,SB RFI,A7o,12,0.45959590,0.53696805
0.10,SB RFI,A8o,12,0.78759240,0.20689502
0.10,SB RFI,A9o,12,0.90799636,0.08333436
0.10,SB RFI,ATo,12,0.50787960,0.48432870
0.10,SB RFI,AJo,12,0.52736370,0.46742850
0.10,SB RFI,AQo,12,0.41012934,0.58649784
0.10,SB RFI,AKo,12,0.73418915,0.26384887
0.20,UTG RFI,22,6,0.01191167,0.00000000
0.20,UTG RFI,33,6,0.01811447,0.00000000
0.20,UTG RFI,44,6,0.02318116,0.00000000
0.20,UTG RFI,55,6,0.03877278,0.00000000
0.20,UTG RFI,66,6,0.13289082,0.00000000
0.20,UTG RFI,77,6,0.53190670,0.00000000
0.20,UTG RFI,88,6,0.95159245,0.00000000
0.20,UTG RFI,99,6,0.97693735,0.00000000
0.20,UTG RFI,TT,6,0.98743660,0.00000000
0.20,UTG RFI,JJ,6,0.99124010,0.00000000
0.20,UTG RFI,QQ,6,0.99506630,0.00000000
0.20,UTG RFI,KK,6,0.99738306,0.00000000
0.20,UTG RFI,AA,6,0.99958600,0.00000000
0.20,UTG RFI,32s,4,0.00821511,0.00000000
0.20,UTG RFI,42s,4,0.00778762,0.00000000
0.20,UTG RFI,43s,4,0.00824767,0.00000000
0.20,UTG RFI,52s,4,0.00757759,0.00000000
0.20,UTG RFI,53s,4,0.00972148,0.00000000
0.20,UTG RFI,54s,4,0.01209215,0.00000000
0.20,UTG RFI,62s,4,0.00770902,0.00000000
0.20,UTG RFI,63s,4,0.00917416,0.00000000
0.20,UTG RFI,64s,4,0.00990332,0.00000000
0.20,UTG RFI,65s,4,0.01142941,0.00000000
0.20,UTG RFI,72s,4,0.00792022,0.00000000
0.20,UTG RFI,73s,4,0.00966958,0.00000000
0.20,UTG RFI,74s,4,0.00901739,0.00000000
0.20,UTG RFI,75s,4,0.01146343,0.00000000
0.20,UTG RFI,76s,4,0.01067626,0.00000000
0.20,UTG RFI,82s,4,0.00810708,0.00000000
0.20,UTG RFI,83s,4,0.00758955,0.00000000
0.20,UTG RFI,84s,4,0.00825208,0.00000000
0.20,UTG RFI,85s,4,0.00937697,0.00000000
0.20,UTG RFI,86s,4,0.01125198,0.00000000
0.20,UTG RFI,87s,4,0.01609242,0.00000000
0.20,UTG RFI,92s,4,0.00951413,0.00000000
0.20,UTG RFI,93s,4,0.00908539,0.00000000
0.20,UTG RFI,94s,4,0.00809136,0.00000000
0.20,UTG RFI,95s,4,0.01102103,0.00000000
0.20,UTG RFI,96s,4,0.01090296,0.00000000
0.20,UTG RFI,97s,4,0.01217427,0.00000000
0.20,UTG RFI,98s,4,0.01703669,0.00000000
0.20,UTG RFI,T2s,4,0.01031641,0.00000000
0.20,UTG RFI,T3s,4,0.00977408,0.00000000
0.20,UTG RFI,T4s,4,0.01061660,0.00000000
0.20,UTG RFI,T5s,4,0.01119493,0.00000000
0.20,UTG RFI,T6s,4,0.01092309,0.00000000
0.20,UTG RFI,T7s,4,0.01574084,0.00000000
0.20,UTG RFI,T8s,4,0.02072327,0.00000000
0.20,UTG RFI,T9s,4,0.02595239,0.00000000
0.20,UTG RFI,J2s,4,0.00965537,0.00000000
0.20,UTG RFI,J3s,4,0.00953857,0.00000000
0.20,UTG RFI,J4s,4,0.01118378,0.00000000
0.20,UTG RFI,J5s,4,0.01135404,0.00000000
0.20,UTG RFI,J6s,4,0.01250888,0.00000000
0.20,UTG RFI,J7s,4,0.01408703,0.00000000
0.20,UTG RFI,J8s,4,0.02012793,0.00000000
0.20,UTG RFI,J9s,4,0.02495994,0.00000000
0.20,UTG RFI,JTs,4,0.04717938,0.00000000
0.20,UTG RFI,Q2s,4,0.01104408,0.00000000
0.20,UTG RFI,Q3s,4,0.01226892,0.00000000
0.20,UTG RFI,Q4s,4,0.01475473,0.00000000
0.20,UTG RFI,Q5s,4,0.01363796,0.00000000
0.20,UTG RFI,Q6s,4,0.01448649,0.00000000
0.20,UTG RFI,Q7s,4,0.01693615,0.00000000
0.20,UTG RFI,Q8s,4,0.02278362,0.00000000
0.20,UTG RFI,Q9s,4,0.03263498,0.00000000
0.20,UTG RFI,QTs,4,0.07666260,0.00000000
0.20,UTG RFI,QJs,4,0.10387927,0.00000000
0.20,UTG RFI,K2s,4,0.01517355,0.00000000
0.20,UTG RFI,K3s,4,0.01792889,0.00000000
0.20,UTG RFI,K4s,4,0.01758913,0.00000000
0.20,UTG RFI,K5s,4,0.02368785,0.00000000
0.20,UTG RFI,K6s,4,0.02019163,0.00000000
0.20,UTG RFI,K7s,4,0.02519949,0.00000000
0.20,UTG RFI,K8s,4,0.03438415,0.00000000
0.20,UTG RFI,K9s,4,0.04089950,0.00000000
0.20,UTG RFI,KTs,4,0.16773617,0.00000000
0.20,UTG RFI,KJs,4,0.73894674,0.00000000
0.20,UTG RFI,KQs,4,0.94116050,0.00000000
0.20,UTG RFI,A2s,4,0.04510432,0.00000000
0.20,UTG RFI,A3s,4,0.03742045,0.00000000
0.20,UTG RFI,A4s,4,0.05342347,0.00000000
0.20,UTG RFI,A5s,4,0.05728011,0.00000000
0.20,UTG RFI,A6s,4,0.06886119,0.00000000
0.20,UTG RFI,A7s,4,0.11637165,0.00000000
0.20,UTG RFI,A8s,4,0.18890671,0.00000000
0.20,UTG RFI,A9s,4,0.70455320,0.00000000
0.20,UTG RFI,ATs,4,0.93920267,0.00000000
0.20,UTG RFI,AJs,4,0.95524370,0.00000000
0.20,UTG RFI,AQs,4,0.97806996,0.00000000
0.20,UTG RFI,AKs,4,0.99112636,0.00000000
0.20,UTG RFI,32o,12,0.00419438,0.00000000
0.20,UTG RFI,42o,12,0.00424123,0.00000000
0.20,UTG RFI,43o,12,0.00452920,0.00000000
0.20,UTG RFI,52o,12,0.00439014,0.00000000
0.20,UTG RFI,53o,12,0.00446774,0.00000000
0.20,UTG RFI,54o,12,0.00452206,0.00000000
0.20,UTG RFI,62o,12,0.00437001,0.00000000
0.20,UTG RFI,63o,12,0.00456885,0.00000000
0.20,UTG RFI,64o,12,0.00479091,0.00000000
0.20,UTG RFI,65o,12,0.00491768,0.00000000
0.20,UTG RFI,72o,12,0.00447830,0.00000000
0.20,UTG RFI,73o,12,0.00468265,0.00000000
0.20,UTG RFI,74o,12,0.00453158,0.00000000
0.20,UTG RFI,75o,12,0.00480644,0.00000000
0.20,UTG RFI,76o,12,0.00520552,0.00000000
0.20,UTG RFI,82o,12,0.00456202,0.00000000
0.20,UTG RFI,83o,12,0.00484898,0.00000000
0.20,UTG RFI,84o,12,0.00471607,0.00000000
0.20,UTG RFI,85o,12,0.00452369,0.00000000
0.20,UTG RFI,86o,12,0.00527089,0.00000000
0.20,UTG RFI,87o,12,0.00540419,0.00000000
0.20,UTG RFI,92o,12,0.00462917,0.00000000
0.20,UTG RFI,93o,12,0.00423228,0.00000000
0.20,UTG RFI,94o,12,0.00497647,0.00000000
0.20,UTG RFI,95o,12,0.00474772,0.00000000
0.20,UTG RFI,96o,12,0.00515632,0.00000000
0.20,UTG RFI,97o,12,0.00509730,0.00000000
0.20,UTG RFI,98o,12,0.00592446,0.00000000
0.20,UTG RFI,T2o,12,0.00457759,0.00000000
0.20,UTG RFI,T3o,12,0.00485338,0.00000000
0.20,UTG RFI,T4o,12,0.00501499,0.00000000
0.20,UTG RFI,T5o,12,0.00556616,0.00000000
0.20,UTG RFI,T6o,12,0.00568340,0.00000000
0.20,UTG RFI,T7o,12,0.00617401,0.00000000
0.20,UTG RFI,T8o,12,0.00689248,0.00000000
0.20,UTG RFI,T9o,12,0.00739635,0.00000000
0.20,UTG RFI,J2o,12,0.00494111,0.00000000
0.20,UTG RFI,J3o,12,0.00517408,0.00000000
0.20,UTG RFI,J4o,12,0.00540202,0.00000000
0.20,UTG RFI,J5o,12,0.00545240,0.00000000
0.20,UTG RFI,J6o,12,0.00574203,0.00000000
0.20,UTG RFI,J7o,12,0.00637817,0.00000000
0.20,UTG RFI,J8o,12,0.00639047,0.00000000
0.20,UTG RFI,J9o,12,0.00789179,0.00000000
0.20,UTG RFI,JTo,12,0.01241445,0.00000000
0.20,UTG RFI,Q2o,12,0.00547881,0.00000000
0.20,UTG RFI,Q3o,12,0.00589917,0.00000000
0.20,UTG RFI,Q4o,12,0.00563473,0.00000000
0.20,UTG RFI,Q5o,12,0.00587867,0.00000000
0.20,UTG RFI,Q6o,12,0.00605402,0.00000000
0.20,UTG RFI,Q7o,12,0.00647207,0.00000000
0.20,UTG RFI,Q8o,12,0.00742230,0.00000000
0.20,UTG RFI,Q9o,12,0.00950682,0.00000000
0.20,UTG RFI,QTo,12,0.01469063,0.00000000
0.20,UTG RFI,QJo,12,0.01949422,0.00000000
0.20,UTG RFI,K2o,12,0.00597759,0.00000000
0.20,UTG RFI,K3o,12,0.00688470,0.00000000
0.20,UTG RFI,K4o,12,0.00714910,0.00000000
0.20,UTG RFI,K5o,12,0.00699556,0.00000000
0.20,UTG RFI,K6o,12,0.00728507,0.00000000
0.20,UTG RFI,K7o,12,0.00810961,0.00000000
0.20,UTG RFI,K8o,12,0.00987948,0.00000000
0.20,UTG RFI,K9o,12,0.01251423,0.00000000
0.20,UTG RFI,KTo,12,0.03084516,0.00000000
0.20,UTG RFI,KJo,12,0.04841212,0.00000000
0.20,UTG RFI,KQo,12,0.19551033,0.00000000
0.20,UTG RFI,A2o,12,0.00919393,0.00000000
0.20,UTG RFI,A3o,12,0.01191053,0.00000000
0.20,UTG RFI,A4o,12,0.01315968,0.00000000
0.20,UTG RFI,A5o,12,0.01451903,0.00000000
0.20,UTG RFI,A6o,12,0.01351108,0.00000000
0.20,UTG RFI,A7o,12,0.01763346,0.00000000
0.20,UTG RFI,A8o,12,0.02004791,0.00000000
0.20,UTG RFI,A9o,12,0.03915675,0.00000000
0.20,UTG RFI,ATo,12,0.42770895,0.00000000
0.20,UTG RFI,AJo,12,0.93942106,0.00000000
0.20,UTG RFI,AQo,12,0.97896050,0.00000000
0.20,UTG RFI,AKo,12,0.99127710,0.00000000
0.20,HJ RFI,22,6,0.02313771,0.00000000
0.20,HJ RFI,33,6,0.04193841,0.00000000
0.20,HJ RFI,44,6,0.06969103,0.00000000
0.20,HJ RFI,55,6,0.26343614,0.00000000
0.20,HJ RFI,66,6,0.86204773,0.00000000
0.20,HJ RFI,77,6,0.95573210,0.00000000
0.20,HJ RFI,88,6,0.97569010,0.00000000
0.20,HJ RFI,99,6,0.98124474,0.00000000
0.20,HJ RFI,TT,6,0.98953235,0.00000000
0.20,HJ RFI,JJ,6,0.99287814,0.00000000
0.20,HJ RFI,QQ,6,0.99523383,0.00000000
0.20,HJ RFI,KK,6,0.99723710,0.00000000
0.20,HJ RFI,AA,6,0.99971330,0.00000000
0.20,HJ RFI,32s,4,0.01310123,0.00000000
0.20,HJ RFI,42s,4,0.01467705,0.00000000
0.20,HJ RFI,43s,4,0.01883239,0.00000000
0.20,HJ RFI,52s,4,0.01740506,0.00000000
0.20,HJ RFI,53s,4,0.01575245,0.00000000
0.20,HJ RFI,54s,4,0.02145205,0.00000000
0.20,HJ RFI,62s,4,0.01582688,0.00000000
0.20,HJ RFI,63s,4,0.01574821,0.00000000
0.20,HJ RFI,64s,4,0.01929562,0.00000000
0.20,HJ RFI,65s,4,0.01887454,0.00000000
0.20,HJ RFI,72s,4,0.01389838,0.00000000
0.20,HJ RFI,73s,4,0.01677367,0.00000000
0.20,HJ RFI,74s,4,0.01709526,0.00000000
0.20,HJ RFI,75s,4,0.01808329,0.00000000
0.20,HJ RFI,76s,4,0.02273825,0.00000000
0.20,HJ RFI,82s,4,0.01508151,0.00000000
0.20,HJ RFI,83s,4,0.01394335,0.00000000
0.20,HJ RFI,84s,4,0.01586468,0.00000000
0.20,HJ RFI,85s,4,0.01768221,0.00000000
0.20,HJ RFI,86s,4,0.02257203,0.00000000
0.20,HJ RFI,87s,4,0.02504477,0.00000000
0.20,HJ RFI,92s,4,0.01287676,0.00000000
0.20,HJ RFI,93s,4,0.01818008,0.00000000
0.20,HJ RFI,94s,4,0.01742089,0.00000000
0.20,HJ RFI,95s,4,0.01886451,0.00000000
0.20,HJ RFI,96s,4,0.02191435,0.00000000
0.20,HJ RFI,97s,4,0.02342017,0.00000000
0.20,HJ RFI,98s,4,0.03427881,0.00000000
0.20,HJ RFI,T2s,4,0.01788605,0.00000000
0.20,HJ RFI,T3s,4,0.01576115,0.00000000
0.20,HJ RFI,T4s,4,0.01784056,0.00000000
0.20,HJ RFI,T5s,4,0.01730807,0.00000000
0.20,HJ RFI,T6s,4,0.02410932,0.00000000
0.20,HJ RFI,T7s,4,0.02557800,0.00000000
0.20,HJ RFI,T8s,4,0.03428807,0.00000000
0.20,HJ RFI,T9s,4,0.04473262,0.00000000
0.20,HJ RFI,J2s,4,0.01887935,0.00000000
0.20,HJ RFI,J3s,4,0.01724292,0.00000000
0.20,HJ RFI,J4s,4,0.02337611,0.00000000
0.20,HJ RFI,J5s,4,0.01833501,0.00000000
0.20,HJ RFI,J6s,4,0.02511613,0.00000000
0.20,HJ RFI,J7s,4,0.02353699,0.00000000
0.20,HJ RFI,J8s,4,0.04250308,0.00000000
0.20,HJ RFI,J9s,4,0.06514389,0.00000000
0.20,HJ RFI,JTs,4,0.21728648,0.00000000
0.20,HJ RFI,Q2s,4,0.01990794,0.00000000
0.20,HJ RFI,Q3s,4,0.02541848,0.00000000
0.20,HJ RFI,Q4s,4,0.02310355,0.00000000
0.20,HJ RFI,Q5s,4,0.02345089,0.00000000
0.20,HJ RFI,Q6s,4,0.03391688,0.00000000
0.20,HJ RFI,Q7s,4,0.03367564,0.00000000
0.20,HJ RFI,Q8s,4,0.04228139,0.00000000
0.20,HJ RFI,Q9s,4,0.05958924,0.00000000
0.20,HJ RFI,QTs,4,0.56280714,0.00000000
0.20,HJ RFI,QJs,4,0.77451813,0.00000000
0.20,HJ RFI,K2s,4,0.03081711,0.00000000
0.20,HJ RFI,K3s,4,0.03158051,0.00000000
0.20,HJ RFI,K4s,4,0.03552446,0.00000000
0.20,HJ RFI,K5s,4,0.03672903,0.00000000
0.20,HJ RFI,K6s,4,0.04555979,0.00000000
0.20,HJ RFI,K7s,4,0.04730213,0.00000000
0.20,HJ RFI,K8s,4,0.07130443,0.00000000
0.20,HJ RFI,K9s,4,0.21945243,0.00000000
0.20,HJ RFI,KTs,4,0.78493750,0.00000000
0.20,HJ RFI,KJs,4,0.91142684,0.00000000
0.20,HJ RFI,KQs,4,0.93491940,0.00000000
0.20,HJ RFI,A2s,4,0.08289889,0.00000000
0.20,HJ RFI,A3s,4,0.14555086,0.00000000
0.20,HJ RFI,A4s,4,0.51445544,0.00000000
0.20,HJ RFI,A5s,4,0.45112872,0.00000000
0.20,HJ RFI,A6s,4,0.40501225,0.00000000
0.20,HJ RFI,A7s,4,0.85492456,0.00000000
0.20,HJ RFI,A8s,4,0.87232476,0.00000000
0.20,HJ RFI,A9s,4,0.89389086,0.00000000
0.20,HJ RFI,ATs,4,0.96905285,0.00000000
0.20,HJ RFI,AJs,4,0.97632354,0.00000000
0.20,HJ RFI,AQs,4,0.98586816,0.00000000
0.20,HJ RFI,AKs,4,0.99118710,0.00000000
0.20,HJ RFI,32o,12,0.00787804,0.00000000
0.20,HJ RFI,42o,12,0.00765855,0.00000000
0.20,HJ RFI,43o,12,0.00861912,0.00000000
0.20,HJ RFI,52o,12,0.00873347,0.00000000
0.20,HJ RFI,53o,12,0.00825731,0.00000000
0.20,HJ RFI,54o,12,0.00888848,0.00000000
0.20,HJ RFI,62o,12,0.00814446,0.00000000
0.20,HJ RFI,63o,12,0.00807084,0.00000000
0.20,HJ RFI,64o,12,0.00888751,0.00000000
0.20,HJ RFI,65o,12,0.00981073,0.00000000
0.20,HJ RFI,72o,12,0.00749248,0.00000000
0.20,HJ RFI,73o,12,0.00808325,0.00000000
0.20,HJ RFI,74o,12,0.00870500,0.00000000
0.20,HJ RFI,75o,12,0.00931375,0.00000000
0.20,HJ RFI,76o,12,0.00997250,0.00000000
0.20,HJ RFI,82o,12,0.00856436,0.00000000
0.20,HJ RFI,83o,12,0.00862464,0.00000000
0.20,HJ RFI,84o,12,0.00847227,0.00000000
0.20,HJ RFI,85o,12,0.00875005,0.00000000
0.20,HJ RFI,86o,12,0.00981604,0.00000000
0.20,HJ RFI,87o,12,0.01124323,0.00000000
0.20,HJ RFI,92o,12,0.00839191,0.00000000
0.20,HJ RFI,93o,12,0.00857064,0.00000000
0.20,HJ RFI,94o,12,0.00879302,0.00000000
0.20,HJ RFI,95o,12,0.00911540,0.00000000
0.20,HJ RFI,96o,12,0.00952696,0.00000000
0.20,HJ RFI,97o,12,0.01031250,0.00000000
0.20,HJ RFI,98o,12,0.01243504,0.00000000
0.20,HJ RFI,T2o,12,0.00844749,0.00000000
0.20,HJ RFI,T3o,12,0.00845295,0.00000000
0.20,HJ RFI,T4o,12,0.00950291,0.00000000
0.20,HJ RFI,T5o,12,0.00966609,0.00000000
0.20,HJ RFI,T6o,12,0.00966818,0.00000000
0.20,HJ RFI,T7o,12,0.01040117,0.00000000
0.20,HJ RFI,T8o,12,0.01173414,0.00000000
0.20,HJ RFI,T9o,12,0.01415446,0.00000000
0.20,HJ RFI,J2o,12,0.00976973,0.00000000
0.20,HJ RFI,J3o,12,0.00917826,0.00000000
0.20,HJ RFI,J4o,12,0.00923931,0.00000000
0.20,HJ RFI,J5o,12,0.01091274,0.00000000
0.20,HJ RFI,J6o,12,0.00984566,0.00000000
0.20,HJ RFI,J7o,12,0.01034695,0.00000000
0.20,HJ RFI,J8o,12,0.01181949,0.00000000
0.20,HJ RFI,J9o,12,0.01542410,0.00000000
0.20,HJ RFI,JTo,12,0.02353058,0.00000000
0.20,HJ RFI,Q2o,12,0.00959329,0.00000000
0.20,HJ RFI,Q3o,12,0.01048323,0.00000000
0.20,HJ RFI,Q4o,12,0.00998162,0.00000000
0.20,HJ RFI,Q5o,12,0.01073527,0.00000000
0.20,HJ RFI,Q6o,12,0.01132770,0.00000000
0.20,HJ RFI,Q7o,12,0.01153892,0.00000000
0.20,HJ RFI,Q8o,12,0.01416779,0.00000000
0.20,HJ RFI,Q9o,12,0.02147989,0.00000000
0.20,HJ RFI,QTo,12,0.02778968,0.00000000
0.20,HJ RFI,QJo,12,0.04942975,0.00000000
0.20,HJ RFI,K2o,12,0.01119706,0.00000000
0.20,HJ RFI,K3o,12,0.01057555,0.00000000
0.20,HJ RFI,K4o,12,0.01296704,0.00000000
0.20,HJ RFI,K5o,12,0.01368237,0.00000000
0.20,HJ RFI,K6o,12,0.01518390,0.00000000
0.20,HJ RFI,K7o,12,0.01658620,0.00000000
0.20,HJ RFI,K8o,12,0.02047609,0.00000000
0.20,HJ RFI,K9o,12,0.02512424,0.00000000
0.20,HJ RFI,KTo,12,0.06093456,0.00000000
0.20,HJ RFI,KJo,12,0.50473714,0.00000000
0.20,HJ RFI,KQo,12,0.93412596,0.00000000
0.20,HJ RFI,A2o,12,0.02895026,0.00000000
0.20,HJ RFI,A3o,12,0.03169685,0.00000000
0.20,HJ RFI,A4o,12,0.04081527,0.00000000
0.20,HJ RFI,A5o,12,0.05771891,0.00000000
0.20,HJ RFI,A6o,12,0.04006640,0.00000000
0.20,HJ RFI,A7o,12,0.06335454,0.00000000
0.20,HJ RFI,A8o,12,0.11541267,0.00000000
0.20,HJ RFI,A9o,12,0.79952140,0.00000000
0.20,HJ RFI,ATo,12,0.94857836,0.00000000
0.20,HJ RFI,AJo,12,0.97751766,0.00000000
0.20,HJ RFI,AQo,12,0.98728126,0.00000000
0.20,HJ RFI,AKo,12,0.99312615,0.00000000
0.20,CO RFI,22,6,0.10676049,0.00000000
0.20,CO RFI,33,6,0.76362230,0.00000000
0.20,CO RFI,44,6,0.90954274,0.00000000
0.20,CO RFI,55,6,0.95080143,0.00000000
0.20,CO RFI,66,6,0.97234090,0.00000000
0.20,CO RFI,77,6,0.98001570,0.00000000
0.20,CO RFI,88,6,0.98480450,0.00000000
0.20,CO RFI,99,6,0.98806757,0.00000000
0.20,CO RFI,TT,6,0.99258740,0.00000000
0.20,CO RFI,JJ,6,0.99470025,0.00000000
0.20,CO RFI,QQ,6,0.99637370,0.00000000
0.20,CO RFI,KK,6,0.99758995,0.00000000
0.20,CO RFI,AA,6,0.99963370,0.00000000
0.20,CO RFI,32s,4,0.02501333,0.00000000
0.20,CO RFI,42s,4,0.03382418,0.00000000
0.20,CO RFI,43s,4,0.03007366,0.00000000
0.20,CO RFI,52s,4,0.02863928,0.00000000
0.20,CO RFI,53s,4,0.03004149,0.00000000
0.20,CO RFI,54s,4,0.03466375,0.00000000
0.20,CO RFI,62s,4,0.02617589,0.00000000
0.20,CO RFI,63s,4,0.02929262,0.00000000
0.20,CO RFI,64s,4,0.03756429,0.00000000
0.20,CO RFI,65s,4,0.05925205,0.00000000
0.20,CO RFI,72s,4,0.02496161,0.00000000
0.20,CO RFI,73s,4,0.03106161,0.00000000
0.20,CO RFI,74s,4,0.03451937,0.00000000
0.20,CO RFI,75s,4,0.04500080,0.00000000
0.20,CO RFI,76s,4,0.05742437,0.00000000
0.20,CO RFI,82s,4,0.02665041,0.00000000
0.20,CO RFI,83s,4,0.02845787,0.00000000
0.20,CO RFI,84s,4,0.02574924,0.00000000
0.20,CO RFI,85s,4,0.03998730,0.00000000
0.20,CO RFI,86s,4,0.07146809,0.00000000
0.20,CO RFI,87s,4,0.07158859,0.00000000
0.20,CO RFI,92s,4,0.02503424,0.00000000
0.20,CO RFI,93s,4,0.02577875,0.00000000
0.20,CO RFI,94s,4,0.02709142,0.00000000
0.20,CO RFI,95s,4,0.03124652,0.00000000
0.20,CO RFI,96s,4,0.04778710,0.00000000
0.20,CO RFI,97s,4,0.07258826,0.00000000
0.20,CO RFI,98s,4,0.10779600,0.00000000
0.20,CO RFI,T2s,4,0.02846236,0.00000000
0.20,CO RFI,T3s,4,0.03394174,0.00000000
0.20,CO RFI,T4s,4,0.03639982,0.00000000
0.20,CO RFI,T5s,4,0.04066066,0.00000000
0.20,CO RFI,T6s,4,0.04489047,0.00000000
0.20,CO RFI,T7s,4,0.04524179,0.00000000
0.20,CO RFI,T8s,4,0.12303608,0.00000000
0.20,CO RFI,T9s,4,0.65513945,0.00000000
0.20,CO RFI,J2s,4,0.03392499,0.00000000
0.20,CO RFI,J3s,4,0.04162809,0.00000000
0.20,CO RFI,J4s,4,0.03606823,0.00000000
0.20,CO RFI,J5s,4,0.04577295,0.00000000
0.20,CO RFI,J6s,4,0.03609210,0.00000000
0.20,CO RFI,J7s,4,0.07814268,0.00000000
0.20,CO RFI,J8s,4,0.10928990,0.00000000
0.20,CO RFI,J9s,4,0.36460620,0.00000000
0.20,CO RFI,JTs,4,0.82647400,0.00000000
0.20,CO RFI,Q2s,4,0.03946185,0.00000000
0.20,CO RFI,Q3s,4,0.04984277,0.00000000
0.20,CO RFI,Q4s,4,0.04996848,0.00000000
0.20,CO RFI,Q5s,4,0.04665369,0.00000000
0.20,CO RFI,Q6s,4,0.06890243,0.00000000
0.20,CO RFI,Q7s,4,0.06367679,0.00000000
0.20,CO RFI,Q8s,4,0.21284916,0.00000000
0.20,CO RFI,Q9s,4,0.78395766,0.00000000
0.20,CO RFI,QTs,4,0.87776630,0.00000000
0.20,CO RFI,QJs,4,0.92272085,0.00000000
0.20,CO RFI,K2s,4,0.08396881,0.00000000
0.20,CO RFI,K3s,4,0.06920038,0.00000000
0.20,CO RFI,K4s,4,0.07188801,0.00000000
0.20,CO RFI,K5s,4,0.18749145,0.00000000
0.20,CO RFI,K6s,4,0.20969597,0.00000000
0.20,CO RFI,K7s,4,0.25574595,0.00000000
0.20,CO RFI,K8s,4,0.42162278,0.00000000
0.20,CO RFI,K9s,4,0.89702960,0.00000000
0.20,CO RFI,KTs,4,0.92856080,0.00000000
0.20,CO RFI,KJs,4,0.94944996,0.00000000
0.20,CO RFI,KQs,4,0.96941970,0.00000000
0.20,CO RFI,A2s,4,0.92850745,0.00000000
0.20,CO RFI,A3s,4,0.92227460,0.00000000
0.20,CO RFI,A4s,4,0.93348140,0.00000000
0.20,CO RFI,A5s,4,0.94695640,0.00000000
0.20,CO RFI,A6s,4,0.92512270,0.00000000
0.20,CO RFI,A7s,4,0.94569420,0.00000000
0.20,CO RFI,A8s,4,0.95756290,0.00000000
0.20,CO RFI,A9s,4,0.97107995,0.00000000
0.20,CO RFI,ATs,4,0.98217714,0.00000000
0.20,CO RFI,AJs,4,0.98736520,0.00000000
0.20,CO RFI,AQs,4,0.98941760,0.00000000
0.20,CO RFI,AKs,4,0.99365723,0.00000000
0.20,CO RFI,32o,12,0.01206621,0.00000000
0.20,CO RFI,42o,12,0.01256821,0.00000000
0.20,CO RFI,43o,12,0.01352828,0.00000000
0.20,CO RFI,52o,12,0.01226211,0.00000000
0.20,CO RFI,53o,12,0.01461642,0.00000000
0.20,CO RFI,54o,12,0.01525526,0.00000000
0.20,CO RFI,62o,12,0.01289076,0.00000000
0.20,CO RFI,63o,12,0.01334217,0.00000000
0.20,CO RFI,64o,12,0.01531975,0.00000000
0.20,CO RFI,65o,12,0.01674825,0.00000000
0.20,CO RFI,72o,12,0.01247716,0.00000000
0.20,CO RFI,73o,12,0.01282225,0.00000000
0.20,CO RFI,74o,12,0.01497078,0.00000000
0.20,CO RFI,75o,12,0.01839058,0.00000000
0.20,CO RFI,76o,12,0.01840935,0.00000000
0.20,CO RFI,82o,12,0.01314353,0.00000000
0.20,CO RFI,83o,12,0.01233168,0.00000000
0.20,CO RFI,84o,12,0.01405713,0.00000000
0.20,CO RFI,85o,12,0.01690692,0.00000000
0.20,CO RFI,86o,12,0.01805559,0.00000000
0.20,CO RFI,87o,12,0.02118412,0.00000000
0.20,CO RFI,92o,12,0.01408236,0.00000000
0.20,CO RFI,93o,12,0.01397236,0.00000000
0.20,CO RFI,94o,12,0.01397222,0.00000000
0.20,CO RFI,95o,12,0.01610381,0.00000000
0.20,CO RFI,96o,12,0.01720446,0.00000000
0.20,CO RFI,97o,12,0.02217621,0.00000000
0.20,CO RFI,98o,12,0.02770106,0.00000000
0.20,CO RFI,T2o,12,0.01448798,0.00000000
0.20,CO RFI,T3o,12,0.01618454,0.00000000
0.20,CO RFI,T4o,12,0.01619858,0.00000000
0.20,CO RFI,T5o,12,0.01682262,0.00000000
0.20,CO RFI,T6o,12,0.01693643,0.00000000
0.20,CO RFI,T7o,12,0.02055129,0.00000000
0.20,CO RFI,T8o,12,0.02419207,0.00000000
0.20,CO RFI,T9o,12,0.04931732,0.00000000
0.20,CO RFI,J2o,12,0.01525104,0.00000000
0.20,CO RFI,J3o,12,0.01680338,0.00000000
0.20,CO RFI,J4o,12,0.01726850,0.00000000
0.20,CO RFI,J5o,12,0.01944200,0.00000000
0.20,CO RFI,J6o,12,0.01914873,0.00000000
0.20,CO RFI,J7o,12,0.02104901,0.00000000
0.20,CO RFI,J8o,12,0.02693755,0.00000000
0.20,CO RFI,J9o,12,0.03401955,0.00000000
0.20,CO RFI,JTo,12,0.09508113,0.00000000
0.20,CO RFI,Q2o,12,0.01740861,0.00000000
0.20,CO RFI,Q3o,12,0.01773567,0.00000000
0.20,CO RFI,Q4o,12,0.01960830,0.00000000
0.20,CO RFI,Q5o,12,0.01879868,0.00000000
0.20,CO RFI,Q6o,12,0.02589068,0.00000000
0.20,CO RFI,Q7o,12,0.02730460,0.00000000
0.20,CO RFI,Q8o,12,0.02931783,0.00000000
0.20,CO RFI,Q9o,12,0.05177581,0.00000000
0.20,CO RFI,QTo,12,0.18886411,0.00000000
0.20,CO RFI,QJo,12,0.86842203,0.00000000
0.20,CO RFI,K2o,12,0.02471393,0.00000000
0.20,CO RFI,K3o,12,0.02874363,0.00000000
0.20,CO RFI,K4o,12,0.03206968,0.00000000
0.20,CO RFI,K5o,12,0.02915261,0.00000000
0.20,CO RFI,K6o,12,0.04283411,0.00000000
0.20,CO RFI,K7o,12,0.06771009,0.00000000
0.20,CO RFI,K8o,12,0.08150557,0.00000000
0.20,CO RFI,K9o,12,0.58685255,0.00000000
0.20,CO RFI,KTo,12,0.92146730,0.00000000
0.20,CO RFI,KJo,12,0.94777894,0.00000000
0.20,CO RFI,KQo,12,0.96326680,0.00000000
0.20,CO RFI,A2o,12,0.52212680,0.00000000
0.20,CO RFI,A3o,12,0.88637670,0.00000000
0.20,CO RFI,A4o,12,0.88924074,0.00000000
0.20,CO RFI,A5o,12,0.90130085,0.00000000
0.20,CO RFI,A6o,12,0.90367060,0.00000000
0.20,CO RFI,A7o,12,0.94315850,0.00000000
0.20,CO RFI,A8o,12,0.95865040,0.00000000
0.20,CO RFI,A9o,12,0.97177390,0.00000000
0.20,CO RFI,ATo,12,0.98525220,0.00000000
0.20,CO RFI,AJo,12,0.99014926,0.00000000
0.20,CO RFI,AQo,12,0.99321204,0.00000000
0.20,CO RFI,AKo,12,0.99511690,0.00000000
0.20,BTN RFI,22,6,0.97728330,0.00000000
0.20,BTN RFI,33,6,0.97865766,0.00000000
0.20,BTN RFI,44,6,0.98319290,0.00000000
0.20,BTN RFI,55,6,0.98608880,0.00000000
0.20,BTN RFI,66,6,0.98902094,0.00000000
0.20,BTN RFI,77,6,0.99010920,0.00000000
0.20,BTN RFI,88,6,0.99190300,0.00000000
0.20,BTN RFI,99,6,0.99358220,0.00000000
0.20,BTN RFI,TT,6,0.99532145,0.00000000
0.20,BTN RFI,JJ,6,0.99565744,0.00000000
0.20,BTN RFI,QQ,6,0.99718994,0.00000000
0.20,BTN RFI,KK,6,0.99812627,0.00000000
0.20,BTN RFI,AA,6,0.99985490,0.00000000
0.20,BTN RFI,32s,4,0.28983334,0.00000000
0.20,BTN RFI,42s,4,0.38260670,0.00000000
0.20,BTN RFI,43s,4,0.83947545,0.00000000
0.20,BTN RFI,52s,4,0.82411605,0.00000000
0.20,BTN RFI,53s,4,0.85660740,0.00000000
0.20,BTN RFI,54s,4,0.91960020,0.00000000
0.20,BTN RFI,62s,4,0.27877292,0.00000000
0.20,BTN RFI,63s,4,0.79930830,0.00000000
0.20,BTN RFI,64s,4,0.90618460,0.00000000
0.20,BTN RFI,65s,4,0.95483810,0.00000000
0.20,BTN RFI,72s,4,0.10079683,0.00000000
0.20,BTN RFI,73s,4,0.70420986,0.00000000
0.20,BTN RFI,74s,4,0.89553450,0.00000000
0.20,BTN RFI,75s,4,0.93633780,0.00000000
0.20,BTN RFI,76s,4,0.96301883,0.00000000
0.20,BTN RFI,82s,4,0.38411537,0.00000000
0.20,BTN RFI,83s,4,0.24394917,0.00000000
0.20,BTN RFI,84s,4,0.75904040,0.00000000
0.20,BTN RFI,85s,4,0.92571884,0.00000000
0.20,BTN RFI,86s,4,0.95146775,0.00000000
0.20,BTN RFI,87s,4,0.96435773,0.00000000
0.20,BTN RFI,92s,4,0.59736930,0.00000000
0.20,BTN RFI,93s,4,0.79109716,0.00000000
0.20,BTN RFI,94s,4,0.75217060,0.00000000
0.20,BTN RFI,95s,4,0.89806090,0.00000000
0.20,BTN RFI,96s,4,0.95416840,0.00000000
0.20,BTN RFI,97s,4,0.96227950,0.00000000
0.20,BTN RFI,98s,4,0.96005976,0.00000000
0.20,BTN RFI,T2s,4,0.88724643,0.00000000
0.20,BTN RFI,T3s,4,0.86120090,0.00000000
0.20,BTN RFI,T4s,4,0.84263420,0.00000000
0.20,BTN RFI,T5s,4,0.91984970,0.00000000
0.20,BTN RFI,T6s,4,0.94906360,0.00000000
0.20,BTN RFI,T7s,4,0.96025660,0.00000000
0.20,BTN RFI,T8s,4,0.97453070,0.00000000
0.20,BTN RFI,T9s,4,0.97785990,0.00000000
0.20,BTN RFI,J2s,4,0.86142360,0.00000000
0.20,BTN RFI,J3s,4,0.93473136,0.00000000
0.20,BTN RFI,J4s,4,0.93521243,0.00000000
0.20,BTN RFI,J5s,4,0.94610554,0.00000000
0.20,BTN RFI,J6s,4,0.95343800,0.00000000
0.20,BTN RFI,J7s,4,0.96403086,0.00000000
0.20,BTN RFI,J8s,4,0.97689390,0.00000000
0.20,BTN RFI,J9s,4,0.98140854,0.00000000
0.20,BTN RFI,JTs,4,0.98250580,0.00000000
0.20,BTN RFI,Q2s,4,0.95323250,0.00000000
0.20,BTN RFI,Q3s,4,0.95472527,0.00000000
0.20,BTN RFI,Q4s,4,0.96383876,0.00000000
0.20,BTN RFI,Q5s,4,0.96615577,0.00000000
0.20,BTN RFI,Q6s,4,0.96949106,0.00000000
0.20,BTN RFI,Q7s,4,0.97008910,0.00000000
0.20,BTN RFI,Q8s,4,0.97254810,0.00000000
0.20,BTN RFI,Q9s,4,0.97949830,0.00000000
0.20,BTN RFI,QTs,4,0.98703694,0.00000000
0.20,BTN RFI,QJs,4,0.98769120,0.00000000
0.20,BTN RFI,K2s,4,0.96057810,0.00000000
0.20,BTN RFI,K3s,4,0.97544060,0.00000000
0.20,BTN RFI,K4s,4,0.97355910,0.00000000
0.20,BTN RFI,K5s,4,0.97966725,0.00000000
0.20,BTN RFI,K6s,4,0.97546610,0.00000000
0.20,BTN RFI,K7s,4,0.98203933,0.00000000
0.20,BTN RFI,K8s,4,0.97841820,0.00000000
0.20,BTN RFI,K9s,4,0.98556710,0.00000000
0.20,BTN RFI,KTs,4,0.98825085,0.00000000
0.20,BTN RFI,KJs,4,0.99084336,0.00000000
0.20,BTN RFI,KQs,4,0.99177710,0.00000000
0.20,BTN RFI,A2s,4,0.98452157,0.00000000
0.20,BTN RFI,A3s,4,0.98398656,0.00000000
0.20,BTN RFI,A4s,4,0.98699750,0.00000000
0.20,BTN RFI,A5s,4,0.98656940,0.00000000
0.20,BTN RFI,A6s,4,0.98731565,0.00000000
0.20,BTN RFI,A7s,4,0.98972290,0.00000000
0.20,BTN RFI,A8s,4,0.98912270,0.00000000
0.20,BTN RFI,A9s,4,0.99125440,0.00000000
0.20,BTN RFI,ATs,4,0.99116620,0.00000000
0.20,BTN RFI,AJs,4,0.99422370,0.00000000
0.20,BTN RFI,AQs,4,0.99425477,0.00000000
0.20,BTN RFI,AKs,4,0.99593467,0.00000000
0.20,BTN RFI,32o,12,0.02097829,0.00000000
0.20,BTN RFI,42o,12,0.02927128,0.00000000
0.20,BTN RFI,43o,12,0.05751443,0.00000000
0.20,BTN RFI,52o,12,0.03945749,0.00000000
0.20,BTN RFI,53o,12,0.05895504,0.00000000
0.20,BTN RFI,54o,12,0.39114207,0.00000000
0.20,BTN RFI,62o,12,0.02701068,0.00000000
0.20,BTN RFI,63o,12,0.05666690,0.00000000
0.20,BTN RFI,64o,12,0.09547195,0.00000000
0.20,BTN RFI,65o,12,0.87235780,0.00000000
0.20,BTN RFI,72o,12,0.02719005,0.00000000
0.20,BTN RFI,73o,12,0.03566518,0.00000000
0.20,BTN RFI,74o,12,0.09218211,0.00000000
0.20,BTN RFI,75o,12,0.74537534,0.00000000
0.20,BTN RFI,76o,12,0.92420834,0.00000000
0.20,BTN RFI,82o,12,0.03366366,0.00000000
0.20,BTN RFI,83o,12,0.03741585,0.00000000
0.20,BTN RFI,84o,12,0.08674862,0.00000000
0.20,BTN RFI,85o,12,0.24563353,0.00000000
0.20,BTN RFI,86o,12,0.90011730,0.00000000
0.20,BTN RFI,87o,12,0.93810940,0.00000000
0.20,BTN RFI,92o,12,0.03668691,0.00000000
0.20,BTN RFI,93o,12,0.04231834,0.00000000
0.20,BTN RFI,94o,12,0.05841813,0.00000000
0.20,BTN RFI,95o,12,0.28040725,0.00000000
0.20,BTN RFI,96o,12,0.78653320,0.00000000
0.20,BTN RFI,97o,12,0.95618886,0.00000000
0.20,BTN RFI,98o,12,0.96335620,0.00000000
0.20,BTN RFI,T2o,12,0.06234951,0.00000000
0.20,BTN RFI,T3o,12,0.07779884,0.00000000
0.20,BTN RFI,T4o,12,0.15641089,0.00000000
0.20,BTN RFI,T5o,12,0.16905148,0.00000000
0.20,BTN RFI,T6o,12,0.84879360,0.00000000
0.20,BTN RFI,T7o,12,0.94320790,0.00000000
0.20,BTN RFI,T8o,12,0.96691513,0.00000000
0.20,BTN RFI,T9o,12,0.97662157,0.00000000
0.20,BTN RFI,J2o,12,0.25227642,0.00000000
0.20,BTN RFI,J3o,12,0.34045422,0.00000000
0.20,BTN RFI,J4o,12,0.81102693,0.00000000
0.20,BTN RFI,J5o,12,0.90413284,0.00000000
0.20,BTN RFI,J6o,12,0.92397090,0.00000000
0.20,BTN RFI,J7o,12,0.95312256,0.00000000
0.20,BTN RFI,J8o,12,0.97201890,0.00000000
0.20,BTN RFI,J9o,12,0.97985065,0.00000000
0.20,BTN RFI,JTo,12,0.98322850,0.00000000
0.20,BTN RFI,Q2o,12,0.92443490,0.00000000
0.20,BTN RFI,Q3o,12,0.94746923,0.00000000
0.20,BTN RFI,Q4o,12,0.94772790,0.00000000
0.20,BTN RFI,Q5o,12,0.96484860,0.00000000
0.20,BTN RFI,Q6o,12,0.95883880,0.00000000
0.20,BTN RFI,Q7o,12,0.97414213,0.00000000
0.20,BTN RFI,Q8o,12,0.97975650,0.00000000
0.20,BTN RFI,Q9o,12,0.98220610,0.00000000
0.20,BTN RFI,QTo,12,0.98771170,0.00000000
0.20,BTN RFI,QJo,12,0.98793180,0.00000000
0.20,BTN RFI,K2o,12,0.97039230,0.00000000
0.20,BTN RFI,K3o,12,0.97541170,0.00000000
0.20,BTN RFI,K4o,12,0.97768366,0.00000000
0.20,BTN RFI,K5o,12,0.98155120,0.00000000
0.20,BTN RFI,K6o,12,0.97880920,0.00000000
0.20,BTN RFI,K7o,12,0.98097306,0.00000000
0.20,BTN RFI,K8o,12,0.98190546,0.00000000
0.20,BTN RFI,K9o,12,0.98707235,0.00000000
0.20,BTN RFI,KTo,12,0.99026495,0.00000000
0.20,BTN RFI,KJo,12,0.99188286,0.00000000
0.20,BTN RFI,KQo,12,0.99315440,0.00000000
0.20,BTN RFI,A2o,12,0.98815763,0.00000000
0.20,BTN RFI,A3o,12,0.98957425,0.00000000
0.20,BTN RFI,A4o,12,0.98931660,0.00000000
0.20,BTN RFI,A5o,12,0.99011070,0.00000000
0.20,BTN RFI,A6o,12,0.98958340,0.00000000
0.20,BTN RFI,A7o,12,0.98994060,0.00000000
0.20,BTN RFI,A8o,12,0.99101450,0.00000000
0.20,BTN RFI,A9o,12,0.99225396,0.00000000
0.20,BTN RFI,ATo,12,0.99360764,0.00000000
0.20,BTN RFI,AJo,12,0.99505130,0.00000000
0.20,BTN RFI,AQo,12,0.99645260,0.00000000
0.20,BTN RFI,AKo,12,0.99759060,0.00000000
0.20,SB RFI,22,6,0.03152436,0.93662370
0.20,SB RFI,33,6,0.04107838,0.93798566
0.20,SB RFI,44,6,0.05527344,0.93337655
0.20,SB RFI,55,6,0.11512883,0.87115110
0.20,SB RFI,66,6,0.48287943,0.48808607
0.20,SB RFI,77,6,0.72087103,0.24878484
0.20,SB RFI,88,6,0.81432210,0.16429628
0.20,SB RFI,99,6,0.76202756,0.22097252
0.20,SB RFI,TT,6,0.77498750,0.21743181
0.20,SB RFI,JJ,6,0.86294090,0.13111816
0.20,SB RFI,QQ,6,0.84130526,0.15512799
0.20,SB RFI,KK,6,0.76979727,0.22940521
0.20,SB RFI,AA,6,0.55993664,0.44005534
0.20,SB RFI,32s,4,0.01998654,0.01259212
0.20,SB RFI,42s,4,0.01625858,0.01015782
0.20,SB RFI,43s,4,0.02509798,0.02841796
0.20,SB RFI,52s,4,0.02349630,0.02083967
0.20,SB RFI,53s,4,0.02263359,0.03742721
0.20,SB RFI,54s,4,0.02618087,0.09274055
0.20,SB RFI,62s,4,0.02050175,0.02204377
0.20,SB RFI,63s,4,0.03037286,0.03363021
0.20,SB RFI,64s,4,0.02941620,0.06516686
0.20,SB RFI,65s,4,0.03086586,0.34987104
0.20,SB RFI,72s,4,0.02052579,0.01815450
0.20,SB RFI,73s,4,0.02446530,0.02806123
0.20,SB RFI,74s,4,0.02867958,0.08245075
0.20,SB RFI,75s,4,0.02851801,0.39195073
0.20,SB RFI,76s,4,0.04686513,0.72772735
0.20,SB RFI,82s,4,0.02211710,0.03283435
0.20,SB RFI,83s,4,0.02476694,0.05116466
0.20,SB RFI,84s,4,0.03015720,0.11983279
0.20,SB RFI,85s,4,0.02848912,0.63066870
0.20,SB RFI,86s,4,0.03695663,0.81053716
0.20,SB RFI,87s,4,0.04641402,0.90286150
0.20,SB RFI,92s,4,0.02246646,0.08930186
0.20,SB RFI,93s,4,0.03411786,0.14477530
0.20,SB RFI,94s,4,0.02318473,0.71586937
0.20,SB RFI,95s,4,0.03208842,0.79478730
0.20,SB RFI,96s,4,0.02919163,0.83498085
0.20,SB RFI,97s,4,0.05379775,0.88462700
0.20,SB RFI,98s,4,0.05137718,0.91565377
0.20,SB RFI,T2s,4,0.04142407,0.44760168
0.20,SB RFI,T3s,4,0.02285286,0.48329896
0.20,SB RFI,T4s,4,0.05226328,0.79288350
0.20,SB RFI,T5s,4,0.03554644,0.90653753
0.20,SB RFI,T6s,4,0.03699488,0.92149900
0.20,SB RFI,T7s,4,0.04947229,0.91055036
0.20,SB RFI,T8s,4,0.05351783,0.91596407
0.20,SB RFI,T9s,4,0.08033966,0.89623046
0.20,SB RFI,J2s,4,0.05267686,0.87097060
0.20,SB RFI,J3s,4,0.04339845,0.85347170
0.20,SB RFI,J4s,4,0.03426009,0.91428380
0.20,SB RFI,J5s,4,0.04776307,0.90531970
0.20,SB RFI,J6s,4,0.05247208,0.92462040
0.20,SB RFI,J7s,4,0.07019363,0.89443165
0.20,SB RFI,J8s,4,0.06294386,0.91829250
0.20,SB RFI,J9s,4,0.06636354,0.91938657
0.20,SB RFI,JTs,4,0.08438943,0.90370960
0.20,SB RFI,Q2s,4,0.06486516,0.87853540
0.20,SB RFI,Q3s,4,0.06748044,0.89460550
0.20,SB RFI,Q4s,4,0.07330583,0.89200980
0.20,SB RFI,Q5s,4,0.05374761,0.92169080
0.20,SB RFI,Q6s,4,0.06443728,0.91786130
0.20,SB RFI,Q7s,4,0.08596025,0.88809050
0.20,SB RFI,Q8s,4,0.11807028,0.86387740
0.20,SB RFI,Q9s,4,0.26788880,0.71347610
0.20,SB RFI,QTs,4,0.40818202,0.56674576
0.20,SB RFI,QJs,4,0.64225096,0.33928870
0.20,SB RFI,K2s,4,0.08585842,0.89121400
0.20,SB RFI,K3s,4,0.13114102,0.85214180
0.20,SB RFI,K4s,4,0.07584281,0.90238790
0.20,SB RFI,K5s,4,0.09609605,0.89343790
0.20,SB RFI,K6s,4,0.16801675,0.81753070
0.20,SB RFI,K7s,4,0.12375998,0.86264133
0.20,SB RFI,K8s,4,0.22567150,0.75765634
0.20,SB RFI,K9s,4,0.17090648,0.81711710
0.20,SB RFI,KTs,4,0.17817347,0.80965275
0.20,SB RFI,KJs,4,0.84675250,0.12714922
0.20,SB RFI,KQs,4,0.76333520,0.21384609
0.20,SB RFI,A2s,4,0.11680368,0.87335570
0.20,SB RFI,A3s,4,0.18565781,0.79810100
0.20,SB RFI,A4s,4,0.52501010,0.45987996
0.20,SB RFI,A5s,4,0.61671800,0.36212686
0.20,SB RFI,A6s,4,0.25726340,0.72441950
0.20,SB RFI,A7s,4,0.48878247,0.48458725
0.20,SB RFI,A8s,4,0.81445396,0.16552131
0.20,SB RFI,A9s,4,0.68569240,0.29455912
0.20,SB RFI,ATs,4,0.43977508,0.54315790
0.20,SB RFI,AJs,4,0.46174490,0.52638160
0.20,SB RFI,AQs,4,0.72891650,0.26199618
0.20,SB RFI,AKs,4,0.66399074,0.33137900
0.20,SB RFI,32o,12,0.00997194,0.00451979
0.20,SB RFI,42o,12,0.01051378,0.00562000
0.20,SB RFI,43o,12,0.01088666,0.00649912
0.20,SB RFI,52o,12,0.01089141,0.00638998
0.20,SB RFI,53o,12,0.01600223,0.00811176
0.20,SB RFI,54o,12,0.01439520,0.01314751
0.20,SB RFI,62o,12,0.01161029,0.00700228
0.20,SB RFI,63o,12,0.01160997,0.00952413
0.20,SB RFI,64o,12,0.01386797,0.01529599
0.20,SB RFI,65o,12,0.01332918,0.02138172
0.20,SB RFI,72o,12,0.01309436,0.00946703
0.20,SB RFI,73o,12,0.01409374,0.01306754
0.20,SB RFI,74o,12,0.01429774,0.01950864
0.20,SB RFI,75o,12,0.01678101,0.03293910
0.20,SB RFI,76o,12,0.01581791,0.25436830
0.20,SB RFI,82o,12,0.01250987,0.01227728
0.20,SB RFI,83o,12,0.01330531,0.02122804
0.20,SB RFI,84o,12,0.01537022,0.03094536
0.20,SB RFI,85o,12,0.01815450,0.03196934
0.20,SB RFI,86o,12,0.01656854,0.30500072
0.20,SB RFI,87o,12,0.02005998,0.87373626
0.20,SB RFI,92o,12,0.01549657,0.03433766
0.20,SB RFI,93o,12,0.01516862,0.03966123
0.20,SB RFI,94o,12,0.01657968,0.03776283
0.20,SB RFI,95o,12,0.01679501,0.21350990
0.20,SB RFI,96o,12,0.01694218,0.74338690
0.20,SB RFI,97o,12,0.01699315,0.93189776
0.20,SB RFI,98o,12,0.02525273,0.94156590
0.20,SB RFI,T2o,12,0.01707181,0.08407907
0.20,SB RFI,T3o,12,0.01468645,0.39800110
0.20,SB RFI,T4o,12,0.01446845,0.72644140
0.20,SB RFI,T5o,12,0.01833460,0.88180494
0.20,SB RFI,T6o,12,0.01880863,0.92882310
0.20,SB RFI,T7o,12,0.02360319,0.95277490
0.20,SB RFI,T8o,12,0.03145751,0.94942130
0.20,SB RFI,T9o,12,0.02436460,0.96115476
0.20,SB RFI,J2o,12,0.01739865,0.86032766
0.20,SB RFI,J3o,12,0.02478259,0.90730610
0.20,SB RFI,J4o,12,0.01958943,0.93116110
0.20,SB RFI,J5o,12,0.02489434,0.93062380
0.20,SB RFI,J6o,12,0.02894848,0.93258667
0.20,SB RFI,J7o,12,0.03545458,0.94551736
0.20,SB RFI,J8o,12,0.03918104,0.94800395
0.20,SB RFI,J9o,12,0.03941716,0.94975950
0.20,SB RFI,JTo,12,0.05893658,0.93364920
0.20,SB RFI,Q2o,12,0.02276445,0.94826350
0.20,SB RFI,Q3o,12,0.03483064,0.94178040
0.20,SB RFI,Q4o,12,0.02677116,0.95541483
0.20,SB RFI,Q5o,12,0.02615109,0.95479226
0.20,SB RFI,Q6o,12,0.05103544,0.93534740
0.20,SB RFI,Q7o,12,0.05427106,0.92978240
0.20,SB RFI,Q8o,12,0.04294885,0.94670254
0.20,SB RFI,Q9o,12,0.08010250,0.91303300
0.20,SB RFI,QTo,12,0.20564530,0.78860760
0.20,SB RFI,QJo,12,0.13817695,0.85396230
0.20,SB RFI,K2o,12,0.03364647,0.95360740
0.20,SB RFI,K3o,12,0.03651937,0.95102260
0.20,SB RFI,K4o,12,0.04448405,0.94432485
0.20,SB RFI,K5o,12,0.04261250,0.94757820
0.20,SB RFI,K6o,12,0.06158640,0.92870800
0.20,SB RFI,K7o,12,0.09011130,0.90187030
0.20,SB RFI,K8o,12,0.07391940,0.91948770
0.20,SB RFI,K9o,12,0.08744923,0.90746230
0.20,SB RFI,KTo,12,0.24819225,0.74564340
0.20,SB RFI,KJo,12,0.38956022,0.60401930
0.20,SB RFI,KQo,12,0.82560050,0.16215786
0.20,SB RFI,A2o,12,0.06928083,0.92473190
0.20,SB RFI,A3o,12,0.08930597,0.90518117
0.20,SB RFI,A4o,12,0.09071229,0.90420690
0.20,SB RFI,A5o,12,0.21099775,0.78268050
0.20,SB RFI,A6o,12,0.06314313,0.93229604
0.20,SB RFI,A7o,12,0.07574763,0.91964793
0.20,SB RFI,A8o,12,0.12238406,0.87189810
0.20,SB RFI,A9o,12,0.66233070,0.32321805
0.20,SB RFI,ATo,12,0.46981668,0.51897997
0.20,SB RFI,AJo,12,0.67081110,0.31925514
0.20,SB RFI,AQo,12,0.44963902,0.54471725
0.20,SB RFI,AKo,12,0.56167490,0.43416542
